{"structural": {"Nose_SizeY": 0.44, "Torso_Vshape": 0.44, "Jaw_LocY": 0.47, "Torso_AureolaSize": 0.44, "Legs_LowerlegsTone": 0.38, "Forehead_SizeZ": 0.53, "Nose_Curve": 0.47, "Pelvis_GluteusSize": 0.35, "Legs_LowerlegsMass": 0.44, "Jaw_Prominence": 0.06, "Arms_UpperarmMass": 0.47, "Eyes_Size": 0.62, "Mouth_SizeX": 0.41, "Pelvis_GluteusMass": 0.32, "Mouth_UpperlipVolume": 0.62, "Nose_BasePosZ": 0.59, "Chin_Prominence": 0.41, "Cheeks_Mass": 0.56, "Arms_UpperarmSize": 0.44, "Nose_TipAngle": 0.56, "Chin_SizeZ": 0.44, "Eyes_PosX": 0.44, "Mouth_PosZ": 0.62, "Feet_Size": 0.53, "Ears_SizeX": 0.56, "Ears_SizeY": 0.56, "Ears_SizeZ": 0.56, "Torso_BreastMass": 0.35, "Body_Size": 0.4, "Head_Size": 0.62, "Arms_UpperarmTone": 0.44, "Legs_UpperlegsTone": 0.35, "Face_Ellipsoid": 0.47, "Hands_Size": 0.56, "Nose_BaseSizeX": 0.44, "Pelvis_SizeX": 0.44, "Neck_Mass": 0.38, "Nose_SeptumFlat": 0.59}}