{"structural": {"Shoulders_Tone": 0.24, "Stomach_Volume": 0.59, "Chin_Tone": 0.29, "Torso_ToracicCurve": 1.0, "Arms_ForearmLength": 0.65, "Shoulders_Mass": 0.08, "Arms_ForearmSize": 0.2, "Shoulders_PosZ": 0.14, "Neck_Length": 0.41, "Head_Triangular": 0.65, "Torso_Vshape": 0.38, "Legs_UpperlegsTone": 0.35, "Head_Size": 0.59, "Feet_Size": 0.62, "Torso_SizeY": 0.29, "Torso_Mass": 0.44, "Arms_UpperarmMass": 0.38, "Arms_UpperarmSize": 0.17, "Neck_Tone": 0.35, "Arms_UpperarmTone": 0.35, "Hands_FingersInterDist": 0.38, "Torso_Tone": 0.38, "Forehead_SizeZ": 0.62, "Hands_Mass": 0.14, "Pelvis_SizeX": 0.62, "Neck_Mass": 0.23, "Arms_UpperarmLength": 0.59, "Neck_Angle": 0.29, "Forehead_SizeY": 0.59, "Hands_FingersLength": 1.0, "Feet_Mass": 0.23, "Neck_Size": 0.35}}