{"structural": {"Legs_LowerlegsMass": 0.53, "Pelvis_SizeY": 0.8, "Legs_UpperlegsMass": 0.62, "Neck_Length": 0.08, "Legs_UpperlegLength": 0.05, "Arms_ForearmTone": 0.23, "Arms_ForearmLength": 0.2, "Torso_Vshape": 0.26, "Pelvis_GluteusMass": 0.71, "Legs_UpperlegsTone": 0.38, "Head_Size": 0.47, "Arms_ForearmMass": 0.74, "Torso_Mass": 0.8, "Arms_UpperarmMass": 0.77, "Neck_Tone": 0.47, "Hands_Size": 0.32, "Arms_UpperarmTone": 0.26, "Torso_Tone": 0.17, "Hands_Mass": 1.0, "Feet_Mass": 0.74, "Neck_Mass": 0.74, "Arms_UpperarmLength": 0.44, "Feet_Size": 0.29, "Hands_FingersLength": 0.11, "Pelvis_SizeX": 0.86}}