{"structural": {"Legs_LowerlegsMass": 0.17, "Shoulders_Tone": 0.24, "Torso_Length": 0.71, "Legs_UpperlegsMass": 0.23, "Chin_Tone": 0.29, "Torso_ToracicCurve": 1.0, "Arms_ForearmLength": 0.65, "Legs_UpperlegSize": 0.44, "Legs_UpperlegLength": 0.65, "Shoulders_PosZ": 0.14, "Head_Triangular": 0.65, "Torso_Vshape": 0.38, "Shoulders_Mass": 0.08, "Legs_UpperlegsTone": 0.23, "Head_Size": 0.59, "Feet_Size": 0.62, "Torso_Mass": 0.44, "Arms_UpperarmMass": 0.38, "Arms_UpperarmSize": 0.17, "Neck_Tone": 0.35, "Pelvis_SizeY": 0.02, "Arms_UpperarmTone": 0.35, "Hands_FingersInterDist": 0.38, "Neck_Length": 0.56, "Legs_LowerlegsTone": 0.32, "Neck_Size": 0.35, "Forehead_SizeZ": 0.62, "Hands_Mass": 0.14, "Torso_SizeY": 0.29, "Arms_ForearmSize": 0.2, "Neck_Mass": 0.23, "Torso_Tone": 0.38, "Arms_UpperarmLength": 0.59, "Neck_Angle": 0.29, "Legs_UpperlegInCurve": 0.74, "Forehead_SizeY": 0.59, "Hands_FingersLength": 1.0, "Stomach_Volume": 0.59, "Feet_Mass": 0.23, "Legs_LowerlegLength": 0.54}}