{"structural": {"Arms_UpperarmTone": 0.38, "Legs_UpperlegLength": 0.65, "Pelvis_SizeY": 0.02, "Waist_Size": 0.29, "Shoulders_Tone": 0.24, "Torso_SizeX": 0.56, "Legs_LowerlegsTone": 0.32, "Feet_Size": 0.62, "Arms_ForearmSize": 0.59, "Legs_LowerlegLength": 0.54, "Forehead_SizeZ": 0.62, "Legs_UpperlegsTone": 0.23, "Shoulders_Mass": 0.2, "Legs_UpperlegInCurve": 0.65, "Torso_Length": 0.71, "Legs_UpperlegSize": 0.44, "Hands_FingersInterDist": 0.38, "Torso_Mass": 0.8, "Hands_FingersLength": 1.0, "Arms_UpperarmMass": 0.53, "Torso_Tone": 0.53, "Arms_UpperarmSize": 0.56, "Pelvis_GluteusMass": 0.65, "Arms_UpperarmLength": 0.59, "Arms_ForearmLength": 0.65, "Chin_Tone": 0.29, "Torso_ToracicCurve": 1.0, "Legs_UpperlegsMass": 0.59, "Feet_Mass": 0.23, "Hands_Mass": 0.14, "Shoulders_PosZ": 0.56}}