{"structural": {"Torso_BreastPosX": 0.575, "Torso_BreastMass": 0.575, "Arms_ForearmLength": 0.65, "Feet_Size": 0.82, "Body_Size": 1.0, "Torso_BreastTone": 0.605, "Legs_UpperlegInCurve": 0.32, "Hands_Size": 0.83, "Legs_UpperlegsTone": 0.9572, "Waist_Size": 0.2975, "Legs_LowerlegsTone": 0.975, "Head_Size": 0.32, "Torso_Vshape": 0.65, "Arms_UpperarmLength": 0.86, "Neck_Collarbone": 0.725, "Neck_Tone": 0.9572, "Arms_ForearmMass": 0.9375, "Arms_ForearmTone": 0.9628, "Torso_Length": 0.74, "Arms_UpperarmTone": 0.9544, "Torso_Tone": 0.9656, "Shoulders_PosZ": 0.545, "Shoulders_Mass": 0.9459, "Legs_UpperlegsMass": 0.9375, "Torso_Dorsi": 0.6125, "Arms_UpperarmMass": 0.9459, "Torso_SizeY": 0.6575, "Shoulders_Tone": 0.9375, "Legs_LowerlegsMass": 0.9459, "Legs_UpperlegLength": 0.575, "Neck_Length": 0.62, "Pelvis_GluteusTone": 0.9516, "Torso_Mass": 0.9375, "Neck_Mass": 0.9375, "Pelvis_GluteusMass": 0.9675, "Legs_LowerlegLength": 0.695}}