{"materialproperties": {"skin_complexion": 0, "skin_saturation": 1, "skin_sss": 1, "skin_oil": 1, "skin_subderm": 0, "eyes_value": 1, "eyes_saturation": 1, "eyes_hue": 0, "skin_bump": 0}, "proportions": {"buttock_height_Z": 0.1157, "upperleg_top_girth": 0.2628, "wrist_girth": 0.085, "body_height_Z": 1.0, "upperleg_length": 0.2046, "feet_length": 0.1432, "chest_depth_Y": 0.1812, "head_height_Z": 0.1282, "buttock_girth": 0.6136, "shoulders_width": 0.1769, "forearm_length": 0.1453, "elbow_girth": 0.1363, "lowerleg_length": 0.2429, "neck_girth": 0.1469, "chest_width_X": 0.1891, "feet_height_Z": 0.0431, "buttock_width_X": 0.1955, "hands_length": 0.1095, "head_width_X": 0.0824, "buttock_depth_Y": 0.1582, "lowerleg_bottom_girth": 0.1149, "hands_width": 0.0472, "upperleg_bottom_girth": 0.1794, "upperarm_length": 0.1814, "chest_girth": 0.6852, "feet_heel_width": 0.0332, "upperarm_axillary_girth": 0.1893, "waist_girth": 0.789, "torso_height_Z": 0.2457, "feet_width": 0.0542, "neck_height_Z": 0.0317, "lowerleg_calf_girth": 0.1709, "head_length": 0.1153}, "metaproperties": {"last_character_mass": 0.0, "last_character_tone": -1.0, "character_age": 0.0, "character_tone": -1.0, "character_mass": 0.0, "last_character_age": 0.0}, "manuellab_vers": [1, 3, 0], "structural": {"Pelvis_GluteusMass": 0.02, "Arms_ForearmTone": -1.0, "Neck_Tone": -1.0, "Arms_ForearmMass": 0.0, "Torso_Mass": 1.0, "Arms_UpperarmTone": -1.0, "Shoulders_Tone": -1.0, "Arms_UpperarmMass": 0.0, "Pelvis_GluteusTone": -1.0, "Legs_UpperlegsMass": 0.0, "Torso_Tone": 0.0, "Waist_Size": 0.49, "Neck_Mass": 0.0, "Shoulders_Mass": 0.0, "Torso_BreastTone": 0.7, "Cheeks_Mass": 0.0, "Legs_UpperlegsTone": -1.0, "Legs_LowerlegsMass": 0.0, "Wrists_Size": 0.45, "Legs_LowerlegsTone": -1.0}}