{"materialproperties": {"skin_complexion": 0, "skin_saturation": 1, "skin_sss": 1, "skin_oil": 1, "skin_subderm": 0, "eyes_value": 1, "eyes_saturation": 1, "eyes_hue": 0, "skin_bump": 0}, "proportions": {"buttock_height_Z": 0.1338, "upperleg_top_girth": 0.2517, "wrist_girth": 0.0817, "body_height_Z": 1.0, "upperleg_length": 0.2071, "feet_length": 0.1491, "chest_depth_Y": 0.0935, "head_height_Z": 0.1362, "buttock_girth": 0.4829, "shoulders_width": 0.1652, "forearm_length": 0.1542, "elbow_girth": 0.1347, "lowerleg_length": 0.24, "neck_girth": 0.1293, "chest_width_X": 0.1396, "feet_height_Z": 0.0449, "buttock_width_X": 0.1838, "hands_length": 0.1192, "head_width_X": 0.0848, "buttock_depth_Y": 0.1014, "lowerleg_bottom_girth": 0.1176, "hands_width": 0.0453, "upperleg_bottom_girth": 0.1787, "upperarm_length": 0.1878, "chest_girth": 0.4212, "feet_heel_width": 0.0346, "upperarm_axillary_girth": 0.1632, "waist_girth": 0.292, "torso_height_Z": 0.207, "feet_width": 0.0564, "neck_height_Z": 0.0422, "lowerleg_calf_girth": 0.1702, "head_length": 0.1188}, "metaproperties": {"last_character_mass": -1.0, "last_character_tone": -1.0, "character_age": 0.0, "character_tone": -1.0, "character_mass": -1.0, "last_character_age": 0.0}, "manuellab_vers": [1, 3, 0], "structural": {"Neck_Size": 0.35, "Torso_Tone": -0.62, "Arms_ForearmMass": -0.5, "Torso_Mass": -0.56, "Hands_FingersLength": 1.0, "Chin_Tone": 0.29, "Neck_Length": 0.41, "Pelvis_GluteusTone": -0.5, "Neck_Tone": -0.65, "Torso_Vshape": 0.38, "Neck_Mass": -0.68, "Feet_Size": 0.62, "Shoulders_Mass": -0.92, "Torso_BreastTone": 0.7, "Feet_Mass": -0.77, "Neck_Angle": 0.29, "Arms_UpperarmMass": -0.62, "Arms_UpperarmLength": 0.59, "Stomach_Volume": 0.57, "Arms_UpperarmSize": 0.47, "Stomach_LocalFat": 0.45, "Pelvis_GluteusMass": -0.5, "Cheeks_Mass": -0.5, "Arms_ForearmSize": 0.44, "Pelvis_SizeX": 0.62, "Legs_LowerlegsTone": -0.5, "Shoulders_Tone": -0.76, "Arms_ForearmLength": 0.65, "Forehead_SizeZ": 0.62, "Arms_ForearmTone": -0.5, "Torso_SizeY": 0.29, "Hands_FingersInterDist": 0.38, "Hands_Mass": -0.86, "Waist_Size": 0.48, "Head_Size": 0.59, "Arms_UpperarmTone": -0.65, "Torso_BreastMass": 0.0, "Legs_UpperlegsMass": -0.5, "Legs_UpperlegsTone": -0.65, "Shoulders_PosZ": 0.14, "Torso_ToracicCurve": 1.0, "Wrists_Size": 0.4, "Legs_LowerlegsMass": -0.5}}