{"materialproperties": {"skin_complexion": 0, "skin_oil": 1, "eyes_value": 1, "skin_subderm": 0, "skin_bump": 0, "eyes_hue": 0, "skin_sss": 0, "eyes_saturation": 1, "skin_saturation": 1}, "metaproperties": {"last_character_tone": 0.0, "character_mass": 0.0, "last_character_mass": 0.0, "character_tone": 0.0, "character_age": 0.0, "last_character_age": 0.0}, "structural": {"Waist_Size": 0.0, "Pelvis_SizeX": 0.59, "Torso_Mass": 0.62, "Shoulders_Length": 0.8, "Torso_BreastMass": 0.68, "Stomach_LocalFat": 0.74, "Pelvis_GluteusSize": 0.74}, "proportions": {}, "manuellab_vers": [1, 3, 0]}