{"materialproperties": {"skin_complexion": 0, "skin_saturation": 1, "skin_sss": 0, "skin_oil": 1, "skin_subderm": 0, "eyes_value": 1, "eyes_saturation": 1, "eyes_hue": 0, "skin_bump": 0}, "proportions": {"buttock_height_Z": 0.1563, "upperleg_top_girth": 0.4279, "wrist_girth": 0.0916, "body_height_Z": 1.0, "upperleg_length": 0.1808, "feet_length": 0.1451, "chest_depth_Y": 0.1902, "head_height_Z": 0.1375, "buttock_girth": 0.7348, "shoulders_width": 0.1669, "forearm_length": 0.1495, "elbow_girth": 0.1838, "lowerleg_length": 0.2335, "neck_girth": 0.2314, "chest_width_X": 0.1695, "feet_height_Z": 0.0427, "buttock_width_X": 0.2582, "hands_length": 0.1112, "head_width_X": 0.0863, "buttock_depth_Y": 0.1734, "lowerleg_bottom_girth": 0.1434, "hands_width": 0.0505, "upperleg_bottom_girth": 0.2901, "upperarm_length": 0.1861, "chest_girth": 0.7158, "feet_heel_width": 0.0351, "upperarm_axillary_girth": 0.2783, "waist_girth": 0.5906, "torso_height_Z": 0.2379, "feet_width": 0.0564, "neck_height_Z": 0.0245, "lowerleg_calf_girth": 0.2553, "head_length": 0.1209}, "metaproperties": {"last_character_mass": 0.5, "last_character_tone": 0.0, "character_age": 0.0, "character_tone": 0.0, "character_mass": 0.5, "last_character_age": 0.0}, "manuellab_vers": [1, 3, 0], "structural": {"Stomach_LocalFat": 0.51, "Pelvis_GluteusMass": 1.0, "Feet_Mass": 1.0, "Cheeks_Mass": 1.0, "Arms_ForearmMass": 1.0, "Torso_Mass": 1.0, "Legs_UpperlegLength": 0.32, "Legs_LowerlegsMass": 1.0, "Arms_UpperarmMass": 1.0, "Stomach_Volume": 0.51, "Hands_Mass": 1.0, "Torso_Vshape": 0.32, "Neck_Mass": 1.0, "Legs_KneeSize": 0.6, "Shoulders_Mass": 1.0, "Legs_UpperlegsMass": 1.0, "Waist_Size": 0.6, "Torso_BreastMass": 0.75, "Wrists_Size": 0.55, "Legs_LowerlegLength": 0.39, "Head_Size": 0.59}}