{"materialproperties": {"skin_complexion": 0, "skin_oil": 1, "eyes_value": 1, "skin_subderm": 0, "skin_bump": 0, "eyes_hue": 0, "skin_sss": 1, "eyes_saturation": 1, "skin_saturation": 1}, "metaproperties": {"last_character_tone": 0.0, "character_mass": 0.0, "last_character_mass": 0.0, "character_tone": 0.0, "character_age": 0.0, "last_character_age": 0.0}, "structural": {"Hands_FingersInterDist": 0.38, "Pelvis_SizeX": 0.62, "Forehead_SizeZ": 0.62, "Neck_Mass": 0.32, "Arms_UpperarmSize": 0.47, "Legs_UpperlegsTone": 0.35, "Torso_Vshape": 0.38, "Neck_Size": 0.35, "Arms_UpperarmLength": 0.59, "Neck_Angle": 0.29, "Torso_SizeY": 0.29, "Arms_UpperarmMass": 0.38, "Feet_Mass": 0.23, "Torso_Mass": 0.44, "Feet_Size": 0.62, "Arms_UpperarmTone": 0.35, "Shoulders_Tone": 0.24, "Torso_ToracicCurve": 1.0, "Hands_FingersLength": 1.0, "Stomach_Volume": 0.59, "Neck_Tone": 0.35, "Shoulders_PosZ": 0.14, "Head_Size": 0.59, "Arms_ForearmLength": 0.65, "Arms_ForearmSize": 0.44, "Neck_Length": 0.41, "Chin_Tone": 0.29, "Hands_Mass": 0.14, "Shoulders_Mass": 0.08, "Torso_Tone": 0.38}, "proportions": {}, "manuellab_vers": [1, 3, 0]}