{"materialproperties": {"skin_complexion": 0, "skin_saturation": 1, "skin_sss": 0, "skin_oil": 1, "skin_subderm": 0, "eyes_value": 1, "eyes_saturation": 1, "eyes_hue": 0, "skin_bump": 0}, "proportions": {"buttock_height_Z": 0.1689, "upperleg_top_girth": 0.4858, "wrist_girth": 0.0895, "body_height_Z": 1.0, "upperleg_length": 0.1634, "feet_length": 0.1451, "chest_depth_Y": 0.1992, "head_height_Z": 0.1407, "buttock_girth": 0.9196, "shoulders_width": 0.1706, "forearm_length": 0.1447, "elbow_girth": 0.1841, "lowerleg_length": 0.2263, "neck_girth": 0.2637, "chest_width_X": 0.1881, "feet_height_Z": 0.0416, "buttock_width_X": 0.3115, "hands_length": 0.1111, "head_width_X": 0.0863, "buttock_depth_Y": 0.2265, "lowerleg_bottom_girth": 0.165, "hands_width": 0.0505, "upperleg_bottom_girth": 0.3194, "upperarm_length": 0.1942, "chest_girth": 0.7271, "feet_heel_width": 0.0354, "upperarm_axillary_girth": 0.3035, "waist_girth": 0.823, "torso_height_Z": 0.2609, "feet_width": 0.0564, "neck_height_Z": 0.0139, "lowerleg_calf_girth": 0.2713, "head_length": 0.1209}, "metaproperties": {"last_character_mass": 0.5, "last_character_tone": -0.5, "character_age": 0.0, "character_tone": -0.5, "character_mass": 0.5, "last_character_age": 0.0}, "manuellab_vers": [1, 3, 0], "structural": {"Legs_LowerlegsMass": 1.0, "Torso_Tone": 0.0, "Arms_ForearmMass": 1.0, "Torso_Mass": 1.0, "Legs_UpperlegLength": 0.32, "Pelvis_GluteusTone": 0.0, "Neck_Tone": 0.0, "Torso_Vshape": 0.32, "Neck_Mass": 1.0, "Legs_KneeSize": 0.6, "Shoulders_Mass": 1.0, "Torso_BreastTone": 0.6, "Feet_Mass": 1.0, "Arms_UpperarmMass": 1.0, "Stomach_Volume": 0.51, "Arms_UpperarmTone": 0.0, "Stomach_LocalFat": 0.51, "Pelvis_GluteusMass": 1.0, "Cheeks_Mass": 1.0, "Shoulders_Tone": 0.0, "Arms_ForearmTone": 0.0, "Hands_Mass": 1.0, "Waist_Size": 0.595, "Head_Size": 0.59, "Torso_BreastMass": 0.75, "Legs_UpperlegsMass": 1.0, "Legs_UpperlegsTone": 0.0, "Wrists_Size": 0.525, "Legs_LowerlegLength": 0.39, "Legs_LowerlegsTone": 0.0}}