{"materialproperties": {"skin_complexion": 0, "skin_saturation": 1, "skin_sss": 1, "skin_oil": 1, "skin_subderm": 0, "eyes_value": 1, "eyes_saturation": 1, "eyes_hue": 0, "skin_bump": 0}, "proportions": {"buttock_height_Z": 0.1415, "upperleg_top_girth": 0.4269, "wrist_girth": 0.0921, "body_height_Z": 1.0, "upperleg_length": 0.1882, "feet_length": 0.1432, "chest_depth_Y": 0.214, "head_height_Z": 0.1314, "buttock_girth": 0.7937, "shoulders_width": 0.19, "forearm_length": 0.1475, "elbow_girth": 0.1814, "lowerleg_length": 0.2364, "neck_girth": 0.232, "chest_width_X": 0.1995, "feet_height_Z": 0.0407, "buttock_width_X": 0.2622, "hands_length": 0.1097, "head_width_X": 0.0824, "buttock_depth_Y": 0.2007, "lowerleg_bottom_girth": 0.1724, "hands_width": 0.0499, "upperleg_bottom_girth": 0.2879, "upperarm_length": 0.1869, "chest_girth": 0.7867, "feet_heel_width": 0.035, "upperarm_axillary_girth": 0.2862, "waist_girth": 0.8261, "torso_height_Z": 0.2521, "feet_width": 0.0557, "neck_height_Z": 0.0219, "lowerleg_calf_girth": 0.2519, "head_length": 0.1153}, "metaproperties": {"last_character_mass": 1.0, "last_character_tone": 0.0, "character_age": 0.0, "character_tone": 0.0, "character_mass": 1.0, "last_character_age": 0.0}, "manuellab_vers": [1, 3, 0], "structural": {"Stomach_LocalFat": 0.52, "Pelvis_GluteusMass": 1.5, "Feet_Mass": 1.5, "Torso_Tone": 0.0, "Arms_ForearmMass": 1.5, "Torso_Mass": 1.0, "Waist_Size": 0.7, "Torso_BreastMass": 1.0, "Legs_AnkleSize": 0.9, "Arms_UpperarmMass": 1.5, "Stomach_Volume": 0.52, "Hands_Mass": 1.5, "Torso_Vshape": 0.86, "Neck_Mass": 1.5, "Legs_KneeSize": 0.7, "Shoulders_Mass": 1.5, "Legs_UpperlegsMass": 1.5, "Cheeks_Mass": 1.5, "Legs_LowerlegsMass": 1.5, "Wrists_Size": 0.6}}