{"materialproperties": {"skin_complexion": 0, "skin_saturation": 1, "skin_sss": 0, "skin_oil": 1, "skin_subderm": 0, "eyes_value": 1, "eyes_saturation": 1, "eyes_hue": 0, "skin_bump": 0}, "proportions": {"buttock_height_Z": 0.1408, "upperleg_top_girth": 0.2958, "wrist_girth": 0.0863, "body_height_Z": 1.0, "upperleg_length": 0.2074, "feet_length": 0.1432, "chest_depth_Y": 0.1156, "head_height_Z": 0.1282, "buttock_girth": 0.5085, "shoulders_width": 0.1869, "forearm_length": 0.1459, "elbow_girth": 0.1454, "lowerleg_length": 0.243, "neck_girth": 0.1699, "chest_width_X": 0.1566, "feet_height_Z": 0.0431, "buttock_width_X": 0.1683, "hands_length": 0.1096, "head_width_X": 0.0824, "buttock_depth_Y": 0.1205, "lowerleg_bottom_girth": 0.1149, "hands_width": 0.0472, "upperleg_bottom_girth": 0.1956, "upperarm_length": 0.182, "chest_girth": 0.524, "feet_heel_width": 0.0332, "upperarm_axillary_girth": 0.1865, "waist_girth": 0.3564, "torso_height_Z": 0.2218, "feet_width": 0.0542, "neck_height_Z": 0.0258, "lowerleg_calf_girth": 0.2005, "head_length": 0.1153}, "metaproperties": {"last_character_mass": 0.0, "last_character_tone": 0.0, "character_age": 0.0, "character_tone": 0.0, "character_mass": 0.0, "last_character_age": 0.0}, "manuellab_vers": [1, 3, 0], "structural": {"Pelvis_SizeX": 0.11, "Torso_Vshape": 0.89, "Shoulders_Mass": 0.53, "Legs_UpperlegsMass": 0.23, "Torso_Dorsi": 0.71, "Shoulders_PosZ": 0.89, "Wrists_Size": 0.5, "Arms_UpperarmMass": 0.65}}