{"materialproperties": {"skin_complexion": 0, "skin_saturation": 1, "skin_sss": 0, "skin_oil": 1, "skin_subderm": 0, "eyes_value": 1, "eyes_saturation": 1, "eyes_hue": 0, "skin_bump": 0}, "proportions": {"buttock_height_Z": 0.1365, "upperleg_top_girth": 0.4219, "wrist_girth": 0.0872, "body_height_Z": 1.0, "upperleg_length": 0.2107, "feet_length": 0.1377, "chest_depth_Y": 0.1835, "head_height_Z": 0.1293, "buttock_girth": 0.6758, "shoulders_width": 0.1685, "forearm_length": 0.1434, "elbow_girth": 0.1759, "lowerleg_length": 0.2452, "neck_girth": 0.2213, "chest_width_X": 0.1607, "feet_height_Z": 0.0404, "buttock_width_X": 0.2407, "hands_length": 0.1054, "head_width_X": 0.0811, "buttock_depth_Y": 0.1563, "lowerleg_bottom_girth": 0.1367, "hands_width": 0.0481, "upperleg_bottom_girth": 0.2882, "upperarm_length": 0.1967, "chest_girth": 0.7056, "feet_heel_width": 0.0333, "upperarm_axillary_girth": 0.2523, "waist_girth": 0.5448, "torso_height_Z": 0.2258, "feet_width": 0.0536, "neck_height_Z": 0.0232, "lowerleg_calf_girth": 0.2444, "head_length": 0.1135}, "metaproperties": {"last_character_mass": 0.5, "last_character_tone": 0.0, "character_age": 0.0, "character_tone": 0.0, "character_mass": 0.5, "last_character_age": 0.0}, "manuellab_vers": [1, 3, 0], "structural": {"Legs_LowerlegsMass": 1.0, "Body_Size": 0.46, "Arms_ForearmMass": 1.0, "Torso_Mass": 1.0, "Torso_BreastMass": 1.02, "Pelvis_GluteusTone": 0.65, "Stomach_Volume": 0.51, "Wrists_Size": 0.55, "Neck_Mass": 1.0, "Legs_KneeSize": 0.6, "Shoulders_Mass": 0.88, "Torso_BreastTone": 0.74, "Feet_Mass": 1.0, "Arms_UpperarmLength": 0.737, "Shoulders_Tone": 0.59, "Stomach_LocalFat": 0.51, "Pelvis_GluteusMass": 1.09, "Cheeks_Mass": 1.0, "Pelvis_SizeX": 0.55, "Legs_UpperlegSize": 0.65, "Arms_ForearmLength": 0.53, "Arms_UpperarmMass": 1.0, "Torso_Dorsi": 0.8, "Hands_Mass": 1.0, "Waist_Size": 0.36, "Head_Size": 0.56, "Legs_UpperlegLength": 0.65, "Legs_UpperlegsMass": 1.0, "Shoulders_PosZ": 0.59, "Pelvis_GluteusSize": 0.57, "Legs_LowerlegLength": 0.62}}