{"materialproperties": {"skin_complexion": 0, "skin_saturation": 1, "skin_sss": 0, "skin_oil": 1, "skin_subderm": 0, "eyes_value": 1, "eyes_saturation": 1, "eyes_hue": 0, "skin_bump": 0}, "proportions": {"buttock_height_Z": 0.1429, "upperleg_top_girth": 0.3225, "wrist_girth": 0.0874, "body_height_Z": 1.0, "upperleg_length": 0.1995, "feet_length": 0.1451, "chest_depth_Y": 0.117, "head_height_Z": 0.1343, "buttock_girth": 0.5623, "shoulders_width": 0.1645, "forearm_length": 0.1473, "elbow_girth": 0.1387, "lowerleg_length": 0.2412, "neck_girth": 0.172, "chest_width_X": 0.1414, "feet_height_Z": 0.0437, "buttock_width_X": 0.2069, "hands_length": 0.1111, "head_width_X": 0.0863, "buttock_depth_Y": 0.1222, "lowerleg_bottom_girth": 0.1165, "hands_width": 0.0479, "upperleg_bottom_girth": 0.2075, "upperarm_length": 0.1819, "chest_girth": 0.4959, "feet_heel_width": 0.0337, "upperarm_axillary_girth": 0.1766, "waist_girth": 0.3643, "torso_height_Z": 0.2134, "feet_width": 0.0549, "neck_height_Z": 0.037, "lowerleg_calf_girth": 0.2035, "head_length": 0.1209}, "metaproperties": {"last_character_mass": 0.0, "last_character_tone": 0.0, "character_age": 0.0, "character_tone": 0.0, "character_mass": 0.0, "last_character_age": 0.0}, "manuellab_vers": [1, 3, 0], "structural": {"Legs_UpperlegLength": 0.32, "Torso_Vshape": 0.32, "Wrists_Size": 0.5, "Legs_LowerlegLength": 0.39, "Head_Size": 0.59}}