{"materialproperties": {"skin_complexion": 0, "skin_saturation": 1, "skin_sss": 1, "skin_oil": 1, "skin_subderm": 0, "eyes_value": 1, "eyes_saturation": 1, "eyes_hue": 0, "skin_bump": 0}, "proportions": {"buttock_height_Z": 0.1336, "upperleg_top_girth": 0.3182, "wrist_girth": 0.0863, "body_height_Z": 1.0, "upperleg_length": 0.208, "feet_length": 0.1432, "chest_depth_Y": 0.1198, "head_height_Z": 0.1282, "buttock_girth": 0.5544, "shoulders_width": 0.1859, "forearm_length": 0.1453, "elbow_girth": 0.1369, "lowerleg_length": 0.2439, "neck_girth": 0.1698, "chest_width_X": 0.1553, "feet_height_Z": 0.0417, "buttock_width_X": 0.2041, "hands_length": 0.1096, "head_width_X": 0.0824, "buttock_depth_Y": 0.1205, "lowerleg_bottom_girth": 0.1461, "hands_width": 0.0472, "upperleg_bottom_girth": 0.2046, "upperarm_length": 0.1818, "chest_girth": 0.513, "feet_heel_width": 0.0337, "upperarm_axillary_girth": 0.1704, "waist_girth": 0.301, "torso_height_Z": 0.2179, "feet_width": 0.0542, "neck_height_Z": 0.0369, "lowerleg_calf_girth": 0.2008, "head_length": 0.1153}, "metaproperties": {"last_character_mass": 0.0, "last_character_tone": 0.0, "character_age": 0.0, "character_tone": 0.0, "character_mass": 0.0, "last_character_age": 0.0}, "manuellab_vers": [1, 3, 0], "structural": {"Torso_Tone": 0.0, "Waist_Size": 0.5, "Torso_Mass": 0.0, "Legs_KneeSize": 0.5, "Torso_Vshape": 0.86, "Legs_AnkleSize": 0.9}}