{"materialproperties": {"skin_complexion": 0, "skin_saturation": 1, "skin_sss": 0, "skin_oil": 1, "skin_subderm": 0, "eyes_value": 1, "eyes_saturation": 1, "eyes_hue": 0, "skin_bump": 0}, "proportions": {"buttock_height_Z": 0.1464, "upperleg_top_girth": 0.3039, "wrist_girth": 0.0845, "body_height_Z": 1.0, "upperleg_length": 0.191, "feet_length": 0.1414, "chest_depth_Y": 0.1116, "head_height_Z": 0.1338, "buttock_girth": 0.5872, "shoulders_width": 0.1662, "forearm_length": 0.1337, "elbow_girth": 0.1433, "lowerleg_length": 0.2578, "neck_girth": 0.1624, "chest_width_X": 0.1456, "feet_height_Z": 0.0426, "buttock_width_X": 0.2133, "hands_length": 0.1037, "head_width_X": 0.0859, "buttock_depth_Y": 0.1293, "lowerleg_bottom_girth": 0.1151, "hands_width": 0.0467, "upperleg_bottom_girth": 0.2023, "upperarm_length": 0.1843, "chest_girth": 0.4743, "feet_heel_width": 0.0329, "upperarm_axillary_girth": 0.1763, "waist_girth": 0.3543, "torso_height_Z": 0.2178, "feet_width": 0.0535, "neck_height_Z": 0.0253, "lowerleg_calf_girth": 0.2112, "head_length": 0.1203}, "metaproperties": {"last_character_mass": -0.5, "last_character_tone": 0.0, "character_age": 0.0, "character_tone": 0.0, "character_mass": -0.5, "last_character_age": 0.0}, "manuellab_vers": [1, 3, 0], "structural": {"Stomach_Volume": 0.49, "Torso_Tone": 0.44, "Pelvis_SizeY": 0.8, "Arms_ForearmMass": 0.12, "Torso_Mass": 0.3, "Hands_Size": 0.32, "Torso_BreastMass": 0.25, "Arms_ForearmTone": 0.59, "Neck_Length": 0.08, "Neck_Tone": 0.47, "Torso_Vshape": 0.26, "Neck_Mass": 0.24, "Feet_Size": 0.29, "Shoulders_Mass": 0.0, "Feet_Mass": 0.24, "Arms_UpperarmLength": 0.44, "Legs_UpperlegsTone": 0.53, "Arms_UpperarmTone": 0.44, "Stomach_LocalFat": 0.475, "Pelvis_GluteusMass": 0.21, "Cheeks_Mass": 0.0, "Pelvis_SizeX": 0.86, "Legs_LowerlegsTone": 0.74, "Arms_ForearmLength": 0.2, "Arms_UpperarmMass": 0.15, "Waist_Size": 0.495, "Head_Size": 0.47, "Hands_FingersLength": 0.11, "Legs_UpperlegsMass": 0.12, "Legs_UpperlegLength": 0.05, "Shoulders_PosZ": 0.35, "Wrists_Size": 0.475, "Legs_LowerlegsMass": 0.3}}