{"materialproperties": {"skin_complexion": 0, "skin_saturation": 1, "skin_sss": 0, "skin_oil": 1, "skin_subderm": 0, "eyes_value": 1, "eyes_saturation": 1, "eyes_hue": 0, "skin_bump": 0}, "proportions": {"buttock_height_Z": 0.14, "upperleg_top_girth": 0.3382, "wrist_girth": 0.0863, "body_height_Z": 1.0, "upperleg_length": 0.2079, "feet_length": 0.1432, "chest_depth_Y": 0.1382, "head_height_Z": 0.1282, "buttock_girth": 0.6095, "shoulders_width": 0.1752, "forearm_length": 0.1453, "elbow_girth": 0.1369, "lowerleg_length": 0.2434, "neck_girth": 0.1707, "chest_width_X": 0.1441, "feet_height_Z": 0.0431, "buttock_width_X": 0.2207, "hands_length": 0.1096, "head_width_X": 0.0824, "buttock_depth_Y": 0.1335, "lowerleg_bottom_girth": 0.1149, "hands_width": 0.0472, "upperleg_bottom_girth": 0.2046, "upperarm_length": 0.1874, "chest_girth": 0.5413, "feet_heel_width": 0.0332, "upperarm_axillary_girth": 0.1768, "waist_girth": 0.4348, "torso_height_Z": 0.2123, "feet_width": 0.0542, "neck_height_Z": 0.0366, "lowerleg_calf_girth": 0.2008, "head_length": 0.1153}, "metaproperties": {"last_character_mass": 0.0, "last_character_tone": 0.0, "character_age": 0.0, "character_tone": 0.0, "character_mass": 0.0, "last_character_age": 0.0}, "manuellab_vers": [1, 3, 0], "structural": {"Stomach_LocalFat": 0.74, "Waist_Size": 0.0, "Torso_Mass": 0.62, "Shoulders_Length": 0.8, "Pelvis_SizeX": 0.59, "Torso_BreastMass": 0.68, "Wrists_Size": 0.5, "Pelvis_GluteusSize": 0.74}}