{"materialproperties": {"skin_complexion": 0, "skin_saturation": 1, "skin_sss": 0, "skin_oil": 1, "skin_subderm": 0, "eyes_value": 1, "eyes_saturation": 1, "eyes_hue": 0, "skin_bump": 0}, "proportions": {"buttock_height_Z": 0.1579, "upperleg_top_girth": 0.4293, "wrist_girth": 0.0937, "body_height_Z": 1.0, "upperleg_length": 0.1656, "feet_length": 0.1456, "chest_depth_Y": 0.1986, "head_height_Z": 0.1336, "buttock_girth": 0.7236, "shoulders_width": 0.1786, "forearm_length": 0.15, "elbow_girth": 0.1845, "lowerleg_length": 0.2402, "neck_girth": 0.2309, "chest_width_X": 0.1842, "feet_height_Z": 0.0428, "buttock_width_X": 0.2464, "hands_length": 0.1116, "head_width_X": 0.0838, "buttock_depth_Y": 0.1763, "lowerleg_bottom_girth": 0.1438, "hands_width": 0.0507, "upperleg_bottom_girth": 0.2927, "upperarm_length": 0.1921, "chest_girth": 0.7622, "feet_heel_width": 0.0352, "upperarm_axillary_girth": 0.2793, "waist_girth": 0.678, "torso_height_Z": 0.248, "feet_width": 0.0566, "neck_height_Z": 0.0252, "lowerleg_calf_girth": 0.2562, "head_length": 0.1173}, "metaproperties": {"last_character_mass": 1.0, "last_character_tone": 0.0, "character_age": 0.0, "character_tone": 0.0, "character_mass": 1.0, "last_character_age": 0.0}, "manuellab_vers": [1, 3, 0], "structural": {"Legs_LowerlegsMass": 1.5, "Arms_ForearmMass": 1.5, "Torso_Mass": 1.5, "Torso_BreastMass": 1.0, "Stomach_Volume": 0.58, "Torso_Vshape": 0.29, "Neck_Mass": 1.5, "Legs_KneeSize": 0.7, "Shoulders_Mass": 1.56, "Feet_Mass": 1.5, "Torso_Length": 0.68, "Stomach_LocalFat": 0.52, "Pelvis_GluteusMass": 1.5, "Cheeks_Mass": 1.5, "Pelvis_SizeX": 0.32, "Arms_UpperarmMass": 1.5, "Hands_Mass": 1.5, "Waist_Size": 1.06, "Legs_UpperlegLength": 0.08, "Legs_UpperlegsMass": 1.5, "Shoulders_Length": 0.65, "Wrists_Size": 0.6, "Torso_SizeX": 0.83}}