{"materialproperties": {"skin_complexion": 0, "skin_saturation": 1, "skin_sss": 0, "skin_oil": 1, "skin_subderm": 0, "eyes_value": 1, "eyes_saturation": 1, "eyes_hue": 0, "skin_bump": 0}, "proportions": {"buttock_height_Z": 0.1408, "upperleg_top_girth": 0.3178, "wrist_girth": 0.0863, "body_height_Z": 1.0, "upperleg_length": 0.207, "feet_length": 0.1432, "chest_depth_Y": 0.1155, "head_height_Z": 0.1282, "buttock_girth": 0.5158, "shoulders_width": 0.1869, "forearm_length": 0.1453, "elbow_girth": 0.1369, "lowerleg_length": 0.2434, "neck_girth": 0.1698, "chest_width_X": 0.1562, "feet_height_Z": 0.0431, "buttock_width_X": 0.1771, "hands_length": 0.1096, "head_width_X": 0.0824, "buttock_depth_Y": 0.1205, "lowerleg_bottom_girth": 0.1149, "hands_width": 0.0472, "upperleg_bottom_girth": 0.2046, "upperarm_length": 0.182, "chest_girth": 0.5156, "feet_heel_width": 0.0332, "upperarm_axillary_girth": 0.1742, "waist_girth": 0.3564, "torso_height_Z": 0.2107, "feet_width": 0.0542, "neck_height_Z": 0.0369, "lowerleg_calf_girth": 0.2008, "head_length": 0.1153}, "metaproperties": {"last_character_mass": 0.0, "last_character_tone": 0.0, "character_age": 0.0, "character_tone": 0.0, "character_mass": 0.0, "last_character_age": 0.0}, "manuellab_vers": [1, 3, 0], "structural": {"Pelvis_SizeX": 0.11, "Torso_Vshape": 0.89, "Wrists_Size": 0.5}}