{"materialproperties": {"skin_complexion": 0, "skin_saturation": 1, "skin_sss": 1, "skin_oil": 1, "skin_subderm": 0, "eyes_value": 1, "eyes_saturation": 1, "eyes_hue": 0, "skin_bump": 0}, "proportions": {"buttock_height_Z": 0.1597, "upperleg_top_girth": 0.4559, "wrist_girth": 0.0852, "body_height_Z": 1.0, "upperleg_length": 0.1803, "feet_length": 0.143, "chest_depth_Y": 0.1933, "head_height_Z": 0.1366, "buttock_girth": 0.8408, "shoulders_width": 0.1644, "forearm_length": 0.1457, "elbow_girth": 0.1928, "lowerleg_length": 0.2233, "neck_girth": 0.2401, "chest_width_X": 0.1764, "feet_height_Z": 0.0411, "buttock_width_X": 0.2896, "hands_length": 0.1145, "head_width_X": 0.0814, "buttock_depth_Y": 0.1956, "lowerleg_bottom_girth": 0.1585, "hands_width": 0.0472, "upperleg_bottom_girth": 0.3053, "upperarm_length": 0.1917, "chest_girth": 0.708, "feet_heel_width": 0.0348, "upperarm_axillary_girth": 0.2899, "waist_girth": 0.7805, "torso_height_Z": 0.2478, "feet_width": 0.0555, "neck_height_Z": 0.0244, "lowerleg_calf_girth": 0.2553, "head_length": 0.1139}, "metaproperties": {"last_character_mass": 1.0, "last_character_tone": -1.0, "character_age": 0.0, "character_tone": -1.0, "character_mass": 1.0, "last_character_age": 0.0}, "manuellab_vers": [1, 3, 0], "structural": {"Feet_Mass": 1.23, "Torso_Tone": -0.65, "Feet_Size": 0.62, "Torso_BreastMass": 1.0, "Pelvis_GluteusTone": -0.5, "Hands_Mass": 1.14, "Neck_Tone": -0.65, "Legs_LowerlegsMass": 1.17, "Legs_KneeSize": 0.7, "Shoulders_Mass": 1.08, "Arms_UpperarmLength": 0.59, "Neck_Size": 0.35, "Stomach_Volume": 0.52, "Arms_ForearmLength": 0.65, "Forehead_SizeZ": 0.62, "Torso_SizeY": 0.29, "Shoulders_Tone": -0.76, "Waist_Size": 0.69, "Arms_UpperarmTone": -0.65, "Legs_UpperlegsMass": 1.23, "Legs_UpperlegInCurve": 0.29, "Stomach_LocalFat": 0.52, "Pelvis_SizeY": 0.02, "Arms_ForearmMass": 1.5, "Torso_Mass": 1.44, "Hands_FingersLength": 1.0, "Arms_ForearmTone": -0.5, "Chin_Tone": 0.29, "Torso_Vshape": 0.38, "Neck_Mass": 1.23, "Torso_BreastTone": 0.7, "Cheeks_Mass": 1.5, "Neck_Angle": 0.29, "Torso_Length": 0.71, "Legs_UpperlegsTone": -0.77, "Arms_UpperarmSize": 0.41, "Pelvis_GluteusMass": 1.65, "Pelvis_SizeX": 0.44, "Legs_UpperlegSize": 0.44, "Neck_Length": 0.56, "Arms_UpperarmMass": 1.38, "Hands_FingersInterDist": 0.38, "Head_Size": 0.59, "Elbows_Size": 0.86, "Legs_UpperlegLength": 0.65, "Shoulders_PosZ": 0.14, "Torso_ToracicCurve": 1.0, "Wrists_Size": 0.55, "Legs_LowerlegLength": 0.54, "Legs_LowerlegsTone": -0.68}}