{"materialproperties": {"skin_complexion": 0, "skin_saturation": 1, "skin_sss": 0, "skin_oil": 1, "skin_subderm": 0, "eyes_value": 1, "eyes_saturation": 1, "eyes_hue": 0, "skin_bump": 0}, "proportions": {"buttock_height_Z": 0.1443, "upperleg_top_girth": 0.3234, "wrist_girth": 0.0877, "body_height_Z": 1.0, "upperleg_length": 0.1844, "feet_length": 0.1456, "chest_depth_Y": 0.1211, "head_height_Z": 0.1304, "buttock_girth": 0.5467, "shoulders_width": 0.1762, "forearm_length": 0.1478, "elbow_girth": 0.1392, "lowerleg_length": 0.2476, "neck_girth": 0.1714, "chest_width_X": 0.1577, "feet_height_Z": 0.0439, "buttock_width_X": 0.1949, "hands_length": 0.1115, "head_width_X": 0.0838, "buttock_depth_Y": 0.1246, "lowerleg_bottom_girth": 0.1168, "hands_width": 0.048, "upperleg_bottom_girth": 0.2083, "upperarm_length": 0.1883, "chest_girth": 0.5329, "feet_heel_width": 0.0338, "upperarm_axillary_girth": 0.184, "waist_girth": 0.4432, "torso_height_Z": 0.2243, "feet_width": 0.0551, "neck_height_Z": 0.037, "lowerleg_calf_girth": 0.2043, "head_length": 0.1173}, "metaproperties": {"last_character_mass": 0.0, "last_character_tone": 0.0, "character_age": 0.0, "character_tone": 0.0, "character_mass": 0.0, "last_character_age": 0.0}, "manuellab_vers": [1, 3, 0], "structural": {"Stomach_Volume": 0.56, "Torso_Vshape": 0.29, "Waist_Size": 0.86, "Shoulders_Mass": 0.56, "Pelvis_SizeX": 0.32, "Legs_UpperlegLength": 0.08, "Shoulders_Length": 0.65, "Torso_Length": 0.68, "Wrists_Size": 0.5, "Torso_SizeX": 0.83}}