{"materialproperties": {"skin_complexion": 0, "skin_saturation": 1, "skin_sss": 0, "skin_oil": 1, "skin_subderm": 0, "eyes_value": 1, "eyes_saturation": 1, "eyes_hue": 0, "skin_bump": 0}, "proportions": {"buttock_height_Z": 0.1567, "upperleg_top_girth": 0.4425, "wrist_girth": 0.0921, "body_height_Z": 1.0, "upperleg_length": 0.1897, "feet_length": 0.1432, "chest_depth_Y": 0.1902, "head_height_Z": 0.1314, "buttock_girth": 0.7711, "shoulders_width": 0.1772, "forearm_length": 0.1475, "elbow_girth": 0.1814, "lowerleg_length": 0.2362, "neck_girth": 0.2285, "chest_width_X": 0.1666, "feet_height_Z": 0.0421, "buttock_width_X": 0.2695, "hands_length": 0.1097, "head_width_X": 0.0824, "buttock_depth_Y": 0.1773, "lowerleg_bottom_girth": 0.1414, "hands_width": 0.0499, "upperleg_bottom_girth": 0.2879, "upperarm_length": 0.1913, "chest_girth": 0.7073, "feet_heel_width": 0.0346, "upperarm_axillary_girth": 0.2746, "waist_girth": 0.617, "torso_height_Z": 0.2319, "feet_width": 0.0557, "neck_height_Z": 0.0249, "lowerleg_calf_girth": 0.2519, "head_length": 0.1153}, "metaproperties": {"last_character_mass": 1.0, "last_character_tone": 0.0, "character_age": 0.0, "character_tone": 0.0, "character_mass": 1.0, "last_character_age": 0.0}, "manuellab_vers": [1, 3, 0], "structural": {"Stomach_LocalFat": 0.76, "Pelvis_GluteusMass": 1.5, "Cheeks_Mass": 1.5, "Arms_ForearmMass": 1.5, "Torso_Mass": 1.62, "Pelvis_SizeX": 0.59, "Torso_BreastMass": 1.18, "Shoulders_Length": 0.8, "Arms_UpperarmMass": 1.5, "Stomach_Volume": 0.52, "Hands_Mass": 1.5, "Waist_Size": 0.2, "Neck_Mass": 1.5, "Legs_KneeSize": 0.7, "Shoulders_Mass": 1.5, "Legs_UpperlegsMass": 1.5, "Feet_Mass": 1.5, "Pelvis_GluteusSize": 0.74, "Legs_LowerlegsMass": 1.5, "Wrists_Size": 0.6}}