{"materialproperties": {"skin_complexion": 0, "skin_oil": 1, "eyes_value": 1, "skin_subderm": 0, "skin_bump": 0, "eyes_hue": 0, "skin_sss": 1, "eyes_saturation": 1, "skin_saturation": 1}, "metaproperties": {"last_character_tone": -1.0, "character_mass": -1.0, "last_character_mass": -1.0, "character_tone": -1.0, "character_age": 0.0, "last_character_age": 0.0}, "structural": {"Torso_Mass": 0.0, "Arms_ForearmMass": -1.0, "Neck_Tone": -1.0, "Cheeks_Mass": -1.0, "Legs_UpperlegsTone": -1.0, "Pelvis_GluteusMass": -0.98, "Torso_BreastTone": 0.7, "Pelvis_GluteusTone": -1.0, "Arms_UpperarmMass": -1.0, "Feet_Mass": -0.5, "Torso_BreastMass": 0.0, "Stomach_LocalFat": 0.45, "Shoulders_Tone": -1.0, "Wrists_Size": 0.4, "Waist_Size": 0.48, "Stomach_Volume": 0.48, "Legs_LowerlegsMass": -1.0, "Legs_LowerlegsTone": -1.0, "Neck_Mass": -1.0, "Legs_UpperlegsMass": -1.0, "Arms_UpperarmTone": -1.0, "Hands_Mass": -0.5, "Shoulders_Mass": -1.0, "Torso_Tone": 0.0, "Arms_ForearmTone": -1.0}, "proportions": {}, "manuellab_vers": [1, 3, 0]}