{"materialproperties": {"skin_complexion": 0, "skin_oil": 1, "eyes_value": 1, "skin_subderm": 0, "skin_bump": 0, "eyes_hue": 0, "skin_sss": 0, "eyes_saturation": 1, "skin_saturation": 1}, "metaproperties": {"last_character_tone": 0.05999999865889549, "character_mass": -0.20999999344348907, "last_character_mass": -0.20999999344348907, "character_tone": 0.05999999865889549, "character_age": 0.0, "last_character_age": 0.0}, "structural": {"Legs_UpperlegSize": 0.32, "Torso_Mass": 0.29, "Arms_ForearmMass": 0.29, "Neck_Tone": 0.56, "Cheeks_Mass": 0.23, "Torso_Vshape": 0.35, "Arms_UpperarmSize": 0.44, "Legs_UpperlegsTone": 0.56, "Pelvis_GluteusMass": 0.29, "Legs_KneeSize": 0.302, "Pelvis_GluteusTone": 0.56, "Arms_UpperarmMass": 0.29, "Feet_Mass": 0.29, "Torso_BreastMass": 0.395, "Legs_LowerlegLength": 0.59, "Shoulders_Tone": 0.56, "Hands_Mass": 0.29, "Waist_Size": 0.3899, "Stomach_Volume": 0.4958, "Legs_LowerlegsMass": 0.29, "Legs_LowerlegsTone": 0.56, "Stomach_LocalFat": 0.4895, "Neck_Mass": 0.29, "Neck_Length": 0.68, "Legs_UpperlegsMass": 0.29, "Arms_UpperarmTone": 0.56, "Legs_LowerlegSize": 0.38, "Arms_ForearmSize": 0.38, "Neck_Collarbone": 0.59, "Wrists_Size": 0.4955, "Torso_BreastTone": 0.512, "Shoulders_Mass": 0.29, "Legs_UpperlegLength": 0.59, "Torso_Tone": 0.56, "Arms_ForearmTone": 0.56}, "proportions": {}, "manuellab_vers": [1, 3, 0]}