{"materialproperties": {"skin_complexion": 0, "skin_saturation": 1, "skin_sss": 0, "skin_oil": 1, "skin_subderm": 0, "eyes_value": 1, "eyes_saturation": 1, "eyes_hue": 0, "skin_bump": 0}, "proportions": {"buttock_height_Z": 0.1753, "upperleg_top_girth": 0.4414, "wrist_girth": 0.0857, "body_height_Z": 1.0, "upperleg_length": 0.1532, "feet_length": 0.1414, "chest_depth_Y": 0.1711, "head_height_Z": 0.1402, "buttock_girth": 0.8967, "shoulders_width": 0.1701, "forearm_length": 0.1311, "elbow_girth": 0.1828, "lowerleg_length": 0.2479, "neck_girth": 0.26, "chest_width_X": 0.1809, "feet_height_Z": 0.0415, "buttock_width_X": 0.3055, "hands_length": 0.1037, "head_width_X": 0.0859, "buttock_depth_Y": 0.2193, "lowerleg_bottom_girth": 0.1432, "hands_width": 0.0494, "upperleg_bottom_girth": 0.2849, "upperarm_length": 0.1928, "chest_girth": 0.6483, "feet_heel_width": 0.0338, "upperarm_axillary_girth": 0.2578, "waist_girth": 0.6776, "torso_height_Z": 0.2547, "feet_width": 0.0542, "neck_height_Z": 0.0044, "lowerleg_calf_girth": 0.2332, "head_length": 0.1203}, "metaproperties": {"last_character_mass": 0.0, "last_character_tone": -0.5, "character_age": 0.0, "character_tone": -0.5, "character_mass": 0.0, "last_character_age": 0.0}, "manuellab_vers": [1, 3, 0], "structural": {"Arms_ForearmTone": -0.27, "Pelvis_SizeY": 0.8, "Arms_ForearmMass": 0.74, "Torso_Mass": 0.62, "Hands_Size": 0.32, "Hands_FingersLength": 0.11, "Neck_Length": 0.08, "Pelvis_GluteusTone": 0.0, "Neck_Tone": -0.03, "Torso_Tone": -0.21, "Neck_Mass": 0.74, "Feet_Size": 0.29, "Shoulders_Tone": 0.0, "Torso_BreastTone": 0.6, "Feet_Mass": 0.74, "Arms_UpperarmLength": 0.44, "Arms_UpperarmTone": -0.21, "Pelvis_GluteusMass": 0.71, "Legs_LowerlegsMass": 0.53, "Pelvis_SizeX": 0.86, "Arms_ForearmLength": 0.2, "Arms_UpperarmMass": 0.65, "Hands_Mass": 1.0, "Waist_Size": 0.495, "Head_Size": 0.47, "Legs_UpperlegLength": 0.05, "Legs_UpperlegsMass": 0.62, "Torso_Vshape": 0.26, "Legs_UpperlegsTone": -0.12, "Wrists_Size": 0.475, "Legs_LowerlegsTone": 0.0}}