{"materialproperties": {"skin_complexion": 0, "skin_saturation": 1, "skin_sss": 1, "skin_oil": 1, "skin_subderm": 0, "eyes_value": 1, "eyes_saturation": 1, "eyes_hue": 0, "skin_bump": 0}, "proportions": {"buttock_height_Z": 0.1848, "upperleg_top_girth": 0.4702, "wrist_girth": 0.085, "body_height_Z": 1.0, "upperleg_length": 0.1749, "feet_length": 0.1432, "chest_depth_Y": 0.1192, "head_height_Z": 0.1345, "buttock_girth": 0.8125, "shoulders_width": 0.1762, "forearm_length": 0.1428, "elbow_girth": 0.1816, "lowerleg_length": 0.2283, "neck_girth": 0.2535, "chest_width_X": 0.1417, "feet_height_Z": 0.0411, "buttock_width_X": 0.2923, "hands_length": 0.1095, "head_width_X": 0.0824, "buttock_depth_Y": 0.1645, "lowerleg_bottom_girth": 0.1627, "hands_width": 0.0472, "upperleg_bottom_girth": 0.3135, "upperarm_length": 0.1895, "chest_girth": 0.4905, "feet_heel_width": 0.0349, "upperarm_axillary_girth": 0.2704, "waist_girth": 0.3044, "torso_height_Z": 0.2298, "feet_width": 0.0557, "neck_height_Z": 0.0194, "lowerleg_calf_girth": 0.268, "head_length": 0.1153}, "metaproperties": {"last_character_mass": 0.0, "last_character_tone": -1.0, "character_age": 0.0, "character_tone": -1.0, "character_mass": 0.0, "last_character_age": 0.0}, "manuellab_vers": [1, 3, 0], "structural": {"Legs_LowerlegsMass": 1.0, "Arms_ForearmTone": -1.0, "Arms_ForearmMass": 1.0, "Torso_Mass": 0.0, "Arms_UpperarmTone": -1.0, "Pelvis_GluteusTone": -1.0, "Neck_Tone": -1.0, "Torso_Tone": 0.0, "Neck_Mass": 1.0, "Legs_KneeSize": 0.5, "Shoulders_Mass": 1.0, "Torso_BreastTone": 0.7, "Feet_Mass": 1.0, "Pelvis_GluteusMass": 1.0, "Cheeks_Mass": 1.0, "Arms_UpperarmMass": 1.0, "Shoulders_Tone": -1.0, "Waist_Size": 0.49, "Legs_UpperlegsMass": 1.0, "Legs_UpperlegsTone": -1.0, "Wrists_Size": 0.45, "Legs_LowerlegsTone": -1.0}}