{"materialproperties": {"skin_complexion": 0, "skin_saturation": 1, "skin_sss": 0, "skin_oil": 1, "skin_subderm": 0, "eyes_value": 1, "eyes_saturation": 1, "eyes_hue": 0, "skin_bump": 0}, "proportions": {"buttock_height_Z": 0.1763, "upperleg_top_girth": 0.5028, "wrist_girth": 0.0891, "body_height_Z": 1.0, "upperleg_length": 0.1528, "feet_length": 0.1414, "chest_depth_Y": 0.2218, "head_height_Z": 0.1404, "buttock_girth": 0.9893, "shoulders_width": 0.1726, "forearm_length": 0.1313, "elbow_girth": 0.1905, "lowerleg_length": 0.2433, "neck_girth": 0.267, "chest_width_X": 0.1923, "feet_height_Z": 0.0405, "buttock_width_X": 0.3352, "hands_length": 0.1038, "head_width_X": 0.0859, "buttock_depth_Y": 0.2457, "lowerleg_bottom_girth": 0.1664, "hands_width": 0.0494, "upperleg_bottom_girth": 0.3324, "upperarm_length": 0.1971, "chest_girth": 0.7925, "feet_heel_width": 0.0346, "upperarm_axillary_girth": 0.3157, "waist_girth": 0.8668, "torso_height_Z": 0.2643, "feet_width": 0.0551, "neck_height_Z": 0.0012, "lowerleg_calf_girth": 0.2806, "head_length": 0.1203}, "metaproperties": {"last_character_mass": 1.0, "last_character_tone": -0.5, "character_age": 0.0, "character_tone": -0.5, "character_mass": 1.0, "last_character_age": 0.0}, "manuellab_vers": [1, 3, 0], "structural": {"Stomach_Volume": 0.52, "Torso_Tone": -0.06, "Pelvis_SizeY": 0.8, "Arms_ForearmMass": 1.62, "Torso_Mass": 1.8, "Hands_Size": 0.32, "Torso_BreastMass": 1.0, "Neck_Length": 0.08, "Pelvis_GluteusTone": 0.0, "Neck_Tone": -0.03, "Torso_Vshape": 0.26, "Neck_Mass": 1.74, "Legs_KneeSize": 0.7, "Shoulders_Mass": 1.5, "Torso_BreastTone": 0.6, "Feet_Mass": 1.74, "Arms_UpperarmMass": 1.65, "Arms_UpperarmLength": 0.44, "Legs_UpperlegsTone": 0.03, "Arms_UpperarmTone": -0.06, "Stomach_LocalFat": 0.52, "Pelvis_GluteusMass": 1.71, "Feet_Size": 0.29, "Cheeks_Mass": 1.5, "Pelvis_SizeX": 0.86, "Legs_LowerlegsTone": 0.24, "Shoulders_Tone": 0.0, "Arms_ForearmLength": 0.2, "Arms_ForearmTone": 0.09, "Hands_Mass": 2.0, "Waist_Size": 0.695, "Head_Size": 0.47, "Hands_FingersLength": 0.11, "Legs_UpperlegsMass": 1.62, "Legs_UpperlegLength": 0.05, "Shoulders_PosZ": 0.35, "Wrists_Size": 0.575, "Legs_LowerlegsMass": 1.8}}