{"materialproperties": {"skin_complexion": 0, "skin_saturation": 1, "skin_sss": 1, "skin_oil": 1, "skin_subderm": 0, "eyes_value": 1, "eyes_saturation": 1, "eyes_hue": 0, "skin_bump": 0}, "proportions": {"buttock_height_Z": 0.1493, "upperleg_top_girth": 0.4008, "wrist_girth": 0.0883, "body_height_Z": 1.0, "upperleg_length": 0.1756, "feet_length": 0.1398, "chest_depth_Y": 0.1983, "head_height_Z": 0.1358, "buttock_girth": 0.7773, "shoulders_width": 0.1772, "forearm_length": 0.1628, "elbow_girth": 0.1881, "lowerleg_length": 0.2481, "neck_girth": 0.2382, "chest_width_X": 0.1801, "feet_height_Z": 0.0411, "buttock_width_X": 0.2714, "hands_length": 0.1026, "head_width_X": 0.085, "buttock_depth_Y": 0.1909, "lowerleg_bottom_girth": 0.1424, "hands_width": 0.0489, "upperleg_bottom_girth": 0.2627, "upperarm_length": 0.1992, "chest_girth": 0.7392, "feet_heel_width": 0.0339, "upperarm_axillary_girth": 0.2882, "waist_girth": 0.6724, "torso_height_Z": 0.2477, "feet_width": 0.0544, "neck_height_Z": 0.0181, "lowerleg_calf_girth": 0.2611, "head_length": 0.1189}, "metaproperties": {"last_character_mass": 0.5, "last_character_tone": 0.0, "character_age": 0.0, "character_tone": 0.0, "character_mass": 0.5, "last_character_age": 0.0}, "manuellab_vers": [1, 3, 0], "structural": {"Stomach_Volume": 0.51, "Torso_Tone": 0.41, "Pelvis_SizeY": 0.8, "Arms_ForearmMass": 1.0, "Torso_Mass": 1.09, "Hands_Size": 0.32, "Torso_BreastMass": 0.75, "Neck_Length": 0.35, "Neck_Tone": 0.47, "Torso_Vshape": 0.41, "Neck_Mass": 1.12, "Legs_KneeSize": 0.6, "Shoulders_Mass": 1.0, "Feet_Mass": 1.24, "Arms_UpperarmLength": 0.59, "Legs_UpperlegsTone": 0.35, "Stomach_LocalFat": 0.51, "Pelvis_GluteusMass": 0.85, "Feet_Size": 0.29, "Cheeks_Mass": 1.0, "Pelvis_SizeX": 0.86, "Arms_ForearmLength": 0.65, "Arms_UpperarmMass": 1.0, "Hands_Mass": 1.5, "Waist_Size": 0.6, "Head_Size": 0.47, "Hands_FingersLength": 0.11, "Legs_UpperlegsMass": 0.73, "Legs_UpperlegLength": 0.05, "Wrists_Size": 0.55, "Legs_LowerlegsMass": 1.03}}