{"materialproperties": {"skin_complexion": 0, "skin_saturation": 1, "skin_sss": 1, "skin_oil": 1, "skin_subderm": 0, "eyes_value": 1, "eyes_saturation": 1, "eyes_hue": 0, "skin_bump": 0}, "proportions": {"buttock_height_Z": 0.1333, "upperleg_top_girth": 0.2778, "wrist_girth": 0.084, "body_height_Z": 1.0, "upperleg_length": 0.2087, "feet_length": 0.1432, "chest_depth_Y": 0.1104, "head_height_Z": 0.1282, "buttock_girth": 0.5012, "shoulders_width": 0.1858, "forearm_length": 0.1453, "elbow_girth": 0.1366, "lowerleg_length": 0.2434, "neck_girth": 0.1537, "chest_width_X": 0.1552, "feet_height_Z": 0.0417, "buttock_width_X": 0.1861, "hands_length": 0.1095, "head_width_X": 0.0824, "buttock_depth_Y": 0.1075, "lowerleg_bottom_girth": 0.1448, "hands_width": 0.0459, "upperleg_bottom_girth": 0.1878, "upperarm_length": 0.1818, "chest_girth": 0.4858, "feet_heel_width": 0.0337, "upperarm_axillary_girth": 0.1636, "waist_girth": 0.2994, "torso_height_Z": 0.218, "feet_width": 0.0542, "neck_height_Z": 0.037, "lowerleg_calf_girth": 0.1864, "head_length": 0.1153}, "metaproperties": {"last_character_mass": -0.5, "last_character_tone": 0.0, "character_age": 0.0, "character_tone": 0.0, "character_mass": -0.5, "last_character_age": 0.0}, "manuellab_vers": [1, 3, 0], "structural": {"Stomach_LocalFat": 0.475, "Pelvis_GluteusMass": 0.0, "Feet_Mass": 0.0, "Torso_Tone": 0.0, "Arms_ForearmMass": 0.0, "Torso_Mass": -0.5, "Waist_Size": 0.495, "Torso_BreastMass": 0.25, "Legs_AnkleSize": 0.9, "Arms_UpperarmMass": 0.0, "Stomach_Volume": 0.49, "Hands_Mass": 0.0, "Torso_Vshape": 0.86, "Neck_Mass": 0.0, "Legs_KneeSize": 0.5, "Shoulders_Mass": 0.0, "Legs_UpperlegsMass": 0.0, "Cheeks_Mass": 0.0, "Legs_LowerlegsMass": 0.0, "Wrists_Size": 0.475}}