{"materialproperties": {"skin_complexion": 0, "skin_saturation": 1, "skin_sss": 0, "skin_oil": 1, "skin_subderm": 0, "eyes_value": 1, "eyes_saturation": 1, "eyes_hue": 0, "skin_bump": 0}, "proportions": {"buttock_height_Z": 0.1689, "upperleg_top_girth": 0.4858, "wrist_girth": 0.0908, "body_height_Z": 1.0, "upperleg_length": 0.1601, "feet_length": 0.1451, "chest_depth_Y": 0.1996, "head_height_Z": 0.1407, "buttock_girth": 0.9196, "shoulders_width": 0.1897, "forearm_length": 0.1446, "elbow_girth": 0.194, "lowerleg_length": 0.2291, "neck_girth": 0.265, "chest_width_X": 0.1991, "feet_height_Z": 0.0425, "buttock_width_X": 0.3115, "hands_length": 0.1112, "head_width_X": 0.0863, "buttock_depth_Y": 0.2265, "lowerleg_bottom_girth": 0.1468, "hands_width": 0.0505, "upperleg_bottom_girth": 0.3191, "upperarm_length": 0.1955, "chest_girth": 0.7485, "feet_heel_width": 0.0352, "upperarm_axillary_girth": 0.3083, "waist_girth": 0.8324, "torso_height_Z": 0.2679, "feet_width": 0.0564, "neck_height_Z": 0.0069, "lowerleg_calf_girth": 0.2581, "head_length": 0.1209}, "metaproperties": {"last_character_mass": 0.5, "last_character_tone": -0.5, "character_age": 0.0, "character_tone": -0.5, "character_mass": 0.5, "last_character_age": 0.0}, "manuellab_vers": [1, 3, 0], "structural": {"Legs_LowerlegsMass": 1.39, "Torso_Tone": 0.03, "Arms_ForearmMass": 1.0, "Torso_Mass": 1.24, "Legs_UpperlegLength": 0.32, "Pelvis_GluteusTone": 0.0, "Neck_Tone": 0.0, "Torso_Vshape": 0.62, "Neck_Mass": 1.0, "Legs_KneeSize": 0.6, "Shoulders_Mass": 1.12, "Torso_BreastTone": 0.6, "Feet_Mass": 1.0, "Arms_UpperarmMass": 1.0, "Stomach_Volume": 0.51, "Arms_UpperarmSize": 0.71, "Stomach_LocalFat": 0.51, "Pelvis_GluteusMass": 1.21, "Cheeks_Mass": 1.0, "Arms_ForearmSize": 0.71, "Legs_LowerlegsTone": 0.45, "Shoulders_Tone": 0.12, "Arms_ForearmTone": 0.0, "Shoulders_Size": 0.56, "Hands_Mass": 1.0, "Waist_Size": 0.595, "Torso_SizeX": 0.59, "Arms_UpperarmTone": 0.0, "Torso_BreastMass": 0.75, "Legs_UpperlegsMass": 1.18, "Legs_UpperlegsTone": -0.15, "Shoulders_PosZ": 0.74, "Wrists_Size": 0.525, "Legs_LowerlegLength": 0.39, "Head_Size": 0.59}}