{"materialproperties": {"skin_complexion": 0, "skin_oil": 1, "eyes_value": 1, "skin_subderm": 0, "skin_bump": 0, "eyes_hue": 0, "skin_sss": 0, "eyes_saturation": 1, "skin_saturation": 1}, "metaproperties": {"last_character_tone": 0.0, "character_mass": 0.0, "last_character_mass": 0.0, "character_tone": 0.0, "character_age": 0.0, "last_character_age": 0.0}, "structural": {"Hands_FingersInterDist": 0.38, "Legs_UpperlegSize": 0.44, "Forehead_SizeZ": 0.62, "Torso_Length": 0.71, "Arms_UpperarmSize": 0.56, "Legs_UpperlegsTone": 0.23, "Pelvis_GluteusMass": 0.65, "Pelvis_SizeY": 0.02, "Arms_UpperarmLength": 0.59, "Arms_UpperarmMass": 0.53, "Feet_Mass": 0.23, "Torso_Mass": 0.8, "Feet_Size": 0.62, "Legs_UpperlegInCurve": 0.65, "Legs_LowerlegLength": 0.54, "Shoulders_Tone": 0.24, "Torso_ToracicCurve": 1.0, "Torso_SizeX": 0.56, "Waist_Size": 0.29, "Hands_FingersLength": 1.0, "Legs_LowerlegsTone": 0.32, "Legs_UpperlegLength": 0.65, "Shoulders_PosZ": 0.56, "Legs_UpperlegsMass": 0.59, "Arms_UpperarmTone": 0.38, "Arms_ForearmLength": 0.65, "Arms_ForearmSize": 0.59, "Chin_Tone": 0.29, "Hands_Mass": 0.14, "Shoulders_Mass": 0.2, "Torso_Tone": 0.53}, "proportions": {}, "manuellab_vers": [1, 3, 0]}