{"materialproperties": {"skin_complexion": 0, "skin_saturation": 1, "skin_sss": 1, "skin_oil": 1, "skin_subderm": 0, "eyes_value": 1, "eyes_saturation": 1, "eyes_hue": 0, "skin_bump": 0}, "proportions": {"buttock_height_Z": 0.1734, "upperleg_top_girth": 0.3942, "wrist_girth": 0.085, "body_height_Z": 1.0, "upperleg_length": 0.1678, "feet_length": 0.1432, "chest_depth_Y": 0.1602, "head_height_Z": 0.1314, "buttock_girth": 0.8052, "shoulders_width": 0.177, "forearm_length": 0.1441, "elbow_girth": 0.162, "lowerleg_length": 0.2344, "neck_girth": 0.199, "chest_width_X": 0.1647, "feet_height_Z": 0.0418, "buttock_width_X": 0.2675, "hands_length": 0.1095, "head_width_X": 0.0824, "buttock_depth_Y": 0.1926, "lowerleg_bottom_girth": 0.1443, "hands_width": 0.0472, "upperleg_bottom_girth": 0.2471, "upperarm_length": 0.1863, "chest_girth": 0.6045, "feet_heel_width": 0.0336, "upperarm_axillary_girth": 0.2522, "waist_girth": 0.5507, "torso_height_Z": 0.2417, "feet_width": 0.0542, "neck_height_Z": 0.0223, "lowerleg_calf_girth": 0.2319, "head_length": 0.1153}, "metaproperties": {"last_character_mass": 0.0, "last_character_tone": -1.0, "character_age": 0.0, "character_tone": -1.0, "character_mass": 0.0, "last_character_age": 0.0}, "manuellab_vers": [1, 3, 0], "structural": {"Legs_LowerlegsMass": 0.59, "Torso_Tone": -0.2, "Legs_KneeSize": 0.5, "Torso_Mass": 0.5, "Torso_BreastMass": 0.5, "Legs_UpperlegInCurve": 0.26, "Pelvis_GluteusTone": -0.35, "Neck_Tone": -0.29, "Neck_Mass": 0.5, "Neck_Collarbone": 0.8, "Shoulders_Mass": 0.59, "Torso_BreastTone": 0.7, "Feet_Mass": 0.5, "Arms_UpperarmMass": 0.59, "Stomach_Volume": 0.5, "Arms_ForearmMass": 0.5, "Stomach_LocalFat": 0.5, "Pelvis_GluteusMass": 0.82, "Cheeks_Mass": 0.5, "Torso_Dorsi": 0.65, "Shoulders_Tone": -0.5, "Arms_ForearmTone": -0.23, "Torso_SizeY": 0.71, "Hands_Mass": 0.5, "Waist_Size": 0.4, "Arms_UpperarmTone": -0.32, "Legs_UpperlegsMass": 0.5, "Legs_UpperlegsTone": -0.29, "Shoulders_PosZ": 0.56, "Wrists_Size": 0.45, "Legs_LowerlegsTone": -0.2}}