{"materialproperties": {"skin_complexion": 0, "skin_oil": 1, "eyes_value": 1, "skin_subderm": 0, "skin_bump": 0, "eyes_hue": 0, "skin_sss": 0, "eyes_saturation": 1, "skin_saturation": 1}, "metaproperties": {"last_character_tone": 0.23999999463558197, "character_mass": -0.14999999105930328, "last_character_mass": -0.14999999105930328, "character_tone": 0.23999999463558197, "character_age": 0.0, "last_character_age": 0.0}, "structural": {"Pelvis_SizeX": 0.53, "Torso_Mass": 0.35, "Arms_UpperarmTone": 1.24, "Neck_Tone": 1.24, "Cheeks_Mass": 0.11, "Neck_TrapeziousSize": 0.62, "Arms_UpperarmSize": 0.11, "Shoulders_Mass": 0.41, "Legs_UpperlegsTone": 1.13, "Pelvis_GluteusMass": 0.47, "Arms_UpperarmLength": 0.557, "Pelvis_GluteusTone": 0.92, "Arms_UpperarmMass": 0.41, "Feet_Mass": 0.35, "Torso_BreastMass": 0.575, "Head_Size": 0.56, "Stomach_LocalFat": 0.4925, "Pelvis_GluteusSize": 0.56, "Hands_Mass": 0.35, "Waist_Size": 0.3065, "Neck_Mass": 0.35, "Stomach_Volume": 0.497, "Legs_LowerlegsMass": 0.35, "Legs_LowerlegsTone": 1.16, "Legs_LowerlegLength": 0.6, "Torso_Dorsi": 0.8, "Shoulders_PosZ": 0.59, "Legs_UpperlegsMass": 0.35, "Shoulders_Tone": 0.71, "Arms_ForearmLength": 0.53, "Neck_Collarbone": 0.95, "Wrists_Size": 0.5165, "Torso_BreastTone": 0.798, "Legs_KneeSize": 0.548, "Legs_UpperlegLength": 0.6, "Torso_Tone": 1.16, "Arms_ForearmTone": 0.74}, "proportions": {}, "manuellab_vers": [1, 3, 0]}