{"materialproperties": {"skin_complexion": 0, "skin_saturation": 1, "skin_sss": 1, "skin_oil": 1, "skin_subderm": 0, "eyes_value": 1, "eyes_saturation": 1, "eyes_hue": 0, "skin_bump": 0}, "proportions": {"buttock_height_Z": 0.1927, "upperleg_top_girth": 0.4702, "wrist_girth": 0.0909, "body_height_Z": 1.0, "upperleg_length": 0.1746, "feet_length": 0.1432, "chest_depth_Y": 0.1704, "head_height_Z": 0.1345, "buttock_girth": 0.8125, "shoulders_width": 0.1762, "forearm_length": 0.1427, "elbow_girth": 0.1816, "lowerleg_length": 0.229, "neck_girth": 0.2535, "chest_width_X": 0.1492, "feet_height_Z": 0.0411, "buttock_width_X": 0.2923, "hands_length": 0.1097, "head_width_X": 0.0824, "buttock_depth_Y": 0.1653, "lowerleg_bottom_girth": 0.1627, "hands_width": 0.0499, "upperleg_bottom_girth": 0.317, "upperarm_length": 0.1895, "chest_girth": 0.6786, "feet_heel_width": 0.0349, "upperarm_axillary_girth": 0.2772, "waist_girth": 0.3885, "torso_height_Z": 0.2218, "feet_width": 0.0557, "neck_height_Z": 0.0194, "lowerleg_calf_girth": 0.2674, "head_length": 0.1153}, "metaproperties": {"last_character_mass": 1.0, "last_character_tone": 0.0, "character_age": 0.0, "character_tone": 0.0, "character_mass": 1.0, "last_character_age": 0.0}, "manuellab_vers": [1, 3, 0], "structural": {"Legs_LowerlegsMass": 1.0, "Feet_Mass": 1.5, "Torso_Tone": 1.0, "Arms_ForearmMass": 1.0, "Torso_Mass": 2.0, "Torso_BreastMass": 1.0, "Pelvis_GluteusTone": 0.0, "Neck_Tone": 0.0, "Neck_Mass": 1.0, "Legs_KneeSize": 0.7, "Shoulders_Mass": 1.0, "Cheeks_Mass": 1.0, "Arms_UpperarmMass": 1.0, "Shoulders_Tone": 0.0, "Stomach_LocalFat": 0.52, "Pelvis_GluteusMass": 1.02, "Stomach_Volume": 0.52, "Arms_ForearmTone": 0.0, "Hands_Mass": 1.5, "Waist_Size": 0.7, "Arms_UpperarmTone": 0.0, "Legs_UpperlegsMass": 1.0, "Legs_UpperlegsTone": 0.0, "Wrists_Size": 0.6, "Legs_LowerlegsTone": 0.0}}