{"materialproperties": {"skin_complexion": 0, "skin_saturation": 1, "skin_sss": 1, "skin_oil": 1, "skin_subderm": 0, "eyes_value": 1, "eyes_saturation": 1, "eyes_hue": 0, "skin_bump": 0}, "proportions": {"buttock_height_Z": 0.1667, "upperleg_top_girth": 0.4773, "wrist_girth": 0.0895, "body_height_Z": 1.0, "upperleg_length": 0.1719, "feet_length": 0.1491, "chest_depth_Y": 0.2039, "head_height_Z": 0.1425, "buttock_girth": 0.9168, "shoulders_width": 0.1714, "forearm_length": 0.1516, "elbow_girth": 0.1797, "lowerleg_length": 0.2258, "neck_girth": 0.2489, "chest_width_X": 0.1839, "feet_height_Z": 0.0428, "buttock_width_X": 0.3101, "hands_length": 0.1194, "head_width_X": 0.0848, "buttock_depth_Y": 0.2258, "lowerleg_bottom_girth": 0.1652, "hands_width": 0.0492, "upperleg_bottom_girth": 0.3157, "upperarm_length": 0.1999, "chest_girth": 0.7438, "feet_heel_width": 0.0363, "upperarm_axillary_girth": 0.3032, "waist_girth": 0.8254, "torso_height_Z": 0.246, "feet_width": 0.0579, "neck_height_Z": 0.0193, "lowerleg_calf_girth": 0.2663, "head_length": 0.1188}, "metaproperties": {"last_character_mass": 1.0, "last_character_tone": -0.5, "character_age": 0.0, "character_tone": -0.5, "character_mass": 1.0, "last_character_age": 0.0}, "manuellab_vers": [1, 3, 0], "structural": {"Torso_Tone": -0.12, "Feet_Size": 0.62, "Torso_BreastMass": 1.0, "Pelvis_GluteusTone": 0.0, "Hands_Mass": 1.14, "Neck_Tone": -0.15, "Legs_LowerlegsMass": 1.5, "Legs_KneeSize": 0.7, "Shoulders_Mass": 1.08, "Arms_UpperarmLength": 0.59, "Neck_Size": 0.35, "Stomach_Volume": 0.61, "Arms_ForearmLength": 0.65, "Forehead_SizeZ": 0.62, "Torso_SizeY": 0.29, "Shoulders_Tone": -0.26, "Waist_Size": 0.695, "Arms_UpperarmTone": -0.15, "Legs_UpperlegsMass": 1.5, "Legs_UpperlegsTone": -0.15, "Stomach_LocalFat": 0.52, "Arms_ForearmMass": 1.5, "Torso_Mass": 1.44, "Hands_FingersLength": 1.0, "Arms_ForearmTone": 0.0, "Chin_Tone": 0.29, "Torso_Vshape": 0.38, "Neck_Mass": 1.32, "Torso_BreastTone": 0.6, "Feet_Mass": 1.23, "Neck_Angle": 0.29, "Arms_UpperarmSize": 0.47, "Cheeks_Mass": 1.5, "Pelvis_GluteusMass": 1.5, "Arms_ForearmSize": 0.44, "Pelvis_SizeX": 0.62, "Neck_Length": 0.41, "Arms_UpperarmMass": 1.38, "Hands_FingersInterDist": 0.38, "Head_Size": 0.59, "Shoulders_PosZ": 0.14, "Torso_ToracicCurve": 1.0, "Wrists_Size": 0.575, "Legs_LowerlegsTone": 0.0}}