{"materialproperties": {"skin_complexion": 0, "skin_oil": 1, "eyes_value": 1, "skin_subderm": 0, "skin_bump": 0, "eyes_hue": 0, "skin_sss": 1, "eyes_saturation": 1, "skin_saturation": 1}, "metaproperties": {"last_character_tone": 0.0, "character_mass": 0.0, "last_character_mass": 0.0, "character_tone": 0.0, "character_age": 0.0, "last_character_age": 0.0}, "structural": {"Pelvis_GluteusMass": 0.35, "Pelvis_SizeX": 0.86, "Hands_FingersLength": 0.11, "Torso_Mass": 0.59, "Legs_LowerlegsMass": 0.53, "Neck_Tone": 0.47, "Torso_Vshape": 0.41, "Neck_Mass": 0.62, "Legs_UpperlegsMass": 0.23, "Legs_UpperlegsTone": 0.35, "Arms_ForearmLength": 0.65, "Pelvis_SizeY": 0.8, "Neck_Length": 0.35, "Arms_UpperarmLength": 0.59, "Hands_Mass": 1.0, "Feet_Mass": 0.74, "Hands_Size": 0.32, "Feet_Size": 0.29, "Head_Size": 0.47, "Legs_UpperlegLength": 0.05, "Torso_Tone": 0.41}, "proportions": {}, "manuellab_vers": [1, 3, 0]}