{"materialproperties": {"skin_complexion": 0, "skin_saturation": 1, "skin_sss": 0, "skin_oil": 1, "skin_subderm": 0, "eyes_value": 1, "eyes_saturation": 1, "eyes_hue": 0, "skin_bump": 0}, "proportions": {"buttock_height_Z": 0.1358, "upperleg_top_girth": 0.2562, "wrist_girth": 0.0852, "body_height_Z": 1.0, "upperleg_length": 0.2014, "feet_length": 0.1451, "chest_depth_Y": 0.107, "head_height_Z": 0.1343, "buttock_girth": 0.4825, "shoulders_width": 0.1835, "forearm_length": 0.1471, "elbow_girth": 0.1472, "lowerleg_length": 0.2387, "neck_girth": 0.1426, "chest_width_X": 0.1525, "feet_height_Z": 0.0431, "buttock_width_X": 0.183, "hands_length": 0.111, "head_width_X": 0.0863, "buttock_depth_Y": 0.1009, "lowerleg_bottom_girth": 0.1308, "hands_width": 0.0465, "upperleg_bottom_girth": 0.1821, "upperarm_length": 0.1833, "chest_girth": 0.4743, "feet_heel_width": 0.0339, "upperarm_axillary_girth": 0.1675, "waist_girth": 0.3085, "torso_height_Z": 0.2278, "feet_width": 0.0549, "neck_height_Z": 0.0302, "lowerleg_calf_girth": 0.2018, "head_length": 0.1209}, "metaproperties": {"last_character_mass": -0.5, "last_character_tone": -1.0, "character_age": 0.0, "character_tone": -1.0, "character_mass": -0.5, "last_character_age": 0.0}, "manuellab_vers": [1, 3, 0], "structural": {"Legs_LowerlegsMass": 0.39, "Torso_Tone": -0.47, "Arms_ForearmMass": 0.0, "Torso_Mass": 0.24, "Legs_UpperlegLength": 0.32, "Pelvis_GluteusTone": -0.5, "Neck_Tone": -0.5, "Torso_Vshape": 0.62, "Neck_Mass": 0.0, "Shoulders_Mass": 0.12, "Torso_BreastTone": 0.7, "Feet_Mass": 0.0, "Arms_UpperarmMass": 0.0, "Stomach_Volume": 0.49, "Arms_UpperarmSize": 0.71, "Stomach_LocalFat": 0.475, "Pelvis_GluteusMass": 0.21, "Cheeks_Mass": 0.0, "Arms_ForearmSize": 0.71, "Legs_LowerlegsTone": -0.05, "Shoulders_Tone": -0.38, "Arms_ForearmTone": -0.5, "Shoulders_Size": 0.56, "Hands_Mass": 0.0, "Waist_Size": 0.485, "Legs_LowerlegLength": 0.39, "Arms_UpperarmTone": -0.5, "Torso_BreastMass": 0.25, "Legs_UpperlegsMass": 0.18, "Legs_UpperlegsTone": -0.65, "Shoulders_PosZ": 0.74, "Wrists_Size": 0.425, "Torso_SizeX": 0.59, "Head_Size": 0.59}}