{"materialproperties": {"skin_complexion": 0, "skin_saturation": 1, "skin_sss": 0, "skin_oil": 1, "skin_subderm": 0, "eyes_value": 1, "eyes_saturation": 1, "eyes_hue": 0, "skin_bump": 0}, "proportions": {"buttock_height_Z": 0.1441, "upperleg_top_girth": 0.2939, "wrist_girth": 0.0821, "body_height_Z": 1.0, "upperleg_length": 0.1911, "feet_length": 0.1414, "chest_depth_Y": 0.1022, "head_height_Z": 0.1338, "buttock_girth": 0.5669, "shoulders_width": 0.1662, "forearm_length": 0.1337, "elbow_girth": 0.1432, "lowerleg_length": 0.2578, "neck_girth": 0.1544, "chest_width_X": 0.1455, "feet_height_Z": 0.0426, "buttock_width_X": 0.2085, "hands_length": 0.1036, "head_width_X": 0.0859, "buttock_depth_Y": 0.1236, "lowerleg_bottom_girth": 0.1145, "hands_width": 0.0453, "upperleg_bottom_girth": 0.1979, "upperarm_length": 0.1843, "chest_girth": 0.4425, "feet_heel_width": 0.0329, "upperarm_axillary_girth": 0.1745, "waist_girth": 0.3325, "torso_height_Z": 0.2201, "feet_width": 0.0535, "neck_height_Z": 0.0253, "lowerleg_calf_girth": 0.2119, "head_length": 0.1203}, "metaproperties": {"last_character_mass": -1.0, "last_character_tone": 0.0, "character_age": 0.0, "character_tone": 0.0, "character_mass": -1.0, "last_character_age": 0.0}, "manuellab_vers": [1, 3, 0], "structural": {"Stomach_Volume": 0.48, "Torso_Tone": 0.44, "Pelvis_SizeY": 0.8, "Arms_ForearmMass": -0.38, "Torso_Mass": -0.2, "Hands_Size": 0.32, "Torso_BreastMass": 0.0, "Neck_Length": 0.08, "Neck_Tone": 0.47, "Torso_Vshape": 0.26, "Neck_Mass": -0.26, "Feet_Size": 0.29, "Shoulders_Mass": -0.5, "Feet_Mass": -0.26, "Arms_UpperarmMass": -0.35, "Arms_UpperarmLength": 0.44, "Legs_UpperlegsTone": 0.53, "Arms_UpperarmTone": 0.44, "Stomach_LocalFat": 0.45, "Pelvis_GluteusMass": -0.29, "Cheeks_Mass": -0.5, "Pelvis_SizeX": 0.86, "Legs_LowerlegsTone": 0.74, "Arms_ForearmLength": 0.2, "Arms_ForearmTone": 0.59, "Hands_Mass": 0.0, "Waist_Size": 0.49, "Head_Size": 0.47, "Hands_FingersLength": 0.11, "Legs_UpperlegsMass": -0.38, "Legs_UpperlegLength": 0.05, "Shoulders_PosZ": 0.35, "Wrists_Size": 0.45, "Legs_LowerlegsMass": -0.2}}