{"materialproperties": {"skin_complexion": 0, "skin_saturation": 1, "skin_sss": 1, "skin_oil": 1, "skin_subderm": 0, "eyes_value": 1, "eyes_saturation": 1, "eyes_hue": 0, "skin_bump": 0}, "proportions": {"buttock_height_Z": 0.1925, "upperleg_top_girth": 0.4702, "wrist_girth": 0.0892, "body_height_Z": 1.0, "upperleg_length": 0.1747, "feet_length": 0.1432, "chest_depth_Y": 0.1574, "head_height_Z": 0.1345, "buttock_girth": 0.8125, "shoulders_width": 0.1762, "forearm_length": 0.1427, "elbow_girth": 0.1816, "lowerleg_length": 0.2286, "neck_girth": 0.2535, "chest_width_X": 0.1451, "feet_height_Z": 0.0411, "buttock_width_X": 0.2923, "hands_length": 0.1097, "head_width_X": 0.0824, "buttock_depth_Y": 0.1649, "lowerleg_bottom_girth": 0.1627, "hands_width": 0.0499, "upperleg_bottom_girth": 0.3152, "upperarm_length": 0.1895, "chest_girth": 0.6172, "feet_heel_width": 0.0349, "upperarm_axillary_girth": 0.2753, "waist_girth": 0.3749, "torso_height_Z": 0.2221, "feet_width": 0.0557, "neck_height_Z": 0.0194, "lowerleg_calf_girth": 0.2677, "head_length": 0.1153}, "metaproperties": {"last_character_mass": 0.5, "last_character_tone": 0.0, "character_age": 0.0, "character_tone": 0.0, "character_mass": 0.5, "last_character_age": 0.0}, "manuellab_vers": [1, 3, 0], "structural": {"Legs_LowerlegsMass": 1.5, "Feet_Mass": 1.5, "Torso_Tone": 1.0, "Arms_ForearmMass": 1.5, "Torso_BreastMass": 0.75, "Pelvis_GluteusTone": 0.0, "Hands_Mass": 1.0, "Neck_Tone": 0.0, "Neck_Mass": 1.5, "Legs_KneeSize": 0.6, "Shoulders_Mass": 1.5, "Cheeks_Mass": 1.5, "Arms_UpperarmMass": 1.5, "Stomach_LocalFat": 0.51, "Pelvis_GluteusMass": 1.5, "Stomach_Volume": 0.51, "Arms_ForearmTone": 0.0, "Shoulders_Tone": 0.0, "Waist_Size": 0.6, "Arms_UpperarmTone": 0.0, "Legs_UpperlegsMass": 1.5, "Legs_UpperlegsTone": 0.0, "Wrists_Size": 0.55, "Legs_LowerlegsTone": 0.0}}