{"materialproperties": {"skin_complexion": 0, "skin_saturation": 1, "skin_sss": 1, "skin_oil": 1, "skin_subderm": 0, "eyes_value": 1, "eyes_saturation": 1, "eyes_hue": 0, "skin_bump": 0}, "proportions": {"buttock_height_Z": 0.1579, "upperleg_top_girth": 0.4236, "wrist_girth": 0.0897, "body_height_Z": 1.0, "upperleg_length": 0.2073, "feet_length": 0.1462, "chest_depth_Y": 0.1734, "head_height_Z": 0.1276, "buttock_girth": 0.7045, "shoulders_width": 0.1584, "forearm_length": 0.1525, "elbow_girth": 0.1746, "lowerleg_length": 0.2294, "neck_girth": 0.2194, "chest_width_X": 0.1537, "feet_height_Z": 0.0423, "buttock_width_X": 0.268, "hands_length": 0.1171, "head_width_X": 0.0773, "buttock_depth_Y": 0.1412, "lowerleg_bottom_girth": 0.1549, "hands_width": 0.0483, "upperleg_bottom_girth": 0.308, "upperarm_length": 0.1902, "chest_girth": 0.6719, "feet_heel_width": 0.0355, "upperarm_axillary_girth": 0.2745, "waist_girth": 0.4995, "torso_height_Z": 0.2241, "feet_width": 0.0568, "neck_height_Z": 0.0231, "lowerleg_calf_girth": 0.2553, "head_length": 0.1082}, "metaproperties": {"last_character_mass": 1.0, "last_character_tone": 0.0, "character_age": 0.0, "character_tone": 0.0, "character_mass": 1.0, "last_character_age": 0.0}, "manuellab_vers": [1, 3, 0], "structural": {"Torso_BreastMass": 1.0, "Torso_Tone": 0.62, "Pelvis_SizeY": 0.02, "Arms_ForearmMass": 1.5, "Torso_Mass": 1.62, "Hands_FingersLength": 1.0, "Legs_UpperlegInCurve": 0.74, "Chin_Tone": 0.29, "Torso_Vshape": 0.26, "Neck_Mass": 1.5, "Legs_KneeSize": 0.7, "Shoulders_Mass": 1.08, "Feet_Mass": 1.23, "Arms_UpperarmLength": 0.59, "Stomach_Volume": 0.61, "Arms_UpperarmSize": 0.47, "Stomach_LocalFat": 0.52, "Pelvis_GluteusMass": 1.5, "Feet_Size": 0.62, "Cheeks_Mass": 1.5, "Shoulders_Tone": 0.24, "Arms_ForearmSize": 0.44, "Legs_LowerlegsTone": 0.32, "Legs_UpperlegSize": 0.44, "Arms_ForearmLength": 0.65, "Forehead_SizeZ": 0.62, "Arms_UpperarmMass": 1.38, "Torso_SizeY": 0.29, "Hands_FingersInterDist": 0.38, "Hands_Mass": 1.14, "Waist_Size": 0.7, "Head_Size": 0.29, "Arms_UpperarmTone": 0.35, "Legs_UpperlegLength": 0.65, "Legs_UpperlegsMass": 1.23, "Legs_UpperlegsTone": 0.23, "Shoulders_PosZ": 0.41, "Torso_ToracicCurve": 1.0, "Wrists_Size": 0.6, "Legs_LowerlegLength": 0.54, "Legs_LowerlegsMass": 1.17}}