{"materialproperties": {"skin_complexion": 0, "skin_saturation": 1, "skin_sss": 0, "skin_oil": 1, "skin_subderm": 0, "eyes_value": 1, "eyes_saturation": 1, "eyes_hue": 0, "skin_bump": 0}, "proportions": {"buttock_height_Z": 0.1596, "upperleg_top_girth": 0.4507, "wrist_girth": 0.0846, "body_height_Z": 1.0, "upperleg_length": 0.1815, "feet_length": 0.1439, "chest_depth_Y": 0.1884, "head_height_Z": 0.1333, "buttock_girth": 0.8508, "shoulders_width": 0.1745, "forearm_length": 0.1462, "elbow_girth": 0.1772, "lowerleg_length": 0.2243, "neck_girth": 0.25, "chest_width_X": 0.1818, "feet_height_Z": 0.0413, "buttock_width_X": 0.2954, "hands_length": 0.1152, "head_width_X": 0.0792, "buttock_depth_Y": 0.1965, "lowerleg_bottom_girth": 0.1584, "hands_width": 0.0457, "upperleg_bottom_girth": 0.3019, "upperarm_length": 0.1915, "chest_girth": 0.6965, "feet_heel_width": 0.0345, "upperarm_axillary_girth": 0.2845, "waist_girth": 0.7689, "torso_height_Z": 0.2598, "feet_width": 0.0551, "neck_height_Z": 0.013, "lowerleg_calf_girth": 0.2571, "head_length": 0.1109}, "metaproperties": {"last_character_mass": 0.5, "last_character_tone": -0.5, "character_age": 0.0, "character_tone": -0.5, "character_mass": 0.5, "last_character_age": 0.0}, "manuellab_vers": [1, 3, 0], "structural": {"Feet_Mass": 0.73, "Torso_Tone": 0.03, "Feet_Size": 0.62, "Torso_BreastMass": 0.75, "Pelvis_GluteusTone": 0.0, "Hands_Mass": 0.64, "Neck_Tone": 0.0, "Legs_LowerlegsMass": 1.0, "Legs_KneeSize": 0.6, "Shoulders_Mass": 0.7, "Arms_UpperarmLength": 0.59, "Stomach_LocalFat": 0.51, "Stomach_Volume": 0.51, "Arms_ForearmLength": 0.65, "Forehead_SizeZ": 0.62, "Shoulders_Tone": -0.26, "Waist_Size": 0.385, "Arms_UpperarmTone": -0.12, "Legs_UpperlegsMass": 1.09, "Legs_UpperlegInCurve": 0.65, "Pelvis_SizeY": 0.02, "Arms_ForearmMass": 1.0, "Torso_Mass": 1.3, "Hands_FingersLength": 1.0, "Arms_ForearmTone": 0.0, "Chin_Tone": 0.29, "Neck_Mass": 1.0, "Torso_BreastTone": 0.6, "Cheeks_Mass": 1.0, "Torso_Length": 0.71, "Legs_UpperlegsTone": -0.27, "Arms_UpperarmSize": 0.56, "Pelvis_GluteusMass": 1.15, "Arms_ForearmSize": 0.59, "Legs_UpperlegSize": 0.44, "Arms_UpperarmMass": 1.03, "Hands_FingersInterDist": 0.38, "Legs_LowerlegLength": 0.54, "Legs_UpperlegLength": 0.65, "Shoulders_PosZ": 0.56, "Torso_ToracicCurve": 1.0, "Wrists_Size": 0.525, "Torso_SizeX": 0.56, "Legs_LowerlegsTone": -0.18}}