{"materialproperties": {"skin_complexion": 0, "skin_saturation": 1, "skin_sss": 0, "skin_oil": 1, "skin_subderm": 0, "eyes_value": 1, "eyes_saturation": 1, "eyes_hue": 0, "skin_bump": 0}, "proportions": {"buttock_height_Z": 0.1609, "upperleg_top_girth": 0.4593, "wrist_girth": 0.0903, "body_height_Z": 1.0, "upperleg_length": 0.1933, "feet_length": 0.1432, "chest_depth_Y": 0.1913, "head_height_Z": 0.1314, "buttock_girth": 0.7884, "shoulders_width": 0.1685, "forearm_length": 0.1475, "elbow_girth": 0.1814, "lowerleg_length": 0.2321, "neck_girth": 0.2277, "chest_width_X": 0.1721, "feet_height_Z": 0.0421, "buttock_width_X": 0.2909, "hands_length": 0.1097, "head_width_X": 0.0824, "buttock_depth_Y": 0.1757, "lowerleg_bottom_girth": 0.1414, "hands_width": 0.0499, "upperleg_bottom_girth": 0.3169, "upperarm_length": 0.1793, "chest_girth": 0.7107, "feet_heel_width": 0.0346, "upperarm_axillary_girth": 0.278, "waist_girth": 0.7383, "torso_height_Z": 0.2209, "feet_width": 0.0557, "neck_height_Z": 0.0336, "lowerleg_calf_girth": 0.2526, "head_length": 0.1153}, "metaproperties": {"last_character_mass": 0.5, "last_character_tone": 0.0, "character_age": 0.0, "character_tone": 0.0, "character_mass": 0.5, "last_character_age": 0.0}, "manuellab_vers": [1, 3, 0], "structural": {"Legs_LowerlegsMass": 1.0, "Arms_ForearmMass": 1.0, "Torso_Mass": 1.0, "Torso_BreastMass": 0.75, "Wrists_Size": 0.55, "Stomach_Volume": 0.51, "Torso_Vshape": 0.38, "Neck_Mass": 1.0, "Legs_KneeSize": 0.6, "Shoulders_Mass": 1.0, "Feet_Mass": 1.0, "Legs_UpperlegsTone": 0.26, "Stomach_LocalFat": 0.93, "Pelvis_GluteusMass": 1.0, "Cheeks_Mass": 1.0, "Pelvis_SizeX": 0.8, "Arms_UpperarmMass": 1.18, "Hands_Mass": 1.0, "Waist_Size": 0.96, "Shoulders_Length": 0.32, "Legs_UpperlegsMass": 1.21, "Legs_UpperlegInCurve": 0.23, "Shoulders_PosZ": 0.17, "Pelvis_GluteusSize": 0.59}}