{"materialproperties": {"skin_complexion": 0, "skin_saturation": 1, "skin_sss": 1, "skin_oil": 1, "skin_subderm": 0, "eyes_value": 1, "eyes_saturation": 1, "eyes_hue": 0, "skin_bump": 0}, "proportions": {"buttock_height_Z": 0.1686, "upperleg_top_girth": 0.4819, "wrist_girth": 0.0827, "body_height_Z": 1.0, "upperleg_length": 0.1744, "feet_length": 0.1355, "chest_depth_Y": 0.1975, "head_height_Z": 0.1345, "buttock_girth": 0.9475, "shoulders_width": 0.1655, "forearm_length": 0.1435, "elbow_girth": 0.1826, "lowerleg_length": 0.2328, "neck_girth": 0.2587, "chest_width_X": 0.1859, "feet_height_Z": 0.0388, "buttock_width_X": 0.3213, "hands_length": 0.0994, "head_width_X": 0.0824, "buttock_depth_Y": 0.2351, "lowerleg_bottom_girth": 0.1595, "hands_width": 0.0474, "upperleg_bottom_girth": 0.3169, "upperarm_length": 0.1927, "chest_girth": 0.7209, "feet_heel_width": 0.0332, "upperarm_axillary_girth": 0.301, "waist_girth": 0.8159, "torso_height_Z": 0.2652, "feet_width": 0.0528, "neck_height_Z": 0.0018, "lowerleg_calf_girth": 0.2691, "head_length": 0.1153}, "metaproperties": {"last_character_mass": 0.5, "last_character_tone": -1.0, "character_age": 0.0, "character_tone": -1.0, "character_mass": 0.5, "last_character_age": 0.0}, "manuellab_vers": [1, 3, 0], "structural": {"Legs_LowerlegsMass": 1.0, "Torso_Tone": -0.77, "Pelvis_SizeY": 0.8, "Arms_ForearmMass": 1.0, "Torso_Mass": 1.15, "Hands_Size": 0.32, "Hands_FingersLength": 0.11, "Pelvis_GluteusTone": -0.5, "Neck_Tone": -0.5, "Torso_Vshape": 0.26, "Neck_Mass": 1.33, "Legs_KneeSize": 0.6, "Shoulders_Mass": 1.0, "Torso_BreastTone": 0.7, "Feet_Mass": 1.24, "Arms_UpperarmMass": 1.0, "Stomach_Volume": 0.51, "Arms_UpperarmTone": -0.5, "Stomach_LocalFat": 0.51, "Pelvis_GluteusMass": 1.21, "Feet_Size": 0.29, "Cheeks_Mass": 1.0, "Pelvis_SizeX": 0.86, "Shoulders_Tone": -0.5, "Neck_Length": 0.38, "Arms_ForearmTone": -0.5, "Hands_Mass": 1.5, "Waist_Size": 0.59, "Head_Size": 0.47, "Torso_BreastMass": 0.75, "Legs_UpperlegsMass": 1.0, "Legs_UpperlegsTone": -0.5, "Shoulders_PosZ": 0.77, "Wrists_Size": 0.5, "Legs_LowerlegsTone": -0.5}}