{"materialproperties": {"skin_complexion": 0, "skin_saturation": 1, "skin_sss": 1, "skin_oil": 1, "skin_subderm": 0, "eyes_value": 1, "eyes_saturation": 1, "eyes_hue": 0, "skin_bump": 0}, "proportions": {"buttock_height_Z": 0.1345, "upperleg_top_girth": 0.2565, "wrist_girth": 0.0834, "body_height_Z": 1.0, "upperleg_length": 0.2076, "feet_length": 0.1432, "chest_depth_Y": 0.1123, "head_height_Z": 0.1282, "buttock_girth": 0.4929, "shoulders_width": 0.1735, "forearm_length": 0.1453, "elbow_girth": 0.1364, "lowerleg_length": 0.2432, "neck_girth": 0.1401, "chest_width_X": 0.1408, "feet_height_Z": 0.0431, "buttock_width_X": 0.1813, "hands_length": 0.1095, "head_width_X": 0.0824, "buttock_depth_Y": 0.106, "lowerleg_bottom_girth": 0.1148, "hands_width": 0.0459, "upperleg_bottom_girth": 0.1825, "upperarm_length": 0.1793, "chest_girth": 0.4627, "feet_heel_width": 0.0332, "upperarm_axillary_girth": 0.1688, "waist_girth": 0.3112, "torso_height_Z": 0.2191, "feet_width": 0.0542, "neck_height_Z": 0.0354, "lowerleg_calf_girth": 0.1766, "head_length": 0.1153}, "metaproperties": {"last_character_mass": -0.5, "last_character_tone": -0.5, "character_age": 0.0, "character_tone": -0.5, "character_mass": -0.5, "last_character_age": 0.0}, "manuellab_vers": [1, 3, 0], "structural": {"Legs_LowerlegsMass": 0.09, "Torso_Tone": 0.3, "Legs_KneeSize": 0.5, "Torso_Mass": -0.0, "Torso_BreastMass": 0.25, "Legs_UpperlegInCurve": 0.26, "Pelvis_GluteusTone": 0.15, "Neck_Tone": 0.21, "Neck_Mass": -0.0, "Neck_Collarbone": 0.8, "Shoulders_Mass": 0.09, "Torso_BreastTone": 0.6, "Feet_Mass": -0.0, "Arms_UpperarmMass": 0.09, "Stomach_Volume": 0.49, "Arms_ForearmMass": -0.0, "Stomach_LocalFat": 0.475, "Pelvis_GluteusMass": 0.32, "Cheeks_Mass": -0.0, "Torso_Dorsi": 0.65, "Shoulders_Tone": 0.0, "Arms_ForearmTone": 0.27, "Torso_SizeY": 0.71, "Hands_Mass": -0.0, "Waist_Size": 0.4, "Arms_UpperarmTone": 0.18, "Legs_UpperlegsMass": -0.0, "Legs_UpperlegsTone": 0.21, "Shoulders_PosZ": 0.56, "Wrists_Size": 0.45, "Legs_LowerlegsTone": 0.3}}