{"materialproperties": {"skin_complexion": 0, "skin_saturation": 1, "skin_sss": 1, "skin_oil": 1, "skin_subderm": 0, "eyes_value": 1, "eyes_saturation": 1, "eyes_hue": 0, "skin_bump": 0}, "proportions": {"buttock_height_Z": 0.1504, "upperleg_top_girth": 0.4222, "wrist_girth": 0.0903, "body_height_Z": 1.0, "upperleg_length": 0.1896, "feet_length": 0.1432, "chest_depth_Y": 0.1793, "head_height_Z": 0.1314, "buttock_girth": 0.7226, "shoulders_width": 0.1883, "forearm_length": 0.1475, "elbow_girth": 0.1814, "lowerleg_length": 0.2361, "neck_girth": 0.2285, "chest_width_X": 0.1774, "feet_height_Z": 0.0407, "buttock_width_X": 0.2547, "hands_length": 0.1097, "head_width_X": 0.0824, "buttock_depth_Y": 0.171, "lowerleg_bottom_girth": 0.1724, "hands_width": 0.0499, "upperleg_bottom_girth": 0.2862, "upperarm_length": 0.1859, "chest_girth": 0.6818, "feet_heel_width": 0.035, "upperarm_axillary_girth": 0.2716, "waist_girth": 0.5591, "torso_height_Z": 0.2385, "feet_width": 0.0557, "neck_height_Z": 0.0246, "lowerleg_calf_girth": 0.2518, "head_length": 0.1153}, "metaproperties": {"last_character_mass": 0.5, "last_character_tone": 0.0, "character_age": 0.0, "character_tone": 0.0, "character_mass": 0.5, "last_character_age": 0.0}, "manuellab_vers": [1, 3, 0], "structural": {"Stomach_LocalFat": 0.51, "Pelvis_GluteusMass": 1.0, "Feet_Mass": 1.0, "Torso_Tone": 0.0, "Arms_ForearmMass": 1.0, "Waist_Size": 0.6, "Torso_BreastMass": 0.75, "Legs_AnkleSize": 0.9, "Arms_UpperarmMass": 1.0, "Stomach_Volume": 0.51, "Hands_Mass": 1.0, "Torso_Vshape": 0.86, "Neck_Mass": 1.0, "Legs_KneeSize": 0.6, "Shoulders_Mass": 1.0, "Legs_UpperlegsMass": 1.0, "Cheeks_Mass": 1.0, "Legs_LowerlegsMass": 1.0, "Wrists_Size": 0.55}}