{"materialproperties": {"skin_complexion": 0, "skin_saturation": 1, "skin_sss": 0, "skin_oil": 1, "skin_subderm": 0, "eyes_value": 1, "eyes_saturation": 1, "eyes_hue": 0, "skin_bump": 0}, "proportions": {"buttock_height_Z": 0.1554, "upperleg_top_girth": 0.368, "wrist_girth": 0.0849, "body_height_Z": 1.0, "upperleg_length": 0.1977, "feet_length": 0.1435, "chest_depth_Y": 0.1537, "head_height_Z": 0.1298, "buttock_girth": 0.6432, "shoulders_width": 0.168, "forearm_length": 0.149, "elbow_girth": 0.1537, "lowerleg_length": 0.2316, "neck_girth": 0.1907, "chest_width_X": 0.1494, "feet_height_Z": 0.0425, "buttock_width_X": 0.2421, "hands_length": 0.1149, "head_width_X": 0.079, "buttock_depth_Y": 0.1273, "lowerleg_bottom_girth": 0.1298, "hands_width": 0.0456, "upperleg_bottom_girth": 0.2497, "upperarm_length": 0.1841, "chest_girth": 0.6236, "feet_heel_width": 0.034, "upperarm_axillary_girth": 0.2217, "waist_girth": 0.3952, "torso_height_Z": 0.2148, "feet_width": 0.055, "neck_height_Z": 0.0388, "lowerleg_calf_girth": 0.2136, "head_length": 0.1106}, "metaproperties": {"last_character_mass": 0.5, "last_character_tone": 0.0, "character_age": 0.0, "character_tone": 0.0, "character_mass": 0.5, "last_character_age": 0.0}, "manuellab_vers": [1, 3, 0], "structural": {"Torso_Tone": 0.68, "Feet_Size": 0.62, "Torso_BreastMass": 0.75, "Hands_Mass": 0.64, "Neck_Tone": 0.35, "Legs_LowerlegsMass": 0.67, "Legs_KneeSize": 0.6, "Shoulders_Mass": 0.58, "Arms_UpperarmLength": 0.59, "Neck_Size": 0.35, "Stomach_Volume": 0.51, "Arms_ForearmLength": 0.65, "Forehead_SizeZ": 0.62, "Torso_SizeY": 0.29, "Shoulders_Tone": 0.24, "Waist_Size": 0.39, "Arms_UpperarmTone": 0.35, "Legs_UpperlegsMass": 0.73, "Legs_UpperlegInCurve": 0.74, "Stomach_LocalFat": 0.51, "Pelvis_SizeY": 0.02, "Arms_ForearmMass": 1.0, "Torso_Mass": 1.03, "Hands_FingersLength": 1.0, "Chin_Tone": 0.29, "Neck_Mass": 0.73, "Feet_Mass": 0.73, "Neck_Angle": 0.29, "Torso_Length": 0.71, "Legs_UpperlegsTone": 0.23, "Arms_UpperarmSize": 0.17, "Cheeks_Mass": 1.0, "Pelvis_GluteusMass": 1.0, "Arms_ForearmSize": 0.2, "Legs_UpperlegSize": 0.44, "Neck_Length": 0.56, "Arms_UpperarmMass": 0.88, "Hands_FingersInterDist": 0.38, "Legs_UpperlegLength": 0.65, "Shoulders_PosZ": 0.14, "Torso_ToracicCurve": 1.0, "Wrists_Size": 0.55, "Legs_LowerlegLength": 0.54, "Legs_LowerlegsTone": 0.32}}