{"materialproperties": {"skin_complexion": 0, "skin_saturation": 1, "skin_sss": 1, "skin_oil": 1, "skin_subderm": 0, "eyes_value": 1, "eyes_saturation": 1, "eyes_hue": 0, "skin_bump": 0}, "proportions": {"buttock_height_Z": 0.1627, "upperleg_top_girth": 0.4464, "wrist_girth": 0.0844, "body_height_Z": 1.0, "upperleg_length": 0.1826, "feet_length": 0.1462, "chest_depth_Y": 0.1853, "head_height_Z": 0.1306, "buttock_girth": 0.8674, "shoulders_width": 0.1597, "forearm_length": 0.1486, "elbow_girth": 0.1762, "lowerleg_length": 0.2296, "neck_girth": 0.2497, "chest_width_X": 0.1806, "feet_height_Z": 0.0424, "buttock_width_X": 0.2969, "hands_length": 0.117, "head_width_X": 0.0773, "buttock_depth_Y": 0.2023, "lowerleg_bottom_girth": 0.1522, "hands_width": 0.0464, "upperleg_bottom_girth": 0.299, "upperarm_length": 0.1935, "chest_girth": 0.6892, "feet_heel_width": 0.0349, "upperarm_axillary_girth": 0.2702, "waist_girth": 0.7948, "torso_height_Z": 0.2451, "feet_width": 0.056, "neck_height_Z": 0.0201, "lowerleg_calf_girth": 0.2422, "head_length": 0.1082}, "metaproperties": {"last_character_mass": 0.5, "last_character_tone": -1.0, "character_age": 0.0, "character_tone": -1.0, "character_mass": 0.5, "last_character_age": 0.0}, "manuellab_vers": [1, 3, 0], "structural": {"Feet_Mass": 0.73, "Torso_Tone": -0.38, "Feet_Size": 0.62, "Torso_BreastMass": 0.75, "Pelvis_GluteusTone": -0.5, "Hands_Mass": 0.64, "Neck_Tone": -0.5, "Legs_LowerlegsMass": 0.67, "Legs_KneeSize": 0.6, "Shoulders_Mass": 0.58, "Arms_UpperarmLength": 0.59, "Stomach_LocalFat": 0.51, "Stomach_Volume": 0.6, "Arms_ForearmLength": 0.65, "Forehead_SizeZ": 0.62, "Torso_SizeY": 0.29, "Shoulders_Tone": -0.76, "Waist_Size": 0.59, "Arms_UpperarmTone": -0.65, "Legs_UpperlegsMass": 0.73, "Legs_UpperlegInCurve": 0.74, "Pelvis_SizeY": 0.02, "Arms_ForearmMass": 1.0, "Torso_Mass": 1.12, "Hands_FingersLength": 1.0, "Arms_ForearmTone": -0.5, "Chin_Tone": 0.29, "Torso_Vshape": 0.26, "Neck_Mass": 1.0, "Torso_BreastTone": 0.7, "Cheeks_Mass": 1.0, "Legs_UpperlegsTone": -0.77, "Arms_UpperarmSize": 0.47, "Pelvis_GluteusMass": 1.0, "Arms_ForearmSize": 0.44, "Legs_UpperlegSize": 0.44, "Arms_UpperarmMass": 0.88, "Hands_FingersInterDist": 0.38, "Head_Size": 0.29, "Legs_UpperlegLength": 0.65, "Shoulders_PosZ": 0.41, "Torso_ToracicCurve": 1.0, "Wrists_Size": 0.5, "Legs_LowerlegLength": 0.54, "Legs_LowerlegsTone": -0.68}}