{"materialproperties": {"skin_complexion": 0, "skin_saturation": 1, "skin_sss": 1, "skin_oil": 1, "skin_subderm": 0, "eyes_value": 1, "eyes_saturation": 1, "eyes_hue": 0, "skin_bump": 0}, "proportions": {"buttock_height_Z": 0.1397, "upperleg_top_girth": 0.3222, "wrist_girth": 0.0846, "body_height_Z": 1.0, "upperleg_length": 0.2083, "feet_length": 0.1491, "chest_depth_Y": 0.1094, "head_height_Z": 0.1362, "buttock_girth": 0.5697, "shoulders_width": 0.1653, "forearm_length": 0.1543, "elbow_girth": 0.135, "lowerleg_length": 0.2391, "neck_girth": 0.1483, "chest_width_X": 0.1397, "feet_height_Z": 0.0449, "buttock_width_X": 0.2107, "hands_length": 0.1193, "head_width_X": 0.0848, "buttock_depth_Y": 0.1233, "lowerleg_bottom_girth": 0.1176, "hands_width": 0.0457, "upperleg_bottom_girth": 0.2144, "upperarm_length": 0.1878, "chest_girth": 0.476, "feet_heel_width": 0.0346, "upperarm_axillary_girth": 0.1689, "waist_girth": 0.344, "torso_height_Z": 0.2013, "feet_width": 0.0564, "neck_height_Z": 0.0422, "lowerleg_calf_girth": 0.2002, "head_length": 0.1188}, "metaproperties": {"last_character_mass": 0.0, "last_character_tone": 0.0, "character_age": 0.0, "character_tone": 0.0, "character_mass": 0.0, "last_character_age": 0.0}, "manuellab_vers": [1, 3, 0], "structural": {"Torso_Tone": 0.38, "Torso_Mass": 0.44, "Hands_FingersLength": 1.0, "Neck_Length": 0.41, "Hands_Mass": 0.14, "Neck_Tone": 0.35, "Torso_Vshape": 0.38, "Neck_Mass": 0.32, "Feet_Size": 0.62, "Shoulders_Mass": 0.08, "Feet_Mass": 0.23, "Neck_Angle": 0.29, "Arms_UpperarmLength": 0.59, "Shoulders_Tone": 0.24, "Arms_UpperarmSize": 0.47, "Neck_Size": 0.35, "Stomach_Volume": 0.59, "Arms_ForearmSize": 0.44, "Pelvis_SizeX": 0.62, "Arms_ForearmLength": 0.65, "Forehead_SizeZ": 0.62, "Arms_UpperarmMass": 0.38, "Torso_SizeY": 0.29, "Hands_FingersInterDist": 0.38, "Chin_Tone": 0.29, "Head_Size": 0.59, "Arms_UpperarmTone": 0.35, "Legs_UpperlegsTone": 0.35, "Shoulders_PosZ": 0.14, "Torso_ToracicCurve": 1.0, "Wrists_Size": 0.5}}