{"materialproperties": {"skin_complexion": 0, "skin_oil": 1, "eyes_value": 1, "skin_subderm": 0, "skin_bump": 0, "eyes_hue": 0, "skin_sss": 1, "eyes_saturation": 1, "skin_saturation": 1}, "metaproperties": {"last_character_tone": 1.0, "character_mass": 1.0, "last_character_mass": 1.0, "character_tone": 1.0, "character_age": 0.0, "last_character_age": 0.0}, "structural": {"Torso_Mass": 1.0, "Arms_ForearmMass": 1.5, "Neck_Tone": 1.5, "Legs_AnkleSize": 0.9, "Legs_UpperlegsTone": 1.5, "Pelvis_GluteusMass": 1.5, "Legs_KneeSize": 0.9, "Pelvis_GluteusTone": 1.5, "Arms_UpperarmMass": 1.5, "Feet_Mass": 1.5, "Torso_BreastMass": 1.0, "Stomach_LocalFat": 0.52, "Shoulders_Tone": 1.5, "Hands_Mass": 1.5, "Waist_Size": 0.9, "Stomach_Volume": 0.52, "Legs_LowerlegsMass": 1.5, "Legs_LowerlegsTone": 1.5, "Neck_Mass": 1.5, "Legs_UpperlegsMass": 1.5, "Arms_UpperarmTone": 1.5, "Torso_Vshape": 0.86, "Wrists_Size": 0.7, "Torso_BreastTone": 0.7, "Shoulders_Mass": 1.5, "Torso_Tone": 1.0, "Arms_ForearmTone": 1.5}, "proportions": {}, "manuellab_vers": [1, 3, 0]}