{"materialproperties": {"skin_complexion": 0, "skin_saturation": 1, "skin_sss": 1, "skin_oil": 1, "skin_subderm": 0, "eyes_value": 1, "eyes_saturation": 1, "eyes_hue": 0, "skin_bump": 0}, "proportions": {"buttock_height_Z": 0.1682, "upperleg_top_girth": 0.3669, "wrist_girth": 0.0857, "body_height_Z": 1.0, "upperleg_length": 0.1793, "feet_length": 0.1432, "chest_depth_Y": 0.1398, "head_height_Z": 0.1301, "buttock_girth": 0.7091, "shoulders_width": 0.1759, "forearm_length": 0.1448, "elbow_girth": 0.1527, "lowerleg_length": 0.2382, "neck_girth": 0.1863, "chest_width_X": 0.1504, "feet_height_Z": 0.0424, "buttock_width_X": 0.2449, "hands_length": 0.1096, "head_width_X": 0.0824, "buttock_depth_Y": 0.1621, "lowerleg_bottom_girth": 0.1318, "hands_width": 0.0472, "upperleg_bottom_girth": 0.2297, "upperarm_length": 0.1846, "chest_girth": 0.5461, "feet_heel_width": 0.0335, "upperarm_axillary_girth": 0.2397, "waist_girth": 0.4394, "torso_height_Z": 0.2287, "feet_width": 0.0542, "neck_height_Z": 0.0253, "lowerleg_calf_girth": 0.2227, "head_length": 0.1153}, "metaproperties": {"last_character_mass": 0.0, "last_character_tone": -0.5, "character_age": 0.0, "character_tone": -0.5, "character_mass": 0.0, "last_character_age": 0.0}, "manuellab_vers": [1, 3, 0], "structural": {"Legs_LowerlegsMass": 0.59, "Torso_Tone": 0.3, "Legs_KneeSize": 0.5, "Torso_Mass": 0.5, "Torso_BreastMass": 0.5, "Legs_UpperlegInCurve": 0.26, "Pelvis_GluteusTone": 0.15, "Neck_Tone": 0.21, "Neck_Mass": 0.5, "Neck_Collarbone": 0.8, "Shoulders_Mass": 0.59, "Torso_BreastTone": 0.6, "Feet_Mass": 0.5, "Arms_UpperarmMass": 0.59, "Stomach_Volume": 0.5, "Arms_ForearmMass": 0.5, "Stomach_LocalFat": 0.5, "Pelvis_GluteusMass": 0.82, "Cheeks_Mass": 0.5, "Torso_Dorsi": 0.65, "Shoulders_Tone": 0.0, "Arms_ForearmTone": 0.27, "Torso_SizeY": 0.71, "Hands_Mass": 0.5, "Waist_Size": 0.405, "Arms_UpperarmTone": 0.18, "Legs_UpperlegsMass": 0.5, "Legs_UpperlegsTone": 0.21, "Shoulders_PosZ": 0.56, "Wrists_Size": 0.475, "Legs_LowerlegsTone": 0.3}}