{"materialproperties": {"skin_complexion": 0, "skin_saturation": 1, "skin_sss": 1, "skin_oil": 1, "skin_subderm": 0, "eyes_value": 1, "eyes_saturation": 1, "eyes_hue": 0, "skin_bump": 0}, "proportions": {"buttock_height_Z": 0.1371, "upperleg_top_girth": 0.2342, "wrist_girth": 0.0819, "body_height_Z": 1.0, "upperleg_length": 0.2188, "feet_length": 0.1462, "chest_depth_Y": 0.0922, "head_height_Z": 0.1245, "buttock_girth": 0.4672, "shoulders_width": 0.1547, "forearm_length": 0.1513, "elbow_girth": 0.1322, "lowerleg_length": 0.2424, "neck_girth": 0.1466, "chest_width_X": 0.1353, "feet_height_Z": 0.044, "buttock_width_X": 0.1772, "hands_length": 0.1169, "head_width_X": 0.0773, "buttock_depth_Y": 0.0888, "lowerleg_bottom_girth": 0.115, "hands_width": 0.0444, "upperleg_bottom_girth": 0.1732, "upperarm_length": 0.1836, "chest_girth": 0.4107, "feet_heel_width": 0.034, "upperarm_axillary_girth": 0.161, "waist_girth": 0.3353, "torso_height_Z": 0.2044, "feet_width": 0.0553, "neck_height_Z": 0.0386, "lowerleg_calf_girth": 0.1718, "head_length": 0.1082}, "metaproperties": {"last_character_mass": -0.5, "last_character_tone": 0.0, "character_age": 0.0, "character_tone": 0.0, "character_mass": -0.5, "last_character_age": 0.0}, "manuellab_vers": [1, 3, 0], "structural": {"Torso_BreastMass": 0.25, "Torso_Tone": 0.62, "Pelvis_SizeY": 0.02, "Arms_ForearmMass": 0.0, "Torso_Mass": 0.12, "Hands_FingersLength": 1.0, "Legs_UpperlegInCurve": 0.74, "Chin_Tone": 0.29, "Torso_Vshape": 0.26, "Neck_Mass": 0.0, "Feet_Size": 0.62, "Shoulders_Mass": -0.42, "Feet_Mass": -0.27, "Arms_UpperarmLength": 0.59, "Stomach_Volume": 0.58, "Arms_UpperarmSize": 0.47, "Stomach_LocalFat": 0.475, "Pelvis_GluteusMass": 0.0, "Cheeks_Mass": 0.0, "Shoulders_Tone": 0.24, "Arms_ForearmSize": 0.44, "Legs_LowerlegsTone": 0.32, "Legs_UpperlegSize": 0.44, "Arms_ForearmLength": 0.65, "Forehead_SizeZ": 0.62, "Arms_UpperarmMass": -0.12, "Torso_SizeY": 0.29, "Hands_FingersInterDist": 0.38, "Hands_Mass": -0.36, "Waist_Size": 0.495, "Head_Size": 0.29, "Arms_UpperarmTone": 0.35, "Legs_UpperlegLength": 0.65, "Legs_UpperlegsMass": -0.27, "Legs_UpperlegsTone": 0.23, "Shoulders_PosZ": 0.41, "Torso_ToracicCurve": 1.0, "Wrists_Size": 0.475, "Legs_LowerlegLength": 0.54, "Legs_LowerlegsMass": -0.33}}