{"materialproperties": {"skin_complexion": 0, "skin_saturation": 1, "skin_sss": 0, "skin_oil": 1, "skin_subderm": 0, "eyes_value": 1, "eyes_saturation": 1, "eyes_hue": 0, "skin_bump": 0}, "proportions": {"buttock_height_Z": 0.1364, "upperleg_top_girth": 0.2929, "wrist_girth": 0.0832, "body_height_Z": 1.0, "upperleg_length": 0.2112, "feet_length": 0.1387, "chest_depth_Y": 0.1119, "head_height_Z": 0.1243, "buttock_girth": 0.5364, "shoulders_width": 0.159, "forearm_length": 0.1408, "elbow_girth": 0.1305, "lowerleg_length": 0.2491, "neck_girth": 0.1649, "chest_width_X": 0.1342, "feet_height_Z": 0.0418, "buttock_width_X": 0.1978, "hands_length": 0.1062, "head_width_X": 0.0798, "buttock_depth_Y": 0.1166, "lowerleg_bottom_girth": 0.1103, "hands_width": 0.0458, "upperleg_bottom_girth": 0.1946, "upperarm_length": 0.1739, "chest_girth": 0.4719, "feet_heel_width": 0.0322, "upperarm_axillary_girth": 0.1678, "waist_girth": 0.3386, "torso_height_Z": 0.2043, "feet_width": 0.0525, "neck_height_Z": 0.0429, "lowerleg_calf_girth": 0.1886, "head_length": 0.1117}, "metaproperties": {"last_character_mass": 0.0, "last_character_tone": 0.0, "character_age": 0.0, "character_tone": 0.0, "character_mass": 0.0, "last_character_age": 0.0}, "manuellab_vers": [1, 3, 0], "structural": {"Legs_LowerlegsMass": 0.5, "Torso_Tone": 0.5, "Legs_KneeSize": 0.29, "Torso_Mass": 0.5, "Legs_UpperlegLength": 0.59, "Pelvis_GluteusTone": 0.5, "Neck_Tone": 0.5, "Torso_Vshape": 0.35, "Neck_Mass": 0.5, "Neck_Collarbone": 0.59, "Shoulders_Mass": 0.5, "Torso_BreastTone": 0.5, "Feet_Mass": 0.5, "Arms_UpperarmMass": 0.5, "Stomach_Volume": 0.5, "Arms_UpperarmSize": 0.44, "Arms_ForearmMass": 0.5, "Stomach_LocalFat": 0.5, "Pelvis_GluteusMass": 0.5, "Legs_LowerlegSize": 0.38, "Cheeks_Mass": 0.5, "Shoulders_Tone": 0.5, "Arms_ForearmSize": 0.38, "Legs_UpperlegSize": 0.32, "Neck_Length": 0.68, "Arms_ForearmTone": 0.5, "Hands_Mass": 0.5, "Waist_Size": 0.38, "Arms_UpperarmTone": 0.5, "Torso_BreastMass": 0.5, "Legs_UpperlegsMass": 0.5, "Legs_UpperlegsTone": 0.5, "Wrists_Size": 0.5, "Legs_LowerlegLength": 0.59, "Legs_LowerlegsTone": 0.5}}