{"materialproperties": {"skin_complexion": 0, "skin_saturation": 1, "skin_sss": 1, "skin_oil": 1, "skin_subderm": 0, "eyes_value": 1, "eyes_saturation": 1, "eyes_hue": 0, "skin_bump": 0}, "proportions": {"buttock_height_Z": 0.1394, "upperleg_top_girth": 0.2785, "wrist_girth": 0.0847, "body_height_Z": 1.0, "upperleg_length": 0.1785, "feet_length": 0.1398, "chest_depth_Y": 0.1655, "head_height_Z": 0.1368, "buttock_girth": 0.6597, "shoulders_width": 0.1778, "forearm_length": 0.1591, "elbow_girth": 0.1637, "lowerleg_length": 0.2508, "neck_girth": 0.2282, "chest_width_X": 0.1778, "feet_height_Z": 0.041, "buttock_width_X": 0.2214, "hands_length": 0.1025, "head_width_X": 0.085, "buttock_depth_Y": 0.1686, "lowerleg_bottom_girth": 0.1416, "hands_width": 0.0489, "upperleg_bottom_girth": 0.1867, "upperarm_length": 0.2011, "chest_girth": 0.6329, "feet_heel_width": 0.0334, "upperarm_axillary_girth": 0.2413, "waist_girth": 0.6344, "torso_height_Z": 0.2496, "feet_width": 0.0536, "neck_height_Z": 0.018, "lowerleg_calf_girth": 0.2293, "head_length": 0.1189}, "metaproperties": {"last_character_mass": 0.0, "last_character_tone": -0.5, "character_age": 0.0, "character_tone": -0.5, "character_mass": 0.0, "last_character_age": 0.0}, "manuellab_vers": [1, 3, 0], "structural": {"Arms_ForearmTone": 0.0, "Pelvis_SizeY": 0.8, "Torso_Mass": 0.59, "Hands_Size": 0.32, "Hands_FingersLength": 0.11, "Neck_Length": 0.35, "Pelvis_GluteusTone": 0.0, "Neck_Tone": -0.03, "Torso_Tone": -0.09, "Neck_Mass": 0.62, "Feet_Size": 0.29, "Shoulders_Tone": 0.0, "Torso_BreastTone": 0.6, "Feet_Mass": 0.74, "Arms_UpperarmLength": 0.59, "Arms_UpperarmTone": 0.0, "Pelvis_GluteusMass": 0.35, "Legs_LowerlegsMass": 0.53, "Pelvis_SizeX": 0.86, "Arms_ForearmLength": 0.65, "Hands_Mass": 1.0, "Waist_Size": 0.495, "Head_Size": 0.47, "Legs_UpperlegLength": 0.05, "Legs_UpperlegsMass": 0.23, "Torso_Vshape": 0.41, "Legs_UpperlegsTone": -0.15, "Wrists_Size": 0.475, "Legs_LowerlegsTone": 0.0}}