{"materialproperties": {"skin_complexion": 0, "skin_saturation": 1, "skin_sss": 1, "skin_oil": 1, "skin_subderm": 0, "eyes_value": 1, "eyes_saturation": 1, "eyes_hue": 0, "skin_bump": 0}, "proportions": {"buttock_height_Z": 0.138, "upperleg_top_girth": 0.2628, "wrist_girth": 0.0829, "body_height_Z": 1.0, "upperleg_length": 0.219, "feet_length": 0.1462, "chest_depth_Y": 0.1112, "head_height_Z": 0.1245, "buttock_girth": 0.5101, "shoulders_width": 0.1547, "forearm_length": 0.1513, "elbow_girth": 0.1324, "lowerleg_length": 0.2425, "neck_girth": 0.1623, "chest_width_X": 0.1381, "feet_height_Z": 0.044, "buttock_width_X": 0.1882, "hands_length": 0.1169, "head_width_X": 0.0773, "buttock_depth_Y": 0.1019, "lowerleg_bottom_girth": 0.1154, "hands_width": 0.0448, "upperleg_bottom_girth": 0.1845, "upperarm_length": 0.1836, "chest_girth": 0.4837, "feet_heel_width": 0.034, "upperarm_axillary_girth": 0.1647, "waist_girth": 0.3496, "torso_height_Z": 0.2032, "feet_width": 0.0553, "neck_height_Z": 0.0386, "lowerleg_calf_girth": 0.1764, "head_length": 0.1082}, "metaproperties": {"last_character_mass": 0.0, "last_character_tone": 0.0, "character_age": 0.0, "character_tone": 0.0, "character_mass": 0.0, "last_character_age": 0.0}, "manuellab_vers": [1, 3, 0], "structural": {"Legs_LowerlegsMass": 0.17, "Torso_Tone": 0.62, "Pelvis_SizeY": 0.02, "Torso_Mass": 0.62, "Hands_FingersLength": 1.0, "Chin_Tone": 0.29, "Torso_Vshape": 0.26, "Shoulders_Tone": 0.24, "Feet_Size": 0.62, "Shoulders_Mass": 0.08, "Feet_Mass": 0.23, "Arms_UpperarmLength": 0.59, "Legs_UpperlegInCurve": 0.74, "Arms_UpperarmSize": 0.47, "Stomach_Volume": 0.59, "Arms_ForearmSize": 0.44, "Legs_UpperlegSize": 0.44, "Arms_ForearmLength": 0.65, "Forehead_SizeZ": 0.62, "Arms_UpperarmMass": 0.38, "Torso_SizeY": 0.29, "Hands_FingersInterDist": 0.38, "Hands_Mass": 0.14, "Head_Size": 0.29, "Arms_UpperarmTone": 0.35, "Legs_UpperlegLength": 0.65, "Legs_UpperlegsMass": 0.23, "Legs_UpperlegsTone": 0.23, "Shoulders_PosZ": 0.41, "Torso_ToracicCurve": 1.0, "Wrists_Size": 0.5, "Legs_LowerlegLength": 0.54, "Legs_LowerlegsTone": 0.32}}