{"materialproperties": {"skin_complexion": 0, "skin_saturation": 1, "skin_sss": 0, "skin_oil": 1, "skin_subderm": 0, "eyes_value": 1, "eyes_saturation": 1, "eyes_hue": 0, "skin_bump": 0}, "proportions": {"buttock_height_Z": 0.1575, "upperleg_top_girth": 0.4148, "wrist_girth": 0.0874, "body_height_Z": 1.0, "upperleg_length": 0.2038, "feet_length": 0.1435, "chest_depth_Y": 0.1636, "head_height_Z": 0.1316, "buttock_girth": 0.6794, "shoulders_width": 0.1696, "forearm_length": 0.1495, "elbow_girth": 0.1607, "lowerleg_length": 0.2252, "neck_girth": 0.2228, "chest_width_X": 0.1489, "feet_height_Z": 0.0416, "buttock_width_X": 0.2614, "hands_length": 0.115, "head_width_X": 0.079, "buttock_depth_Y": 0.1288, "lowerleg_bottom_girth": 0.1521, "hands_width": 0.0474, "upperleg_bottom_girth": 0.3023, "upperarm_length": 0.1871, "chest_girth": 0.6546, "feet_heel_width": 0.0349, "upperarm_axillary_girth": 0.2643, "waist_girth": 0.4082, "torso_height_Z": 0.2209, "feet_width": 0.0557, "neck_height_Z": 0.0306, "lowerleg_calf_girth": 0.2507, "head_length": 0.1106}, "metaproperties": {"last_character_mass": 1.0, "last_character_tone": 0.0, "character_age": 0.0, "character_tone": 0.0, "character_mass": 1.0, "last_character_age": 0.0}, "manuellab_vers": [1, 3, 0], "structural": {"Torso_Tone": 0.68, "Feet_Size": 0.62, "Torso_BreastMass": 1.0, "Hands_Mass": 1.14, "Neck_Tone": 0.35, "Legs_LowerlegsMass": 1.17, "Legs_KneeSize": 0.7, "Shoulders_Mass": 1.08, "Arms_UpperarmLength": 0.59, "Neck_Size": 0.35, "Stomach_Volume": 0.52, "Arms_ForearmLength": 0.65, "Forehead_SizeZ": 0.62, "Torso_SizeY": 0.29, "Shoulders_Tone": 0.24, "Waist_Size": 0.49, "Arms_UpperarmTone": 0.35, "Legs_UpperlegsMass": 1.23, "Legs_UpperlegInCurve": 0.74, "Stomach_LocalFat": 0.52, "Pelvis_SizeY": 0.02, "Arms_ForearmMass": 1.5, "Torso_Mass": 1.53, "Hands_FingersLength": 1.0, "Chin_Tone": 0.29, "Neck_Mass": 1.23, "Feet_Mass": 1.23, "Neck_Angle": 0.29, "Torso_Length": 0.71, "Legs_UpperlegsTone": 0.23, "Arms_UpperarmSize": 0.17, "Cheeks_Mass": 1.5, "Pelvis_GluteusMass": 1.5, "Arms_ForearmSize": 0.2, "Legs_UpperlegSize": 0.44, "Neck_Length": 0.56, "Arms_UpperarmMass": 1.38, "Hands_FingersInterDist": 0.38, "Legs_UpperlegLength": 0.65, "Shoulders_PosZ": 0.14, "Torso_ToracicCurve": 1.0, "Wrists_Size": 0.6, "Legs_LowerlegLength": 0.54, "Legs_LowerlegsTone": 0.32}}