{"materialproperties": {"skin_complexion": 0, "skin_oil": 1, "eyes_value": 1, "skin_subderm": 0, "skin_bump": 0, "eyes_hue": 0, "skin_sss": 0, "eyes_saturation": 1, "skin_saturation": 1}, "metaproperties": {"last_character_tone": 0.0, "character_mass": 0.0, "last_character_mass": 0.0, "character_tone": 0.0, "character_age": 0.0, "last_character_age": 0.0}, "structural": {"Torso_SizeX": 0.59, "Torso_Vshape": 0.62, "Torso_Mass": 0.74, "Legs_LowerlegsMass": 0.89, "Legs_LowerlegsTone": 0.95, "Legs_UpperlegLength": 0.32, "Arms_UpperarmSize": 0.71, "Shoulders_PosZ": 0.74, "Legs_UpperlegsMass": 0.68, "Legs_UpperlegsTone": 0.35, "Pelvis_GluteusMass": 0.71, "Arms_ForearmSize": 0.71, "Shoulders_Size": 0.56, "Shoulders_Mass": 0.62, "Head_Size": 0.59, "Legs_LowerlegLength": 0.39, "Shoulders_Tone": 0.62, "Torso_Tone": 0.53}, "proportions": {}, "manuellab_vers": [1, 3, 0]}