{"materialproperties": {"skin_complexion": 0, "skin_saturation": 1, "skin_sss": 0, "skin_oil": 1, "skin_subderm": 0, "eyes_value": 1, "eyes_saturation": 1, "eyes_hue": 0, "skin_bump": 0}, "proportions": {"buttock_height_Z": 0.1349, "upperleg_top_girth": 0.258, "wrist_girth": 0.0807, "body_height_Z": 1.0, "upperleg_length": 0.215, "feet_length": 0.1435, "chest_depth_Y": 0.1095, "head_height_Z": 0.127, "buttock_girth": 0.4986, "shoulders_width": 0.1663, "forearm_length": 0.1484, "elbow_girth": 0.1198, "lowerleg_length": 0.2381, "neck_girth": 0.1386, "chest_width_X": 0.1358, "feet_height_Z": 0.0432, "buttock_width_X": 0.1848, "hands_length": 0.1148, "head_width_X": 0.079, "buttock_depth_Y": 0.0972, "lowerleg_bottom_girth": 0.1133, "hands_width": 0.044, "upperleg_bottom_girth": 0.1811, "upperarm_length": 0.1807, "chest_girth": 0.4724, "feet_heel_width": 0.0333, "upperarm_axillary_girth": 0.1591, "waist_girth": 0.3182, "torso_height_Z": 0.2046, "feet_width": 0.0543, "neck_height_Z": 0.0469, "lowerleg_calf_girth": 0.1731, "head_length": 0.1106}, "metaproperties": {"last_character_mass": 0.0, "last_character_tone": 0.0, "character_age": 0.0, "character_tone": 0.0, "character_mass": 0.0, "last_character_age": 0.0}, "manuellab_vers": [1, 3, 0], "structural": {"Torso_Tone": 0.68, "Pelvis_SizeY": 0.02, "Torso_Mass": 0.53, "Hands_FingersLength": 1.0, "Legs_UpperlegInCurve": 0.74, "Neck_Length": 0.56, "Hands_Mass": 0.14, "Neck_Tone": 0.35, "Neck_Mass": 0.23, "Feet_Size": 0.62, "Shoulders_Mass": 0.08, "Feet_Mass": 0.23, "Neck_Angle": 0.29, "Torso_Length": 0.71, "Shoulders_Tone": 0.24, "Arms_UpperarmSize": 0.17, "Neck_Size": 0.35, "Legs_LowerlegsMass": 0.17, "Arms_ForearmSize": 0.2, "Arms_UpperarmLength": 0.59, "Legs_UpperlegSize": 0.44, "Arms_ForearmLength": 0.65, "Forehead_SizeZ": 0.62, "Arms_UpperarmMass": 0.38, "Torso_SizeY": 0.29, "Hands_FingersInterDist": 0.38, "Chin_Tone": 0.29, "Waist_Size": 0.29, "Arms_UpperarmTone": 0.35, "Legs_UpperlegLength": 0.65, "Legs_UpperlegsMass": 0.23, "Legs_UpperlegsTone": 0.23, "Shoulders_PosZ": 0.14, "Torso_ToracicCurve": 1.0, "Wrists_Size": 0.5, "Legs_LowerlegLength": 0.54, "Legs_LowerlegsTone": 0.32}}