{"materialproperties": {"skin_complexion": 0, "skin_saturation": 1, "skin_sss": 0, "skin_oil": 1, "skin_subderm": 0, "eyes_value": 1, "eyes_saturation": 1, "eyes_hue": 0, "skin_bump": 0}, "proportions": {"buttock_height_Z": 0.1319, "upperleg_top_girth": 0.2907, "wrist_girth": 0.081, "body_height_Z": 1.0, "upperleg_length": 0.2175, "feet_length": 0.1377, "chest_depth_Y": 0.1156, "head_height_Z": 0.1262, "buttock_girth": 0.5179, "shoulders_width": 0.1668, "forearm_length": 0.1412, "elbow_girth": 0.1316, "lowerleg_length": 0.2524, "neck_girth": 0.148, "chest_width_X": 0.1337, "feet_height_Z": 0.0414, "buttock_width_X": 0.1854, "hands_length": 0.1052, "head_width_X": 0.0811, "buttock_depth_Y": 0.1115, "lowerleg_bottom_girth": 0.1094, "hands_width": 0.0442, "upperleg_bottom_girth": 0.1904, "upperarm_length": 0.194, "chest_girth": 0.4787, "feet_heel_width": 0.032, "upperarm_axillary_girth": 0.1601, "waist_girth": 0.2927, "torso_height_Z": 0.2085, "feet_width": 0.0521, "neck_height_Z": 0.0326, "lowerleg_calf_girth": 0.1796, "head_length": 0.1135}, "metaproperties": {"last_character_mass": -0.5, "last_character_tone": 0.0, "character_age": 0.0, "character_tone": 0.0, "character_mass": -0.5, "last_character_age": 0.0}, "manuellab_vers": [1, 3, 0], "structural": {"Legs_LowerlegsMass": 0.0, "Body_Size": 0.46, "Arms_ForearmMass": 0.0, "Torso_Mass": 0.0, "Torso_BreastMass": 0.52, "Pelvis_GluteusTone": 0.65, "Stomach_Volume": 0.49, "Wrists_Size": 0.475, "Neck_Mass": 0.0, "Shoulders_Mass": -0.12, "Torso_BreastTone": 0.74, "Feet_Mass": 0.0, "Arms_UpperarmLength": 0.737, "Shoulders_Tone": 0.59, "Stomach_LocalFat": 0.475, "Pelvis_GluteusMass": 0.09, "Cheeks_Mass": 0.0, "Pelvis_SizeX": 0.55, "Legs_UpperlegSize": 0.65, "Arms_ForearmLength": 0.53, "Arms_UpperarmMass": 0.0, "Torso_Dorsi": 0.8, "Hands_Mass": 0.0, "Waist_Size": 0.255, "Head_Size": 0.56, "Legs_UpperlegLength": 0.65, "Legs_UpperlegsMass": 0.0, "Shoulders_PosZ": 0.59, "Pelvis_GluteusSize": 0.57, "Legs_LowerlegLength": 0.62}}