{"materialproperties": {"skin_complexion": 0, "skin_saturation": 1, "skin_sss": 0, "skin_oil": 1, "skin_subderm": 0, "eyes_value": 1, "eyes_saturation": 1, "eyes_hue": 0, "skin_bump": 0}, "proportions": {"buttock_height_Z": 0.1584, "upperleg_top_girth": 0.4416, "wrist_girth": 0.0928, "body_height_Z": 1.0, "upperleg_length": 0.1786, "feet_length": 0.1451, "chest_depth_Y": 0.1872, "head_height_Z": 0.1375, "buttock_girth": 0.7473, "shoulders_width": 0.1851, "forearm_length": 0.1494, "elbow_girth": 0.1935, "lowerleg_length": 0.2348, "neck_girth": 0.2318, "chest_width_X": 0.1788, "feet_height_Z": 0.0437, "buttock_width_X": 0.2697, "hands_length": 0.1112, "head_width_X": 0.0863, "buttock_depth_Y": 0.1713, "lowerleg_bottom_girth": 0.1222, "hands_width": 0.0505, "upperleg_bottom_girth": 0.3035, "upperarm_length": 0.1866, "chest_girth": 0.728, "feet_heel_width": 0.0348, "upperarm_axillary_girth": 0.2813, "waist_girth": 0.5803, "torso_height_Z": 0.2415, "feet_width": 0.0564, "neck_height_Z": 0.0197, "lowerleg_calf_girth": 0.2473, "head_length": 0.1209}, "metaproperties": {"last_character_mass": 0.5, "last_character_tone": 0.0, "character_age": 0.0, "character_tone": 0.0, "character_mass": 0.5, "last_character_age": 0.0}, "manuellab_vers": [1, 3, 0], "structural": {"Legs_LowerlegsMass": 1.39, "Torso_Tone": 0.53, "Arms_ForearmMass": 1.0, "Torso_Mass": 1.24, "Legs_UpperlegLength": 0.32, "Stomach_Volume": 0.51, "Torso_Vshape": 0.62, "Neck_Mass": 1.0, "Legs_KneeSize": 0.6, "Shoulders_Mass": 1.12, "Feet_Mass": 1.0, "Shoulders_Tone": 0.62, "Arms_UpperarmSize": 0.71, "Stomach_LocalFat": 0.51, "Pelvis_GluteusMass": 1.21, "Cheeks_Mass": 1.0, "Arms_ForearmSize": 0.71, "Legs_LowerlegsTone": 0.95, "Arms_UpperarmMass": 1.0, "Shoulders_Size": 0.56, "Hands_Mass": 1.0, "Waist_Size": 0.6, "Legs_LowerlegLength": 0.39, "Torso_BreastMass": 0.75, "Legs_UpperlegsMass": 1.18, "Legs_UpperlegsTone": 0.35, "Shoulders_PosZ": 0.74, "Wrists_Size": 0.55, "Torso_SizeX": 0.59, "Head_Size": 0.59}}