{"materialproperties": {"skin_complexion": 0, "skin_saturation": 1, "skin_sss": 0, "skin_oil": 1, "skin_subderm": 0, "eyes_value": 1, "eyes_saturation": 1, "eyes_hue": 0, "skin_bump": 0}, "proportions": {"buttock_height_Z": 0.1437, "upperleg_top_girth": 0.3709, "wrist_girth": 0.0846, "body_height_Z": 1.0, "upperleg_length": 0.1957, "feet_length": 0.143, "chest_depth_Y": 0.1716, "head_height_Z": 0.1334, "buttock_girth": 0.6946, "shoulders_width": 0.1617, "forearm_length": 0.1484, "elbow_girth": 0.1531, "lowerleg_length": 0.2307, "neck_girth": 0.1934, "chest_width_X": 0.1643, "feet_height_Z": 0.0423, "buttock_width_X": 0.2481, "hands_length": 0.1145, "head_width_X": 0.0814, "buttock_depth_Y": 0.1563, "lowerleg_bottom_girth": 0.1293, "hands_width": 0.0454, "upperleg_bottom_girth": 0.2487, "upperarm_length": 0.1843, "chest_girth": 0.6505, "feet_heel_width": 0.0339, "upperarm_axillary_girth": 0.2314, "waist_girth": 0.6244, "torso_height_Z": 0.2295, "feet_width": 0.0548, "neck_height_Z": 0.0358, "lowerleg_calf_girth": 0.2128, "head_length": 0.1139}, "metaproperties": {"last_character_mass": 0.5, "last_character_tone": 0.0, "character_age": 0.0, "character_tone": 0.0, "character_mass": 0.5, "last_character_age": 0.0}, "manuellab_vers": [1, 3, 0], "structural": {"Feet_Mass": 0.73, "Torso_Tone": 0.38, "Feet_Size": 0.62, "Torso_BreastMass": 0.75, "Hands_Mass": 0.64, "Neck_Tone": 0.35, "Legs_LowerlegsMass": 0.67, "Legs_KneeSize": 0.6, "Shoulders_Mass": 0.58, "Arms_UpperarmLength": 0.59, "Neck_Size": 0.35, "Stomach_Volume": 0.6, "Arms_ForearmLength": 0.65, "Forehead_SizeZ": 0.62, "Torso_SizeY": 0.29, "Shoulders_Tone": 0.24, "Waist_Size": 0.6, "Arms_UpperarmTone": 0.35, "Legs_UpperlegsMass": 0.73, "Legs_UpperlegInCurve": 0.74, "Stomach_LocalFat": 0.51, "Pelvis_SizeY": 0.02, "Arms_ForearmMass": 1.0, "Torso_Mass": 0.94, "Hands_FingersLength": 1.0, "Chin_Tone": 0.29, "Torso_Vshape": 0.38, "Neck_Mass": 0.73, "Cheeks_Mass": 1.0, "Neck_Angle": 0.29, "Torso_Length": 0.71, "Legs_UpperlegsTone": 0.23, "Arms_UpperarmSize": 0.17, "Pelvis_GluteusMass": 1.0, "Arms_ForearmSize": 0.2, "Legs_UpperlegSize": 0.44, "Neck_Length": 0.56, "Arms_UpperarmMass": 0.88, "Hands_FingersInterDist": 0.38, "Head_Size": 0.59, "Legs_UpperlegLength": 0.65, "Shoulders_PosZ": 0.14, "Torso_ToracicCurve": 1.0, "Wrists_Size": 0.55, "Legs_LowerlegLength": 0.54, "Legs_LowerlegsTone": 0.32}}