{"materialproperties": {"skin_complexion": 0, "skin_saturation": 1, "skin_sss": 1, "skin_oil": 1, "skin_subderm": 0, "eyes_value": 1, "eyes_saturation": 1, "eyes_hue": 0, "skin_bump": 0}, "proportions": {"buttock_height_Z": 0.1632, "upperleg_top_girth": 0.455, "wrist_girth": 0.0878, "body_height_Z": 1.0, "upperleg_length": 0.1843, "feet_length": 0.1462, "chest_depth_Y": 0.2008, "head_height_Z": 0.1306, "buttock_girth": 0.8719, "shoulders_width": 0.1607, "forearm_length": 0.1486, "elbow_girth": 0.1762, "lowerleg_length": 0.2283, "neck_girth": 0.2507, "chest_width_X": 0.179, "feet_height_Z": 0.042, "buttock_width_X": 0.3002, "hands_length": 0.1171, "head_width_X": 0.0773, "buttock_depth_Y": 0.2028, "lowerleg_bottom_girth": 0.1621, "hands_width": 0.0483, "upperleg_bottom_girth": 0.3082, "upperarm_length": 0.1954, "chest_girth": 0.7295, "feet_heel_width": 0.0356, "upperarm_axillary_girth": 0.2946, "waist_girth": 0.8094, "torso_height_Z": 0.2487, "feet_width": 0.0568, "neck_height_Z": 0.0162, "lowerleg_calf_girth": 0.261, "head_length": 0.1082}, "metaproperties": {"last_character_mass": 1.0, "last_character_tone": -0.5, "character_age": 0.0, "character_tone": -0.5, "character_mass": 1.0, "last_character_age": 0.0}, "manuellab_vers": [1, 3, 0], "structural": {"Feet_Mass": 1.23, "Torso_Tone": 0.12, "Feet_Size": 0.62, "Torso_BreastMass": 1.0, "Pelvis_GluteusTone": 0.0, "Hands_Mass": 1.14, "Neck_Tone": 0.0, "Legs_LowerlegsMass": 1.17, "Legs_KneeSize": 0.7, "Shoulders_Mass": 1.08, "Arms_UpperarmLength": 0.59, "Stomach_LocalFat": 0.52, "Stomach_Volume": 0.61, "Arms_ForearmLength": 0.65, "Forehead_SizeZ": 0.62, "Torso_SizeY": 0.29, "Shoulders_Tone": -0.26, "Waist_Size": 0.695, "Arms_UpperarmTone": -0.15, "Legs_UpperlegsMass": 1.23, "Legs_UpperlegInCurve": 0.74, "Pelvis_SizeY": 0.02, "Arms_ForearmMass": 1.5, "Torso_Mass": 1.62, "Hands_FingersLength": 1.0, "Arms_ForearmTone": 0.0, "Chin_Tone": 0.29, "Torso_Vshape": 0.26, "Neck_Mass": 1.5, "Torso_BreastTone": 0.6, "Cheeks_Mass": 1.5, "Legs_UpperlegsTone": -0.27, "Arms_UpperarmSize": 0.47, "Pelvis_GluteusMass": 1.5, "Arms_ForearmSize": 0.44, "Legs_UpperlegSize": 0.44, "Arms_UpperarmMass": 1.38, "Hands_FingersInterDist": 0.38, "Head_Size": 0.29, "Legs_UpperlegLength": 0.65, "Shoulders_PosZ": 0.41, "Torso_ToracicCurve": 1.0, "Wrists_Size": 0.575, "Legs_LowerlegLength": 0.54, "Legs_LowerlegsTone": -0.18}}