{"materialproperties": {"skin_complexion": 0, "skin_saturation": 1, "skin_sss": 0, "skin_oil": 1, "skin_subderm": 0, "eyes_value": 1, "eyes_saturation": 1, "eyes_hue": 0, "skin_bump": 0}, "proportions": {"buttock_height_Z": 0.1359, "upperleg_top_girth": 0.2998, "wrist_girth": 0.081, "body_height_Z": 1.0, "upperleg_length": 0.2146, "feet_length": 0.139, "chest_depth_Y": 0.1007, "head_height_Z": 0.1273, "buttock_girth": 0.52, "shoulders_width": 0.1685, "forearm_length": 0.1428, "elbow_girth": 0.1194, "lowerleg_length": 0.2508, "neck_girth": 0.1652, "chest_width_X": 0.1348, "feet_height_Z": 0.0419, "buttock_width_X": 0.1896, "hands_length": 0.1063, "head_width_X": 0.0818, "buttock_depth_Y": 0.1106, "lowerleg_bottom_girth": 0.11, "hands_width": 0.0446, "upperleg_bottom_girth": 0.1917, "upperarm_length": 0.1793, "chest_girth": 0.4337, "feet_heel_width": 0.0323, "upperarm_axillary_girth": 0.1556, "waist_girth": 0.3237, "torso_height_Z": 0.2071, "feet_width": 0.0526, "neck_height_Z": 0.0332, "lowerleg_calf_girth": 0.1964, "head_length": 0.1145}, "metaproperties": {"last_character_mass": -1.0, "last_character_tone": 0.0, "character_age": 0.0, "character_tone": 0.0, "character_mass": -1.0, "last_character_age": 0.0}, "manuellab_vers": [1, 3, 0], "structural": {"Torso_BreastMass": 0.15, "Torso_Tone": 0.92, "Legs_KneeSize": 0.5, "Torso_Mass": -0.5, "Neck_TrapeziousSize": 0.62, "Pelvis_GluteusTone": 0.68, "Neck_Tone": 1.0, "Wrists_Size": 0.45, "Neck_Mass": -0.5, "Neck_Collarbone": 0.95, "Shoulders_Mass": -0.44, "Torso_BreastTone": 0.75, "Feet_Mass": -0.5, "Arms_UpperarmMass": -0.44, "Arms_UpperarmLength": 0.557, "Stomach_Volume": 0.48, "Arms_UpperarmSize": 0.11, "Arms_ForearmMass": -0.35, "Stomach_LocalFat": 0.45, "Pelvis_GluteusMass": -0.38, "Cheeks_Mass": -0.5, "Pelvis_SizeX": 0.53, "Legs_LowerlegsTone": 0.92, "Shoulders_Tone": 0.47, "Arms_ForearmLength": 0.53, "Arms_ForearmTone": 0.5, "Torso_Dorsi": 0.8, "Hands_Mass": -0.5, "Waist_Size": 0.25, "Head_Size": 0.56, "Arms_UpperarmTone": 1.0, "Legs_UpperlegLength": 0.6, "Legs_UpperlegsMass": -0.5, "Legs_UpperlegsTone": 0.89, "Shoulders_PosZ": 0.59, "Pelvis_GluteusSize": 0.56, "Legs_LowerlegLength": 0.6, "Legs_LowerlegsMass": -0.5}}