{"materialproperties": {"skin_complexion": 0, "skin_saturation": 1, "skin_sss": 0, "skin_oil": 1, "skin_subderm": 0, "eyes_value": 1, "eyes_saturation": 1, "eyes_hue": 0, "skin_bump": 0}, "proportions": {"buttock_height_Z": 0.1411, "upperleg_top_girth": 0.2567, "wrist_girth": 0.0795, "body_height_Z": 1.0, "upperleg_length": 0.1909, "feet_length": 0.1435, "chest_depth_Y": 0.1394, "head_height_Z": 0.127, "buttock_girth": 0.6, "shoulders_width": 0.1681, "forearm_length": 0.1469, "elbow_girth": 0.1344, "lowerleg_length": 0.2379, "neck_girth": 0.1292, "chest_width_X": 0.1584, "feet_height_Z": 0.0432, "buttock_width_X": 0.2035, "hands_length": 0.1148, "head_width_X": 0.079, "buttock_depth_Y": 0.1377, "lowerleg_bottom_girth": 0.1133, "hands_width": 0.044, "upperleg_bottom_girth": 0.1702, "upperarm_length": 0.1836, "chest_girth": 0.549, "feet_heel_width": 0.0333, "upperarm_axillary_girth": 0.1798, "waist_girth": 0.5169, "torso_height_Z": 0.2264, "feet_width": 0.0543, "neck_height_Z": 0.0441, "lowerleg_calf_girth": 0.1636, "head_length": 0.1106}, "metaproperties": {"last_character_mass": 0.0, "last_character_tone": -1.0, "character_age": 0.0, "character_tone": -1.0, "character_mass": 0.0, "last_character_age": 0.0}, "manuellab_vers": [1, 3, 0], "structural": {"Arms_ForearmTone": -0.5, "Pelvis_SizeY": 0.02, "Torso_Mass": 0.53, "Hands_FingersLength": 1.0, "Legs_UpperlegInCurve": 0.74, "Neck_Length": 0.56, "Pelvis_GluteusTone": -0.5, "Hands_Mass": 0.14, "Neck_Tone": -0.65, "Torso_Tone": -0.32, "Neck_Mass": 0.23, "Feet_Size": 0.62, "Shoulders_Mass": 0.08, "Torso_BreastTone": 0.7, "Feet_Mass": 0.23, "Neck_Angle": 0.29, "Arms_UpperarmLength": 0.59, "Shoulders_Tone": -0.76, "Arms_UpperarmSize": 0.17, "Neck_Size": 0.35, "Legs_LowerlegsMass": 0.17, "Arms_ForearmSize": 0.2, "Torso_Length": 0.71, "Legs_UpperlegSize": 0.44, "Arms_ForearmLength": 0.65, "Forehead_SizeZ": 0.62, "Arms_UpperarmMass": 0.38, "Torso_SizeY": 0.29, "Hands_FingersInterDist": 0.38, "Chin_Tone": 0.29, "Waist_Size": 0.28, "Arms_UpperarmTone": -0.65, "Legs_UpperlegLength": 0.65, "Legs_UpperlegsMass": 0.23, "Legs_UpperlegsTone": -0.77, "Shoulders_PosZ": 0.14, "Torso_ToracicCurve": 1.0, "Wrists_Size": 0.45, "Legs_LowerlegLength": 0.54, "Legs_LowerlegsTone": -0.68}}