{"materialproperties": {"skin_complexion": 0, "skin_saturation": 1, "skin_sss": 1, "skin_oil": 1, "skin_subderm": 0, "eyes_value": 1, "eyes_saturation": 1, "eyes_hue": 0, "skin_bump": 0}, "proportions": {"buttock_height_Z": 0.1309, "upperleg_top_girth": 0.2342, "wrist_girth": 0.0801, "body_height_Z": 1.0, "upperleg_length": 0.2188, "feet_length": 0.1462, "chest_depth_Y": 0.0917, "head_height_Z": 0.1245, "buttock_girth": 0.4458, "shoulders_width": 0.1547, "forearm_length": 0.1512, "elbow_girth": 0.1321, "lowerleg_length": 0.2424, "neck_girth": 0.1328, "chest_width_X": 0.1356, "feet_height_Z": 0.044, "buttock_width_X": 0.1763, "hands_length": 0.1168, "head_width_X": 0.0773, "buttock_depth_Y": 0.0808, "lowerleg_bottom_girth": 0.1154, "hands_width": 0.0444, "upperleg_bottom_girth": 0.1733, "upperarm_length": 0.1836, "chest_girth": 0.4097, "feet_heel_width": 0.034, "upperarm_axillary_girth": 0.1579, "waist_girth": 0.2863, "torso_height_Z": 0.2105, "feet_width": 0.0553, "neck_height_Z": 0.0386, "lowerleg_calf_girth": 0.1666, "head_length": 0.1082}, "metaproperties": {"last_character_mass": -1.0, "last_character_tone": -1.0, "character_age": 0.0, "character_tone": -1.0, "character_mass": -1.0, "last_character_age": 0.0}, "manuellab_vers": [1, 3, 0], "structural": {"Feet_Mass": -0.77, "Torso_Tone": -0.38, "Torso_BreastMass": 0.0, "Pelvis_GluteusTone": -0.5, "Hands_Mass": -0.86, "Neck_Tone": -0.5, "Legs_LowerlegsMass": -0.83, "Feet_Size": 0.62, "Shoulders_Mass": -0.92, "Arms_UpperarmLength": 0.59, "Stomach_LocalFat": 0.45, "Stomach_Volume": 0.57, "Arms_ForearmLength": 0.65, "Forehead_SizeZ": 0.62, "Torso_SizeY": 0.29, "Shoulders_Tone": -0.76, "Waist_Size": 0.48, "Arms_UpperarmTone": -0.65, "Legs_UpperlegsMass": -0.77, "Legs_UpperlegInCurve": 0.74, "Pelvis_SizeY": 0.02, "Arms_ForearmMass": -0.5, "Torso_Mass": -0.38, "Hands_FingersLength": 1.0, "Arms_ForearmTone": -0.5, "Chin_Tone": 0.29, "Torso_Vshape": 0.26, "Neck_Mass": -0.5, "Torso_BreastTone": 0.7, "Cheeks_Mass": -0.5, "Legs_UpperlegsTone": -0.77, "Arms_UpperarmSize": 0.47, "Pelvis_GluteusMass": -0.5, "Arms_ForearmSize": 0.44, "Legs_UpperlegSize": 0.44, "Arms_UpperarmMass": -0.62, "Hands_FingersInterDist": 0.38, "Head_Size": 0.29, "Legs_UpperlegLength": 0.65, "Shoulders_PosZ": 0.41, "Torso_ToracicCurve": 1.0, "Wrists_Size": 0.4, "Legs_LowerlegLength": 0.54, "Legs_LowerlegsTone": -0.68}}