{"materialproperties": {"skin_complexion": 0, "skin_saturation": 1, "skin_sss": 0, "skin_oil": 1, "skin_subderm": 0, "eyes_value": 1, "eyes_saturation": 1, "eyes_hue": 0, "skin_bump": 0}, "proportions": {"buttock_height_Z": 0.1357, "upperleg_top_girth": 0.3307, "wrist_girth": 0.0832, "body_height_Z": 1.0, "upperleg_length": 0.2168, "feet_length": 0.1377, "chest_depth_Y": 0.1299, "head_height_Z": 0.1262, "buttock_girth": 0.5513, "shoulders_width": 0.1669, "forearm_length": 0.1412, "elbow_girth": 0.1319, "lowerleg_length": 0.2529, "neck_girth": 0.1639, "chest_width_X": 0.1321, "feet_height_Z": 0.0414, "buttock_width_X": 0.2024, "hands_length": 0.1053, "head_width_X": 0.0811, "buttock_depth_Y": 0.1171, "lowerleg_bottom_girth": 0.1105, "hands_width": 0.0455, "upperleg_bottom_girth": 0.2071, "upperarm_length": 0.1941, "chest_girth": 0.5253, "feet_heel_width": 0.032, "upperarm_axillary_girth": 0.1674, "waist_girth": 0.3266, "torso_height_Z": 0.2049, "feet_width": 0.0521, "neck_height_Z": 0.0326, "lowerleg_calf_girth": 0.1938, "head_length": 0.1135}, "metaproperties": {"last_character_mass": 0.0, "last_character_tone": 0.0, "character_age": 0.0, "character_tone": 0.0, "character_mass": 0.0, "last_character_age": 0.0}, "manuellab_vers": [1, 3, 0], "structural": {"Pelvis_GluteusMass": 0.59, "Body_Size": 0.46, "Torso_BreastMass": 0.77, "Legs_UpperlegLength": 0.65, "Legs_UpperlegSize": 0.65, "Arms_ForearmLength": 0.53, "Pelvis_GluteusSize": 0.57, "Pelvis_GluteusTone": 0.65, "Pelvis_SizeX": 0.55, "Shoulders_Tone": 0.59, "Waist_Size": 0.26, "Head_Size": 0.56, "Shoulders_Mass": 0.38, "Torso_BreastTone": 0.74, "Torso_Dorsi": 0.8, "Shoulders_PosZ": 0.59, "Arms_UpperarmLength": 0.737, "Wrists_Size": 0.5, "Legs_LowerlegLength": 0.62}}