{"materialproperties": {"skin_complexion": 0, "skin_saturation": 1, "skin_sss": 0, "skin_oil": 1, "skin_subderm": 0, "eyes_value": 1, "eyes_saturation": 1, "eyes_hue": 0, "skin_bump": 0}, "proportions": {"buttock_height_Z": 0.1391, "upperleg_top_girth": 0.2965, "wrist_girth": 0.0834, "body_height_Z": 1.0, "upperleg_length": 0.2089, "feet_length": 0.1432, "chest_depth_Y": 0.0965, "head_height_Z": 0.1282, "buttock_girth": 0.5453, "shoulders_width": 0.1747, "forearm_length": 0.1453, "elbow_girth": 0.1366, "lowerleg_length": 0.2429, "neck_girth": 0.1537, "chest_width_X": 0.1377, "feet_height_Z": 0.0431, "buttock_width_X": 0.2009, "hands_length": 0.1095, "head_width_X": 0.0824, "buttock_depth_Y": 0.1132, "lowerleg_bottom_girth": 0.1138, "hands_width": 0.0459, "upperleg_bottom_girth": 0.1878, "upperarm_length": 0.1872, "chest_girth": 0.4157, "feet_heel_width": 0.0332, "upperarm_axillary_girth": 0.1655, "waist_girth": 0.3424, "torso_height_Z": 0.2119, "feet_width": 0.0542, "neck_height_Z": 0.0373, "lowerleg_calf_girth": 0.1864, "head_length": 0.1153}, "metaproperties": {"last_character_mass": -1.0, "last_character_tone": 0.0, "character_age": 0.0, "character_tone": 0.0, "character_mass": -1.0, "last_character_age": 0.0}, "manuellab_vers": [1, 3, 0], "structural": {"Stomach_LocalFat": 0.69, "Pelvis_GluteusMass": -0.5, "Cheeks_Mass": -0.5, "Arms_ForearmMass": -0.5, "Torso_Mass": -0.38, "Pelvis_SizeX": 0.59, "Torso_BreastMass": 0.18, "Shoulders_Length": 0.8, "Arms_UpperarmMass": -0.5, "Stomach_Volume": 0.48, "Hands_Mass": -0.5, "Waist_Size": -0.01, "Neck_Mass": -0.5, "Shoulders_Mass": -0.5, "Legs_UpperlegsMass": -0.5, "Feet_Mass": -0.5, "Pelvis_GluteusSize": 0.74, "Legs_LowerlegsMass": -0.5, "Wrists_Size": 0.45}}