{"materialproperties": {"skin_complexion": 0, "skin_saturation": 1, "skin_sss": 1, "skin_oil": 1, "skin_subderm": 0, "eyes_value": 1, "eyes_saturation": 1, "eyes_hue": 0, "skin_bump": 0}, "proportions": {"buttock_height_Z": 0.1558, "upperleg_top_girth": 0.376, "wrist_girth": 0.0872, "body_height_Z": 1.0, "upperleg_length": 0.2011, "feet_length": 0.1462, "chest_depth_Y": 0.1645, "head_height_Z": 0.1276, "buttock_girth": 0.6693, "shoulders_width": 0.1569, "forearm_length": 0.152, "elbow_girth": 0.1673, "lowerleg_length": 0.2359, "neck_girth": 0.2179, "chest_width_X": 0.1553, "feet_height_Z": 0.0433, "buttock_width_X": 0.2484, "hands_length": 0.117, "head_width_X": 0.0773, "buttock_depth_Y": 0.1396, "lowerleg_bottom_girth": 0.1322, "hands_width": 0.0464, "upperleg_bottom_girth": 0.2543, "upperarm_length": 0.1873, "chest_girth": 0.6494, "feet_heel_width": 0.0347, "upperarm_axillary_girth": 0.231, "waist_girth": 0.4832, "torso_height_Z": 0.218, "feet_width": 0.056, "neck_height_Z": 0.0293, "lowerleg_calf_girth": 0.2176, "head_length": 0.1082}, "metaproperties": {"last_character_mass": 0.5, "last_character_tone": 0.0, "character_age": 0.0, "character_tone": 0.0, "character_mass": 0.5, "last_character_age": 0.0}, "manuellab_vers": [1, 3, 0], "structural": {"Torso_BreastMass": 0.75, "Torso_Tone": 0.62, "Pelvis_SizeY": 0.02, "Arms_ForearmMass": 1.0, "Torso_Mass": 1.12, "Hands_FingersLength": 1.0, "Legs_UpperlegInCurve": 0.74, "Chin_Tone": 0.29, "Torso_Vshape": 0.26, "Neck_Mass": 1.0, "Legs_KneeSize": 0.6, "Shoulders_Mass": 0.58, "Feet_Mass": 0.73, "Arms_UpperarmLength": 0.59, "Stomach_Volume": 0.6, "Arms_UpperarmSize": 0.47, "Stomach_LocalFat": 0.51, "Pelvis_GluteusMass": 1.0, "Feet_Size": 0.62, "Cheeks_Mass": 1.0, "Shoulders_Tone": 0.24, "Arms_ForearmSize": 0.44, "Legs_LowerlegsTone": 0.32, "Legs_UpperlegSize": 0.44, "Arms_ForearmLength": 0.65, "Forehead_SizeZ": 0.62, "Arms_UpperarmMass": 0.88, "Torso_SizeY": 0.29, "Hands_FingersInterDist": 0.38, "Hands_Mass": 0.64, "Waist_Size": 0.6, "Head_Size": 0.29, "Arms_UpperarmTone": 0.35, "Legs_UpperlegLength": 0.65, "Legs_UpperlegsMass": 0.73, "Legs_UpperlegsTone": 0.23, "Shoulders_PosZ": 0.41, "Torso_ToracicCurve": 1.0, "Wrists_Size": 0.55, "Legs_LowerlegLength": 0.54, "Legs_LowerlegsMass": 0.67}}