{"materialproperties": {"skin_complexion": 0, "skin_saturation": 1, "skin_sss": 0, "skin_oil": 1, "skin_subderm": 0, "eyes_value": 1, "eyes_saturation": 1, "eyes_hue": 0, "skin_bump": 0}, "proportions": {"buttock_height_Z": 0.1489, "upperleg_top_girth": 0.363, "wrist_girth": 0.0869, "body_height_Z": 1.0, "upperleg_length": 0.1795, "feet_length": 0.1414, "chest_depth_Y": 0.1536, "head_height_Z": 0.1357, "buttock_girth": 0.7027, "shoulders_width": 0.1678, "forearm_length": 0.1349, "elbow_girth": 0.1549, "lowerleg_length": 0.2576, "neck_girth": 0.2049, "chest_width_X": 0.168, "feet_height_Z": 0.0426, "buttock_width_X": 0.2458, "hands_length": 0.1037, "head_width_X": 0.0859, "buttock_depth_Y": 0.1707, "lowerleg_bottom_girth": 0.1194, "hands_width": 0.0494, "upperleg_bottom_girth": 0.2314, "upperarm_length": 0.1849, "chest_girth": 0.6042, "feet_heel_width": 0.0334, "upperarm_axillary_girth": 0.2059, "waist_girth": 0.5509, "torso_height_Z": 0.2305, "feet_width": 0.0542, "neck_height_Z": 0.0209, "lowerleg_calf_girth": 0.2361, "head_length": 0.1203}, "metaproperties": {"last_character_mass": 0.0, "last_character_tone": 0.0, "character_age": 0.0, "character_tone": 0.0, "character_mass": 0.0, "last_character_age": 0.0}, "manuellab_vers": [1, 3, 0], "structural": {"Arms_ForearmTone": 0.59, "Pelvis_SizeY": 0.8, "Arms_ForearmMass": 0.62, "Torso_Mass": 0.8, "Hands_Size": 0.32, "Hands_FingersLength": 0.11, "Neck_Length": 0.08, "Neck_Tone": 0.47, "Torso_Tone": 0.44, "Neck_Mass": 0.74, "Feet_Size": 0.29, "Feet_Mass": 0.74, "Arms_UpperarmLength": 0.44, "Arms_UpperarmTone": 0.44, "Pelvis_GluteusMass": 0.71, "Legs_LowerlegsMass": 0.8, "Pelvis_SizeX": 0.86, "Arms_ForearmLength": 0.2, "Arms_UpperarmMass": 0.65, "Hands_Mass": 1.0, "Head_Size": 0.47, "Legs_UpperlegLength": 0.05, "Legs_UpperlegsMass": 0.62, "Torso_Vshape": 0.26, "Legs_UpperlegsTone": 0.53, "Shoulders_PosZ": 0.35, "Wrists_Size": 0.5, "Legs_LowerlegsTone": 0.74}}