{"materialproperties": {"skin_complexion": 0, "skin_saturation": 1, "skin_sss": 0, "skin_oil": 1, "skin_subderm": 0, "eyes_value": 1, "eyes_saturation": 1, "eyes_hue": 0, "skin_bump": 0}, "proportions": {"buttock_height_Z": 0.1479, "upperleg_top_girth": 0.3793, "wrist_girth": 0.0863, "body_height_Z": 1.0, "upperleg_length": 0.2115, "feet_length": 0.1432, "chest_depth_Y": 0.1191, "head_height_Z": 0.1282, "buttock_girth": 0.6262, "shoulders_width": 0.166, "forearm_length": 0.146, "elbow_girth": 0.1472, "lowerleg_length": 0.2393, "neck_girth": 0.1693, "chest_width_X": 0.1444, "feet_height_Z": 0.0431, "buttock_width_X": 0.2396, "hands_length": 0.1096, "head_width_X": 0.0824, "buttock_depth_Y": 0.1253, "lowerleg_bottom_girth": 0.1149, "hands_width": 0.0472, "upperleg_bottom_girth": 0.2575, "upperarm_length": 0.175, "chest_girth": 0.4937, "feet_heel_width": 0.0332, "upperarm_axillary_girth": 0.1883, "waist_girth": 0.5212, "torso_height_Z": 0.1968, "feet_width": 0.0542, "neck_height_Z": 0.0459, "lowerleg_calf_girth": 0.2016, "head_length": 0.1153}, "metaproperties": {"last_character_mass": 0.0, "last_character_tone": 0.0, "character_age": 0.0, "character_tone": 0.0, "character_mass": 0.0, "last_character_age": 0.0}, "manuellab_vers": [1, 3, 0], "structural": {"Stomach_LocalFat": 0.92, "Pelvis_GluteusSize": 0.59, "Pelvis_SizeX": 0.8, "Shoulders_Length": 0.32, "Arms_UpperarmMass": 0.68, "Wrists_Size": 0.5, "Torso_Vshape": 0.38, "Legs_UpperlegsMass": 0.71, "Waist_Size": 0.86, "Legs_UpperlegsTone": 0.26, "Shoulders_PosZ": 0.17, "Legs_UpperlegInCurve": 0.23}}