{"materialproperties": {"skin_complexion": 0, "skin_saturation": 1, "skin_sss": 0, "skin_oil": 1, "skin_subderm": 0, "eyes_value": 1, "eyes_saturation": 1, "eyes_hue": 0, "skin_bump": 0}, "proportions": {"buttock_height_Z": 0.1389, "upperleg_top_girth": 0.2638, "wrist_girth": 0.0822, "body_height_Z": 1.0, "upperleg_length": 0.2086, "feet_length": 0.1432, "chest_depth_Y": 0.104, "head_height_Z": 0.1282, "buttock_girth": 0.5081, "shoulders_width": 0.1659, "forearm_length": 0.1453, "elbow_girth": 0.1363, "lowerleg_length": 0.2432, "neck_girth": 0.1391, "chest_width_X": 0.1441, "feet_height_Z": 0.0431, "buttock_width_X": 0.1951, "hands_length": 0.1094, "head_width_X": 0.0824, "buttock_depth_Y": 0.1028, "lowerleg_bottom_girth": 0.1149, "hands_width": 0.0459, "upperleg_bottom_girth": 0.1829, "upperarm_length": 0.1751, "chest_girth": 0.4385, "feet_heel_width": 0.0332, "upperarm_axillary_girth": 0.163, "waist_girth": 0.4424, "torso_height_Z": 0.2041, "feet_width": 0.0542, "neck_height_Z": 0.0461, "lowerleg_calf_girth": 0.1709, "head_length": 0.1153}, "metaproperties": {"last_character_mass": -1.0, "last_character_tone": -1.0, "character_age": 0.0, "character_tone": -1.0, "character_mass": -1.0, "last_character_age": 0.0}, "manuellab_vers": [1, 3, 0], "structural": {"Legs_LowerlegsMass": -0.5, "Torso_Tone": -0.5, "Arms_ForearmMass": -0.5, "Torso_Mass": -0.5, "Torso_BreastMass": 0.0, "Legs_UpperlegInCurve": 0.23, "Pelvis_GluteusTone": -0.5, "Wrists_Size": 0.4, "Neck_Tone": -0.5, "Torso_Vshape": 0.38, "Neck_Mass": -0.5, "Shoulders_Mass": -0.5, "Torso_BreastTone": 0.7, "Feet_Mass": -0.5, "Arms_UpperarmMass": -0.32, "Stomach_Volume": 0.48, "Stomach_LocalFat": 0.87, "Pelvis_GluteusMass": -0.5, "Cheeks_Mass": -0.5, "Shoulders_Length": 0.32, "Pelvis_SizeX": 0.8, "Shoulders_Tone": -0.5, "Arms_ForearmTone": -0.5, "Hands_Mass": -0.5, "Waist_Size": 0.84, "Arms_UpperarmTone": -0.5, "Legs_UpperlegsMass": -0.29, "Legs_UpperlegsTone": -0.74, "Shoulders_PosZ": 0.17, "Pelvis_GluteusSize": 0.59, "Legs_LowerlegsTone": -0.5}}