{"materialproperties": {"skin_complexion": 0, "skin_saturation": 1, "skin_sss": 0, "skin_oil": 1, "skin_subderm": 0, "eyes_value": 1, "eyes_saturation": 1, "eyes_hue": 0, "skin_bump": 0}, "proportions": {"buttock_height_Z": 0.1417, "upperleg_top_girth": 0.2652, "wrist_girth": 0.0809, "body_height_Z": 1.0, "upperleg_length": 0.1898, "feet_length": 0.1414, "chest_depth_Y": 0.1055, "head_height_Z": 0.1338, "buttock_girth": 0.5394, "shoulders_width": 0.1661, "forearm_length": 0.1337, "elbow_girth": 0.143, "lowerleg_length": 0.2581, "neck_girth": 0.1408, "chest_width_X": 0.1456, "feet_height_Z": 0.0426, "buttock_width_X": 0.2022, "hands_length": 0.1035, "head_width_X": 0.0859, "buttock_depth_Y": 0.1153, "lowerleg_bottom_girth": 0.1162, "hands_width": 0.0453, "upperleg_bottom_girth": 0.1885, "upperarm_length": 0.1839, "chest_girth": 0.4525, "feet_heel_width": 0.0329, "upperarm_axillary_girth": 0.168, "waist_girth": 0.3085, "torso_height_Z": 0.2275, "feet_width": 0.0535, "neck_height_Z": 0.021, "lowerleg_calf_girth": 0.1793, "head_length": 0.1203}, "metaproperties": {"last_character_mass": -1.0, "last_character_tone": -1.0, "character_age": 0.0, "character_tone": -1.0, "character_mass": -1.0, "last_character_age": 0.0}, "manuellab_vers": [1, 3, 0], "structural": {"Stomach_Volume": 0.48, "Torso_Tone": -0.71, "Pelvis_SizeY": 0.8, "Arms_ForearmMass": -0.26, "Torso_Mass": -0.38, "Hands_Size": 0.32, "Torso_BreastMass": 0.0, "Neck_Length": 0.08, "Pelvis_GluteusTone": -0.5, "Neck_Tone": -0.53, "Torso_Vshape": 0.26, "Neck_Mass": -0.26, "Feet_Size": 0.29, "Shoulders_Mass": -0.5, "Torso_BreastTone": 0.7, "Feet_Mass": -0.26, "Arms_UpperarmMass": -0.35, "Arms_UpperarmLength": 0.44, "Legs_UpperlegsTone": -0.62, "Arms_UpperarmTone": -0.71, "Stomach_LocalFat": 0.45, "Pelvis_GluteusMass": -0.29, "Cheeks_Mass": -0.5, "Pelvis_SizeX": 0.86, "Legs_LowerlegsTone": -0.5, "Shoulders_Tone": -0.5, "Arms_ForearmLength": 0.2, "Arms_ForearmTone": -0.77, "Hands_Mass": 0.0, "Waist_Size": 0.48, "Head_Size": 0.47, "Hands_FingersLength": 0.11, "Legs_UpperlegsMass": -0.38, "Legs_UpperlegLength": 0.05, "Wrists_Size": 0.4, "Legs_LowerlegsMass": -0.47}}