{"materialproperties": {"skin_complexion": 0, "skin_saturation": 1, "skin_sss": 0, "skin_oil": 1, "skin_subderm": 0, "eyes_value": 1, "eyes_saturation": 1, "eyes_hue": 0, "skin_bump": 0}, "proportions": {"buttock_height_Z": 0.139, "upperleg_top_girth": 0.2816, "wrist_girth": 0.0852, "body_height_Z": 1.0, "upperleg_length": 0.2001, "feet_length": 0.1451, "chest_depth_Y": 0.0975, "head_height_Z": 0.1343, "buttock_girth": 0.5086, "shoulders_width": 0.1644, "forearm_length": 0.1473, "elbow_girth": 0.1384, "lowerleg_length": 0.2406, "neck_girth": 0.1558, "chest_width_X": 0.1412, "feet_height_Z": 0.0437, "buttock_width_X": 0.1886, "hands_length": 0.111, "head_width_X": 0.0863, "buttock_depth_Y": 0.1089, "lowerleg_bottom_girth": 0.1154, "hands_width": 0.0465, "upperleg_bottom_girth": 0.1905, "upperarm_length": 0.1819, "chest_girth": 0.4261, "feet_heel_width": 0.0337, "upperarm_axillary_girth": 0.1677, "waist_girth": 0.3278, "torso_height_Z": 0.2171, "feet_width": 0.0549, "neck_height_Z": 0.0371, "lowerleg_calf_girth": 0.1889, "head_length": 0.1209}, "metaproperties": {"last_character_mass": -0.5, "last_character_tone": 0.0, "character_age": 0.0, "character_tone": 0.0, "character_mass": -0.5, "last_character_age": 0.0}, "manuellab_vers": [1, 3, 0], "structural": {"Stomach_LocalFat": 0.475, "Pelvis_GluteusMass": 0.0, "Feet_Mass": 0.0, "Cheeks_Mass": 0.0, "Arms_ForearmMass": 0.0, "Torso_Mass": 0.0, "Legs_UpperlegLength": 0.32, "Legs_LowerlegsMass": 0.0, "Arms_UpperarmMass": 0.0, "Stomach_Volume": 0.49, "Hands_Mass": 0.0, "Torso_Vshape": 0.32, "Neck_Mass": 0.0, "Shoulders_Mass": 0.0, "Legs_UpperlegsMass": 0.0, "Waist_Size": 0.495, "Torso_BreastMass": 0.25, "Wrists_Size": 0.475, "Legs_LowerlegLength": 0.39, "Head_Size": 0.59}}