{"materialproperties": {"skin_complexion": 0, "skin_saturation": 1, "skin_sss": 0, "skin_oil": 1, "skin_subderm": 0, "eyes_value": 1, "eyes_saturation": 1, "eyes_hue": 0, "skin_bump": 0}, "proportions": {"buttock_height_Z": 0.1371, "upperleg_top_girth": 0.3396, "wrist_girth": 0.0823, "body_height_Z": 1.0, "upperleg_length": 0.2118, "feet_length": 0.1439, "chest_depth_Y": 0.1343, "head_height_Z": 0.1273, "buttock_girth": 0.5834, "shoulders_width": 0.1697, "forearm_length": 0.1488, "elbow_girth": 0.138, "lowerleg_length": 0.2341, "neck_girth": 0.165, "chest_width_X": 0.1517, "feet_height_Z": 0.0429, "buttock_width_X": 0.2222, "hands_length": 0.1151, "head_width_X": 0.0792, "buttock_depth_Y": 0.1185, "lowerleg_bottom_girth": 0.1213, "hands_width": 0.0441, "upperleg_bottom_girth": 0.2348, "upperarm_length": 0.1813, "chest_girth": 0.5456, "feet_heel_width": 0.0335, "upperarm_axillary_girth": 0.1805, "waist_girth": 0.4348, "torso_height_Z": 0.2248, "feet_width": 0.0544, "neck_height_Z": 0.0324, "lowerleg_calf_girth": 0.198, "head_length": 0.1109}, "metaproperties": {"last_character_mass": 0.0, "last_character_tone": 0.0, "character_age": 0.0, "character_tone": 0.0, "character_mass": 0.0, "last_character_age": 0.0}, "manuellab_vers": [1, 3, 0], "structural": {"Torso_Tone": 0.53, "Pelvis_SizeY": 0.02, "Torso_Mass": 0.8, "Hands_FingersLength": 1.0, "Chin_Tone": 0.29, "Shoulders_Tone": 0.24, "Feet_Size": 0.62, "Shoulders_Mass": 0.2, "Feet_Mass": 0.23, "Torso_Length": 0.71, "Legs_UpperlegInCurve": 0.65, "Arms_UpperarmSize": 0.56, "Pelvis_GluteusMass": 0.65, "Arms_ForearmSize": 0.59, "Arms_UpperarmLength": 0.59, "Legs_UpperlegSize": 0.44, "Arms_ForearmLength": 0.65, "Forehead_SizeZ": 0.62, "Arms_UpperarmMass": 0.53, "Hands_FingersInterDist": 0.38, "Hands_Mass": 0.14, "Waist_Size": 0.29, "Legs_LowerlegLength": 0.54, "Arms_UpperarmTone": 0.38, "Legs_UpperlegLength": 0.65, "Legs_UpperlegsMass": 0.59, "Legs_UpperlegsTone": 0.23, "Shoulders_PosZ": 0.56, "Torso_ToracicCurve": 1.0, "Wrists_Size": 0.5, "Torso_SizeX": 0.56, "Legs_LowerlegsTone": 0.32}}