{"materialproperties": {"skin_complexion": 0, "skin_saturation": 1, "skin_sss": 0, "skin_oil": 1, "skin_subderm": 0, "eyes_value": 1, "eyes_saturation": 1, "eyes_hue": 0, "skin_bump": 0}, "proportions": {"buttock_height_Z": 0.1338, "upperleg_top_girth": 0.2299, "wrist_girth": 0.0791, "body_height_Z": 1.0, "upperleg_length": 0.2148, "feet_length": 0.1435, "chest_depth_Y": 0.087, "head_height_Z": 0.127, "buttock_girth": 0.4568, "shoulders_width": 0.1663, "forearm_length": 0.1484, "elbow_girth": 0.1195, "lowerleg_length": 0.238, "neck_girth": 0.1318, "chest_width_X": 0.133, "feet_height_Z": 0.0432, "buttock_width_X": 0.174, "hands_length": 0.1147, "head_width_X": 0.079, "buttock_depth_Y": 0.0847, "lowerleg_bottom_girth": 0.1129, "hands_width": 0.0436, "upperleg_bottom_girth": 0.17, "upperarm_length": 0.1807, "chest_girth": 0.3933, "feet_heel_width": 0.0333, "upperarm_axillary_girth": 0.1555, "waist_girth": 0.3051, "torso_height_Z": 0.2059, "feet_width": 0.0543, "neck_height_Z": 0.0469, "lowerleg_calf_girth": 0.1687, "head_length": 0.1106}, "metaproperties": {"last_character_mass": -1.0, "last_character_tone": 0.0, "character_age": 0.0, "character_tone": 0.0, "character_mass": -1.0, "last_character_age": 0.0}, "manuellab_vers": [1, 3, 0], "structural": {"Neck_Size": 0.35, "Torso_Tone": 0.68, "Pelvis_SizeY": 0.02, "Arms_ForearmMass": -0.5, "Torso_Mass": -0.47, "Torso_BreastMass": 0.0, "Hands_FingersLength": 1.0, "Legs_UpperlegInCurve": 0.74, "Chin_Tone": 0.29, "Neck_Length": 0.56, "Neck_Tone": 0.35, "Neck_Mass": -0.77, "Feet_Size": 0.62, "Shoulders_Mass": -0.92, "Feet_Mass": -0.77, "Neck_Angle": 0.29, "Arms_UpperarmLength": 0.59, "Stomach_Volume": 0.48, "Arms_UpperarmSize": 0.17, "Stomach_LocalFat": 0.45, "Pelvis_GluteusMass": -0.5, "Cheeks_Mass": -0.5, "Shoulders_Tone": 0.24, "Arms_ForearmSize": 0.2, "Torso_Length": 0.71, "Legs_LowerlegsTone": 0.32, "Legs_UpperlegSize": 0.44, "Arms_ForearmLength": 0.65, "Forehead_SizeZ": 0.62, "Arms_UpperarmMass": -0.62, "Torso_SizeY": 0.29, "Hands_FingersInterDist": 0.38, "Hands_Mass": -0.86, "Waist_Size": 0.28, "Arms_UpperarmTone": 0.35, "Legs_UpperlegLength": 0.65, "Legs_UpperlegsMass": -0.77, "Legs_UpperlegsTone": 0.23, "Shoulders_PosZ": 0.14, "Torso_ToracicCurve": 1.0, "Wrists_Size": 0.45, "Legs_LowerlegLength": 0.54, "Legs_LowerlegsMass": -0.83}}