{"materialproperties": {"skin_complexion": 0, "skin_saturation": 1, "skin_sss": 0, "skin_oil": 1, "skin_subderm": 0, "eyes_value": 1, "eyes_saturation": 1, "eyes_hue": 0, "skin_bump": 0}, "proportions": {"buttock_height_Z": 0.1493, "upperleg_top_girth": 0.3705, "wrist_girth": 0.0887, "body_height_Z": 1.0, "upperleg_length": 0.1909, "feet_length": 0.1451, "chest_depth_Y": 0.1362, "head_height_Z": 0.1343, "buttock_girth": 0.6398, "shoulders_width": 0.1839, "forearm_length": 0.1471, "elbow_girth": 0.1478, "lowerleg_length": 0.238, "neck_girth": 0.1746, "chest_width_X": 0.1649, "feet_height_Z": 0.0437, "buttock_width_X": 0.2352, "hands_length": 0.1111, "head_width_X": 0.0863, "buttock_depth_Y": 0.1429, "lowerleg_bottom_girth": 0.1196, "hands_width": 0.0479, "upperleg_bottom_girth": 0.244, "upperarm_length": 0.184, "chest_girth": 0.5741, "feet_heel_width": 0.0337, "upperarm_axillary_girth": 0.1988, "waist_girth": 0.4525, "torso_height_Z": 0.2278, "feet_width": 0.0549, "neck_height_Z": 0.0286, "lowerleg_calf_girth": 0.2418, "head_length": 0.1209}, "metaproperties": {"last_character_mass": 0.0, "last_character_tone": 0.0, "character_age": 0.0, "character_tone": 0.0, "character_mass": 0.0, "last_character_age": 0.0}, "manuellab_vers": [1, 3, 0], "structural": {"Pelvis_GluteusMass": 0.71, "Torso_SizeX": 0.59, "Torso_Tone": 0.53, "Torso_Mass": 0.74, "Arms_ForearmSize": 0.71, "Legs_UpperlegLength": 0.32, "Legs_LowerlegsTone": 0.95, "Shoulders_Size": 0.56, "Shoulders_Tone": 0.62, "Torso_Vshape": 0.62, "Legs_LowerlegLength": 0.39, "Shoulders_Mass": 0.62, "Legs_UpperlegsMass": 0.68, "Legs_UpperlegsTone": 0.35, "Shoulders_PosZ": 0.74, "Legs_LowerlegsMass": 0.89, "Wrists_Size": 0.5, "Arms_UpperarmSize": 0.71, "Head_Size": 0.59}}