{"materialproperties": {"skin_complexion": 0, "skin_saturation": 1, "skin_sss": 1, "skin_oil": 1, "skin_subderm": 0, "eyes_value": 1, "eyes_saturation": 1, "eyes_hue": 0, "skin_bump": 0}, "proportions": {"buttock_height_Z": 0.1338, "upperleg_top_girth": 0.2528, "wrist_girth": 0.0822, "body_height_Z": 1.0, "upperleg_length": 0.2075, "feet_length": 0.1432, "chest_depth_Y": 0.1005, "head_height_Z": 0.1282, "buttock_girth": 0.4761, "shoulders_width": 0.1857, "forearm_length": 0.1453, "elbow_girth": 0.1363, "lowerleg_length": 0.2436, "neck_girth": 0.1396, "chest_width_X": 0.1551, "feet_height_Z": 0.0417, "buttock_width_X": 0.1805, "hands_length": 0.1094, "head_width_X": 0.0824, "buttock_depth_Y": 0.0996, "lowerleg_bottom_girth": 0.1461, "hands_width": 0.0459, "upperleg_bottom_girth": 0.1794, "upperarm_length": 0.1817, "chest_girth": 0.4622, "feet_heel_width": 0.0337, "upperarm_axillary_girth": 0.1602, "waist_girth": 0.2973, "torso_height_Z": 0.2181, "feet_width": 0.0542, "neck_height_Z": 0.037, "lowerleg_calf_girth": 0.1709, "head_length": 0.1153}, "metaproperties": {"last_character_mass": -1.0, "last_character_tone": -1.0, "character_age": 0.0, "character_tone": -1.0, "character_mass": -1.0, "last_character_age": 0.0}, "manuellab_vers": [1, 3, 0], "structural": {"Legs_LowerlegsMass": -0.5, "Torso_Tone": -1.0, "Arms_ForearmMass": -0.5, "Torso_Mass": -1.0, "Torso_BreastMass": 0.0, "Pelvis_GluteusTone": -0.5, "Neck_Tone": -0.5, "Torso_Vshape": 0.86, "Neck_Mass": -0.5, "Legs_KneeSize": 0.5, "Shoulders_Mass": -0.5, "Torso_BreastTone": 0.7, "Feet_Mass": -0.5, "Arms_UpperarmMass": -0.5, "Stomach_Volume": 0.48, "Stomach_LocalFat": 0.45, "Pelvis_GluteusMass": -0.5, "Cheeks_Mass": -0.5, "Shoulders_Tone": -0.5, "Legs_AnkleSize": 0.9, "Arms_ForearmTone": -0.5, "Hands_Mass": -0.5, "Waist_Size": 0.48, "Arms_UpperarmTone": -0.5, "Legs_UpperlegsMass": -0.5, "Legs_UpperlegsTone": -0.5, "Wrists_Size": 0.4, "Legs_LowerlegsTone": -0.5}}