{"materialproperties": {"skin_complexion": 0, "skin_saturation": 1, "skin_sss": 0, "skin_oil": 1, "skin_subderm": 0, "eyes_value": 1, "eyes_saturation": 1, "eyes_hue": 0, "skin_bump": 0}, "proportions": {"buttock_height_Z": 0.1333, "upperleg_top_girth": 0.2571, "wrist_girth": 0.0804, "body_height_Z": 1.0, "upperleg_length": 0.2142, "feet_length": 0.143, "chest_depth_Y": 0.1049, "head_height_Z": 0.1307, "buttock_girth": 0.4984, "shoulders_width": 0.1585, "forearm_length": 0.1478, "elbow_girth": 0.1193, "lowerleg_length": 0.2372, "neck_girth": 0.1383, "chest_width_X": 0.134, "feet_height_Z": 0.043, "buttock_width_X": 0.1841, "hands_length": 0.1144, "head_width_X": 0.0814, "buttock_depth_Y": 0.0997, "lowerleg_bottom_girth": 0.1129, "hands_width": 0.0438, "upperleg_bottom_girth": 0.1804, "upperarm_length": 0.1801, "chest_girth": 0.4565, "feet_heel_width": 0.0332, "upperarm_axillary_girth": 0.1573, "waist_girth": 0.3308, "torso_height_Z": 0.2049, "feet_width": 0.0541, "neck_height_Z": 0.0463, "lowerleg_calf_girth": 0.1725, "head_length": 0.1139}, "metaproperties": {"last_character_mass": 0.0, "last_character_tone": 0.0, "character_age": 0.0, "character_tone": 0.0, "character_mass": 0.0, "last_character_age": 0.0}, "manuellab_vers": [1, 3, 0], "structural": {"Legs_LowerlegsMass": 0.17, "Torso_Tone": 0.38, "Pelvis_SizeY": 0.02, "Torso_Mass": 0.44, "Hands_FingersLength": 1.0, "Legs_UpperlegInCurve": 0.74, "Neck_Length": 0.56, "Hands_Mass": 0.14, "Neck_Tone": 0.35, "Torso_Vshape": 0.38, "Neck_Mass": 0.23, "Feet_Size": 0.62, "Shoulders_Mass": 0.08, "Feet_Mass": 0.23, "Neck_Angle": 0.29, "Arms_UpperarmLength": 0.59, "Shoulders_Tone": 0.24, "Arms_UpperarmSize": 0.17, "Neck_Size": 0.35, "Stomach_Volume": 0.59, "Arms_ForearmSize": 0.2, "Torso_Length": 0.71, "Legs_UpperlegSize": 0.44, "Arms_ForearmLength": 0.65, "Forehead_SizeZ": 0.62, "Arms_UpperarmMass": 0.38, "Torso_SizeY": 0.29, "Hands_FingersInterDist": 0.38, "Chin_Tone": 0.29, "Head_Size": 0.59, "Arms_UpperarmTone": 0.35, "Legs_UpperlegLength": 0.65, "Legs_UpperlegsMass": 0.23, "Legs_UpperlegsTone": 0.23, "Shoulders_PosZ": 0.14, "Torso_ToracicCurve": 1.0, "Wrists_Size": 0.5, "Legs_LowerlegLength": 0.54, "Legs_LowerlegsTone": 0.32}}