{"materialproperties": {"skin_complexion": 0, "skin_saturation": 1, "skin_sss": 1, "skin_oil": 1, "skin_subderm": 0, "eyes_value": 1, "eyes_saturation": 1, "eyes_hue": 0, "skin_bump": 0}, "proportions": {"buttock_height_Z": 0.1282, "upperleg_top_girth": 0.2396, "wrist_girth": 0.0791, "body_height_Z": 1.0, "upperleg_length": 0.214, "feet_length": 0.143, "chest_depth_Y": 0.097, "head_height_Z": 0.1307, "buttock_girth": 0.4286, "shoulders_width": 0.1585, "forearm_length": 0.1481, "elbow_girth": 0.1496, "lowerleg_length": 0.2371, "neck_girth": 0.1254, "chest_width_X": 0.134, "feet_height_Z": 0.043, "buttock_width_X": 0.1685, "hands_length": 0.1143, "head_width_X": 0.0814, "buttock_depth_Y": 0.0768, "lowerleg_bottom_girth": 0.1129, "hands_width": 0.0434, "upperleg_bottom_girth": 0.1729, "upperarm_length": 0.1801, "chest_girth": 0.4234, "feet_heel_width": 0.0332, "upperarm_axillary_girth": 0.1555, "waist_girth": 0.2756, "torso_height_Z": 0.2103, "feet_width": 0.0541, "neck_height_Z": 0.0463, "lowerleg_calf_girth": 0.1629, "head_length": 0.1139}, "metaproperties": {"last_character_mass": -0.5, "last_character_tone": -1.0, "character_age": 0.0, "character_tone": -1.0, "character_mass": -0.5, "last_character_age": 0.0}, "manuellab_vers": [1, 3, 0], "structural": {"Feet_Mass": -0.27, "Torso_Tone": -0.65, "Elbows_Size": 0.86, "Torso_BreastMass": 0.25, "Pelvis_GluteusTone": -0.5, "Hands_Mass": -0.36, "Neck_Tone": -0.65, "Legs_LowerlegsMass": -0.33, "Feet_Size": 0.62, "Shoulders_Mass": -0.42, "Arms_UpperarmLength": 0.59, "Neck_Size": 0.35, "Stomach_Volume": 0.49, "Arms_ForearmLength": 0.65, "Forehead_SizeZ": 0.62, "Torso_SizeY": 0.29, "Shoulders_Tone": -0.76, "Waist_Size": 0.485, "Arms_UpperarmTone": -0.65, "Legs_UpperlegsMass": -0.27, "Legs_UpperlegInCurve": 0.29, "Stomach_LocalFat": 0.475, "Pelvis_SizeY": 0.02, "Arms_ForearmMass": 0.0, "Torso_Mass": -0.06, "Hands_FingersLength": 1.0, "Arms_ForearmTone": -0.5, "Chin_Tone": 0.29, "Torso_Vshape": 0.38, "Neck_Mass": -0.27, "Torso_BreastTone": 0.7, "Cheeks_Mass": 0.0, "Neck_Angle": 0.29, "Torso_Length": 0.71, "Legs_UpperlegsTone": -0.77, "Arms_UpperarmSize": 0.41, "Pelvis_GluteusMass": 0.15, "Pelvis_SizeX": 0.44, "Legs_UpperlegSize": 0.44, "Neck_Length": 0.56, "Arms_UpperarmMass": -0.12, "Hands_FingersInterDist": 0.38, "Head_Size": 0.59, "Legs_UpperlegLength": 0.65, "Shoulders_PosZ": 0.14, "Torso_ToracicCurve": 1.0, "Wrists_Size": 0.425, "Legs_LowerlegLength": 0.54, "Legs_LowerlegsTone": -0.68}}