{"materialproperties": {"skin_complexion": 0, "skin_saturation": 1, "skin_sss": 0, "skin_oil": 1, "skin_subderm": 0, "eyes_value": 1, "eyes_saturation": 1, "eyes_hue": 0, "skin_bump": 0}, "proportions": {"buttock_height_Z": 0.1443, "upperleg_top_girth": 0.418, "wrist_girth": 0.087, "body_height_Z": 1.0, "upperleg_length": 0.2017, "feet_length": 0.143, "chest_depth_Y": 0.1849, "head_height_Z": 0.1352, "buttock_girth": 0.7327, "shoulders_width": 0.1635, "forearm_length": 0.149, "elbow_girth": 0.1602, "lowerleg_length": 0.2244, "neck_girth": 0.2256, "chest_width_X": 0.166, "feet_height_Z": 0.0414, "buttock_width_X": 0.268, "hands_length": 0.1146, "head_width_X": 0.0814, "buttock_depth_Y": 0.161, "lowerleg_bottom_girth": 0.1515, "hands_width": 0.0472, "upperleg_bottom_girth": 0.3012, "upperarm_length": 0.1875, "chest_girth": 0.6892, "feet_heel_width": 0.0347, "upperarm_axillary_girth": 0.275, "waist_girth": 0.663, "torso_height_Z": 0.2376, "feet_width": 0.0555, "neck_height_Z": 0.0274, "lowerleg_calf_girth": 0.2497, "head_length": 0.1139}, "metaproperties": {"last_character_mass": 1.0, "last_character_tone": 0.0, "character_age": 0.0, "character_tone": 0.0, "character_mass": 1.0, "last_character_age": 0.0}, "manuellab_vers": [1, 3, 0], "structural": {"Feet_Mass": 1.23, "Torso_Tone": 0.38, "Feet_Size": 0.62, "Torso_BreastMass": 1.0, "Hands_Mass": 1.14, "Neck_Tone": 0.35, "Legs_LowerlegsMass": 1.17, "Legs_KneeSize": 0.7, "Shoulders_Mass": 1.08, "Arms_UpperarmLength": 0.59, "Neck_Size": 0.35, "Stomach_Volume": 0.61, "Arms_ForearmLength": 0.65, "Forehead_SizeZ": 0.62, "Torso_SizeY": 0.29, "Shoulders_Tone": 0.24, "Waist_Size": 0.7, "Arms_UpperarmTone": 0.35, "Legs_UpperlegsMass": 1.23, "Legs_UpperlegInCurve": 0.74, "Stomach_LocalFat": 0.52, "Pelvis_SizeY": 0.02, "Arms_ForearmMass": 1.5, "Torso_Mass": 1.44, "Hands_FingersLength": 1.0, "Chin_Tone": 0.29, "Torso_Vshape": 0.38, "Neck_Mass": 1.23, "Cheeks_Mass": 1.5, "Neck_Angle": 0.29, "Torso_Length": 0.71, "Legs_UpperlegsTone": 0.23, "Arms_UpperarmSize": 0.17, "Pelvis_GluteusMass": 1.5, "Arms_ForearmSize": 0.2, "Legs_UpperlegSize": 0.44, "Neck_Length": 0.56, "Arms_UpperarmMass": 1.38, "Hands_FingersInterDist": 0.38, "Head_Size": 0.59, "Legs_UpperlegLength": 0.65, "Shoulders_PosZ": 0.14, "Torso_ToracicCurve": 1.0, "Wrists_Size": 0.6, "Legs_LowerlegLength": 0.54, "Legs_LowerlegsTone": 0.32}}