{"materialproperties": {"skin_complexion": 0, "skin_saturation": 1, "skin_sss": 1, "skin_oil": 1, "skin_subderm": 0, "eyes_value": 1, "eyes_saturation": 1, "eyes_hue": 0, "skin_bump": 0}, "proportions": {"buttock_height_Z": 0.1286, "upperleg_top_girth": 0.2577, "wrist_girth": 0.0857, "body_height_Z": 1.0, "upperleg_length": 0.206, "feet_length": 0.1432, "chest_depth_Y": 0.1585, "head_height_Z": 0.1282, "buttock_girth": 0.5327, "shoulders_width": 0.1752, "forearm_length": 0.1453, "elbow_girth": 0.1363, "lowerleg_length": 0.2429, "neck_girth": 0.1431, "chest_width_X": 0.1707, "feet_height_Z": 0.0431, "buttock_width_X": 0.188, "hands_length": 0.1096, "head_width_X": 0.0824, "buttock_depth_Y": 0.1289, "lowerleg_bottom_girth": 0.1149, "hands_width": 0.0472, "upperleg_bottom_girth": 0.1794, "upperarm_length": 0.1804, "chest_girth": 0.6328, "feet_heel_width": 0.0332, "upperarm_axillary_girth": 0.177, "waist_girth": 0.5626, "torso_height_Z": 0.228, "feet_width": 0.0542, "neck_height_Z": 0.0344, "lowerleg_calf_girth": 0.1709, "head_length": 0.1153}, "metaproperties": {"last_character_mass": 0.0, "last_character_tone": -0.5, "character_age": 0.0, "character_tone": -0.5, "character_mass": 0.0, "last_character_age": 0.0}, "manuellab_vers": [1, 3, 0], "structural": {"Pelvis_GluteusMass": 0.02, "Arms_ForearmTone": -0.5, "Arms_ForearmMass": 0.0, "Torso_Mass": 1.0, "Arms_UpperarmTone": -0.5, "Shoulders_Tone": -0.5, "Arms_UpperarmMass": 0.0, "Pelvis_GluteusTone": -0.5, "Legs_UpperlegsMass": 0.0, "Neck_Tone": -0.5, "Waist_Size": 0.495, "Neck_Mass": 0.0, "Shoulders_Mass": 0.0, "Torso_BreastTone": 0.6, "Cheeks_Mass": 0.0, "Legs_UpperlegsTone": -0.5, "Legs_LowerlegsMass": 0.0, "Wrists_Size": 0.475, "Legs_LowerlegsTone": -0.5}}