{"materialproperties": {"skin_complexion": 0, "skin_saturation": 1, "skin_sss": 0, "skin_oil": 1, "skin_subderm": 0, "eyes_value": 1, "eyes_saturation": 1, "eyes_hue": 0, "skin_bump": 0}, "proportions": {"buttock_height_Z": 0.1692, "upperleg_top_girth": 0.5004, "wrist_girth": 0.0892, "body_height_Z": 1.0, "upperleg_length": 0.1725, "feet_length": 0.1432, "chest_depth_Y": 0.2071, "head_height_Z": 0.1345, "buttock_girth": 0.9528, "shoulders_width": 0.1808, "forearm_length": 0.1427, "elbow_girth": 0.1816, "lowerleg_length": 0.229, "neck_girth": 0.2605, "chest_width_X": 0.1849, "feet_height_Z": 0.0411, "buttock_width_X": 0.3221, "hands_length": 0.1097, "head_width_X": 0.0824, "buttock_depth_Y": 0.2298, "lowerleg_bottom_girth": 0.1627, "hands_width": 0.0499, "upperleg_bottom_girth": 0.317, "upperarm_length": 0.1992, "chest_girth": 0.7437, "feet_heel_width": 0.0349, "upperarm_axillary_girth": 0.2994, "waist_girth": 0.8445, "torso_height_Z": 0.2546, "feet_width": 0.0557, "neck_height_Z": 0.0144, "lowerleg_calf_girth": 0.2674, "head_length": 0.1153}, "metaproperties": {"last_character_mass": 1.0, "last_character_tone": -1.0, "character_age": 0.0, "character_tone": -1.0, "character_mass": 1.0, "last_character_age": 0.0}, "manuellab_vers": [1, 3, 0], "structural": {"Legs_LowerlegsMass": 1.5, "Torso_Tone": -0.5, "Arms_ForearmMass": 1.5, "Torso_Mass": 1.62, "Torso_BreastMass": 1.18, "Pelvis_GluteusTone": -0.5, "Neck_Tone": -0.5, "Wrists_Size": 0.55, "Neck_Mass": 1.5, "Legs_KneeSize": 0.7, "Shoulders_Mass": 1.5, "Torso_BreastTone": 0.7, "Feet_Mass": 1.5, "Arms_UpperarmMass": 1.5, "Stomach_Volume": 0.52, "Stomach_LocalFat": 0.76, "Pelvis_GluteusMass": 1.5, "Cheeks_Mass": 1.5, "Shoulders_Length": 0.8, "Pelvis_SizeX": 0.59, "Shoulders_Tone": -0.5, "Arms_ForearmTone": -0.5, "Hands_Mass": 1.5, "Waist_Size": 0.19, "Arms_UpperarmTone": -0.5, "Legs_UpperlegsMass": 1.5, "Legs_UpperlegsTone": -0.5, "Pelvis_GluteusSize": 0.74, "Legs_LowerlegsTone": -0.5}}