{"materialproperties": {"skin_complexion": 0, "skin_saturation": 1, "skin_sss": 1, "skin_oil": 1, "skin_subderm": 0, "eyes_value": 1, "eyes_saturation": 1, "eyes_hue": 0, "skin_bump": 0}, "proportions": {"buttock_height_Z": 0.1428, "upperleg_top_girth": 0.2947, "wrist_girth": 0.0853, "body_height_Z": 1.0, "upperleg_length": 0.1875, "feet_length": 0.1398, "chest_depth_Y": 0.1322, "head_height_Z": 0.1334, "buttock_girth": 0.6072, "shoulders_width": 0.1748, "forearm_length": 0.1606, "elbow_girth": 0.1419, "lowerleg_length": 0.2548, "neck_girth": 0.1909, "chest_width_X": 0.1547, "feet_height_Z": 0.0421, "buttock_width_X": 0.2148, "hands_length": 0.1025, "head_width_X": 0.085, "buttock_depth_Y": 0.1426, "lowerleg_bottom_girth": 0.1174, "hands_width": 0.0489, "upperleg_bottom_girth": 0.1982, "upperarm_length": 0.195, "chest_girth": 0.5399, "feet_heel_width": 0.033, "upperarm_axillary_girth": 0.1847, "waist_girth": 0.4485, "torso_height_Z": 0.2239, "feet_width": 0.0536, "neck_height_Z": 0.0298, "lowerleg_calf_girth": 0.2112, "head_length": 0.1189}, "metaproperties": {"last_character_mass": 0.0, "last_character_tone": 0.0, "character_age": 0.0, "character_tone": 0.0, "character_mass": 0.0, "last_character_age": 0.0}, "manuellab_vers": [1, 3, 0], "structural": {"Torso_Tone": 0.41, "Pelvis_SizeY": 0.8, "Torso_Mass": 0.59, "Hands_Size": 0.32, "Hands_FingersLength": 0.11, "Neck_Length": 0.35, "Neck_Tone": 0.47, "Torso_Vshape": 0.41, "Neck_Mass": 0.62, "Feet_Size": 0.29, "Feet_Mass": 0.74, "Arms_UpperarmLength": 0.59, "Pelvis_GluteusMass": 0.35, "Legs_LowerlegsMass": 0.53, "Pelvis_SizeX": 0.86, "Arms_ForearmLength": 0.65, "Hands_Mass": 1.0, "Head_Size": 0.47, "Legs_UpperlegLength": 0.05, "Legs_UpperlegsMass": 0.23, "Legs_UpperlegsTone": 0.35, "Wrists_Size": 0.5}}