{"materialproperties": {"skin_complexion": 0, "skin_saturation": 1, "skin_sss": 0, "skin_oil": 1, "skin_subderm": 0, "eyes_value": 1, "eyes_saturation": 1, "eyes_hue": 0, "skin_bump": 0}, "proportions": {"buttock_height_Z": 0.1551, "upperleg_top_girth": 0.3678, "wrist_girth": 0.0826, "body_height_Z": 1.0, "upperleg_length": 0.1859, "feet_length": 0.139, "chest_depth_Y": 0.152, "head_height_Z": 0.1303, "buttock_girth": 0.7191, "shoulders_width": 0.1717, "forearm_length": 0.1406, "elbow_girth": 0.1466, "lowerleg_length": 0.2436, "neck_girth": 0.1944, "chest_width_X": 0.1575, "feet_height_Z": 0.0409, "buttock_width_X": 0.25, "hands_length": 0.1063, "head_width_X": 0.0818, "buttock_depth_Y": 0.1702, "lowerleg_bottom_girth": 0.1336, "hands_width": 0.0459, "upperleg_bottom_girth": 0.2362, "upperarm_length": 0.1865, "chest_girth": 0.591, "feet_heel_width": 0.0326, "upperarm_axillary_girth": 0.2254, "waist_girth": 0.5086, "torso_height_Z": 0.2345, "feet_width": 0.0526, "neck_height_Z": 0.0211, "lowerleg_calf_girth": 0.211, "head_length": 0.1145}, "metaproperties": {"last_character_mass": 0.0, "last_character_tone": -1.0, "character_age": 0.0, "character_tone": -1.0, "character_mass": 0.0, "last_character_age": 0.0}, "manuellab_vers": [1, 3, 0], "structural": {"Torso_BreastMass": 0.65, "Torso_Tone": -0.08, "Legs_KneeSize": 0.5, "Torso_Mass": 0.5, "Neck_TrapeziousSize": 0.62, "Pelvis_GluteusTone": -0.32, "Neck_Tone": 0.0, "Wrists_Size": 0.45, "Neck_Mass": 0.5, "Neck_Collarbone": 0.95, "Shoulders_Mass": 0.56, "Torso_BreastTone": 0.95, "Feet_Mass": 0.5, "Arms_UpperarmMass": 0.56, "Arms_UpperarmLength": 0.557, "Stomach_Volume": 0.5, "Arms_UpperarmSize": 0.11, "Arms_ForearmMass": 0.65, "Stomach_LocalFat": 0.5, "Pelvis_GluteusMass": 0.62, "Cheeks_Mass": 0.5, "Pelvis_SizeX": 0.53, "Legs_LowerlegsTone": -0.08, "Shoulders_Tone": -0.53, "Arms_ForearmLength": 0.53, "Arms_ForearmTone": -0.5, "Torso_Dorsi": 0.8, "Hands_Mass": 0.5, "Waist_Size": 0.25, "Head_Size": 0.56, "Arms_UpperarmTone": 0.0, "Legs_UpperlegLength": 0.6, "Legs_UpperlegsMass": 0.5, "Legs_UpperlegsTone": -0.11, "Shoulders_PosZ": 0.59, "Pelvis_GluteusSize": 0.56, "Legs_LowerlegLength": 0.6, "Legs_LowerlegsMass": 0.5}}