{"materialproperties": {"skin_complexion": 0, "skin_saturation": 1, "skin_sss": 0, "skin_oil": 1, "skin_subderm": 0, "eyes_value": 1, "eyes_saturation": 1, "eyes_hue": 0, "skin_bump": 0}, "proportions": {"buttock_height_Z": 0.1647, "upperleg_top_girth": 0.4501, "wrist_girth": 0.0881, "body_height_Z": 1.0, "upperleg_length": 0.1631, "feet_length": 0.1451, "chest_depth_Y": 0.1793, "head_height_Z": 0.1375, "buttock_girth": 0.8726, "shoulders_width": 0.1884, "forearm_length": 0.1458, "elbow_girth": 0.1695, "lowerleg_length": 0.2307, "neck_girth": 0.2053, "chest_width_X": 0.1978, "feet_height_Z": 0.0427, "buttock_width_X": 0.2946, "hands_length": 0.1111, "head_width_X": 0.0863, "buttock_depth_Y": 0.2157, "lowerleg_bottom_girth": 0.1392, "hands_width": 0.0479, "upperleg_bottom_girth": 0.2929, "upperarm_length": 0.1907, "chest_girth": 0.6958, "feet_heel_width": 0.034, "upperarm_axillary_girth": 0.2587, "waist_girth": 0.7898, "torso_height_Z": 0.2612, "feet_width": 0.0549, "neck_height_Z": 0.0151, "lowerleg_calf_girth": 0.246, "head_length": 0.1209}, "metaproperties": {"last_character_mass": 0.0, "last_character_tone": -0.5, "character_age": 0.0, "character_tone": -0.5, "character_mass": 0.0, "last_character_age": 0.0}, "manuellab_vers": [1, 3, 0], "structural": {"Torso_Tone": 0.03, "Torso_Mass": 0.74, "Legs_UpperlegLength": 0.32, "Pelvis_GluteusTone": 0.0, "Neck_Tone": 0.0, "Torso_Vshape": 0.62, "Legs_LowerlegsTone": 0.45, "Shoulders_Mass": 0.62, "Torso_BreastTone": 0.6, "Arms_UpperarmSize": 0.71, "Arms_ForearmTone": 0.0, "Pelvis_GluteusMass": 0.71, "Legs_LowerlegsMass": 0.89, "Arms_ForearmSize": 0.71, "Shoulders_Size": 0.56, "Shoulders_Tone": 0.12, "Waist_Size": 0.495, "Legs_LowerlegLength": 0.39, "Arms_UpperarmTone": 0.0, "Legs_UpperlegsMass": 0.68, "Legs_UpperlegsTone": -0.15, "Shoulders_PosZ": 0.74, "Wrists_Size": 0.475, "Torso_SizeX": 0.59, "Head_Size": 0.59}}