{"materialproperties": {"skin_complexion": 0, "skin_saturation": 1, "skin_sss": 1, "skin_oil": 1, "skin_subderm": 0, "eyes_value": 1, "eyes_saturation": 1, "eyes_hue": 0, "skin_bump": 0}, "proportions": {"buttock_height_Z": 0.1414, "upperleg_top_girth": 0.2528, "wrist_girth": 0.084, "body_height_Z": 1.0, "upperleg_length": 0.2075, "feet_length": 0.1432, "chest_depth_Y": 0.1045, "head_height_Z": 0.1282, "buttock_girth": 0.4767, "shoulders_width": 0.1735, "forearm_length": 0.1453, "elbow_girth": 0.1363, "lowerleg_length": 0.2432, "neck_girth": 0.1396, "chest_width_X": 0.1466, "feet_height_Z": 0.0431, "buttock_width_X": 0.1805, "hands_length": 0.1095, "head_width_X": 0.0824, "buttock_depth_Y": 0.0996, "lowerleg_bottom_girth": 0.1149, "hands_width": 0.0459, "upperleg_bottom_girth": 0.1794, "upperarm_length": 0.1794, "chest_girth": 0.4735, "feet_heel_width": 0.0332, "upperarm_axillary_girth": 0.1647, "waist_girth": 0.3495, "torso_height_Z": 0.2105, "feet_width": 0.0542, "neck_height_Z": 0.037, "lowerleg_calf_girth": 0.1709, "head_length": 0.1153}, "metaproperties": {"last_character_mass": -0.5, "last_character_tone": 0.0, "character_age": 0.0, "character_tone": 0.0, "character_mass": -0.5, "last_character_age": 0.0}, "manuellab_vers": [1, 3, 0], "structural": {"Legs_LowerlegsMass": -0.5, "Feet_Mass": 0.0, "Torso_Tone": 1.0, "Arms_ForearmMass": -0.5, "Torso_BreastMass": 0.25, "Pelvis_GluteusTone": 0.0, "Hands_Mass": 0.0, "Neck_Tone": 0.0, "Neck_Mass": -0.5, "Shoulders_Mass": -0.5, "Cheeks_Mass": -0.5, "Arms_UpperarmMass": -0.5, "Stomach_LocalFat": 0.475, "Pelvis_GluteusMass": -0.48, "Stomach_Volume": 0.49, "Arms_ForearmTone": 0.0, "Shoulders_Tone": 0.0, "Waist_Size": 0.495, "Arms_UpperarmTone": 0.0, "Legs_UpperlegsMass": -0.5, "Legs_UpperlegsTone": 0.0, "Wrists_Size": 0.475, "Legs_LowerlegsTone": 0.0}}