{"materialproperties": {"skin_complexion": 0, "skin_saturation": 1, "skin_sss": 1, "skin_oil": 1, "skin_subderm": 0, "eyes_value": 1, "eyes_saturation": 1, "eyes_hue": 0, "skin_bump": 0}, "proportions": {"buttock_height_Z": 0.1661, "upperleg_top_girth": 0.3892, "wrist_girth": 0.0815, "body_height_Z": 1.0, "upperleg_length": 0.1728, "feet_length": 0.1355, "chest_depth_Y": 0.1663, "head_height_Z": 0.1345, "buttock_girth": 0.8527, "shoulders_width": 0.1633, "forearm_length": 0.1447, "elbow_girth": 0.1587, "lowerleg_length": 0.2395, "neck_girth": 0.2556, "chest_width_X": 0.1762, "feet_height_Z": 0.0398, "buttock_width_X": 0.2804, "hands_length": 0.0994, "head_width_X": 0.0824, "buttock_depth_Y": 0.2132, "lowerleg_bottom_girth": 0.1351, "hands_width": 0.0474, "upperleg_bottom_girth": 0.2449, "upperarm_length": 0.1872, "chest_girth": 0.6309, "feet_heel_width": 0.0323, "upperarm_axillary_girth": 0.2376, "waist_girth": 0.6789, "torso_height_Z": 0.2533, "feet_width": 0.052, "neck_height_Z": 0.0085, "lowerleg_calf_girth": 0.2186, "head_length": 0.1153}, "metaproperties": {"last_character_mass": 0.0, "last_character_tone": -1.0, "character_age": 0.0, "character_tone": -1.0, "character_mass": 0.0, "last_character_age": 0.0}, "manuellab_vers": [1, 3, 0], "structural": {"Arms_ForearmTone": -0.5, "Pelvis_SizeY": 0.8, "Torso_Mass": 0.65, "Hands_Size": 0.32, "Hands_FingersLength": 0.11, "Pelvis_GluteusTone": -0.5, "Hands_Mass": 1.0, "Neck_Tone": -0.5, "Torso_Tone": -0.77, "Neck_Mass": 0.83, "Feet_Size": 0.29, "Torso_BreastTone": 0.7, "Feet_Mass": 0.74, "Pelvis_GluteusMass": 0.71, "Pelvis_SizeX": 0.86, "Neck_Length": 0.38, "Shoulders_Tone": -0.5, "Waist_Size": 0.49, "Head_Size": 0.47, "Arms_UpperarmTone": -0.5, "Torso_Vshape": 0.26, "Legs_UpperlegsTone": -0.5, "Shoulders_PosZ": 0.77, "Wrists_Size": 0.45, "Legs_LowerlegsTone": -0.5}}