{"materialproperties": {"skin_complexion": 0, "skin_saturation": 1, "skin_sss": 0, "skin_oil": 1, "skin_subderm": 0, "eyes_value": 1, "eyes_saturation": 1, "eyes_hue": 0, "skin_bump": 0}, "proportions": {"buttock_height_Z": 0.1704, "upperleg_top_girth": 0.4873, "wrist_girth": 0.0889, "body_height_Z": 1.0, "upperleg_length": 0.1485, "feet_length": 0.1456, "chest_depth_Y": 0.2035, "head_height_Z": 0.1368, "buttock_girth": 0.9103, "shoulders_width": 0.1823, "forearm_length": 0.1452, "elbow_girth": 0.1847, "lowerleg_length": 0.2326, "neck_girth": 0.2634, "chest_width_X": 0.2046, "feet_height_Z": 0.0418, "buttock_width_X": 0.3, "hands_length": 0.1115, "head_width_X": 0.0838, "buttock_depth_Y": 0.2293, "lowerleg_bottom_girth": 0.1655, "hands_width": 0.0507, "upperleg_bottom_girth": 0.3205, "upperarm_length": 0.2002, "chest_girth": 0.7662, "feet_heel_width": 0.0355, "upperarm_axillary_girth": 0.3045, "waist_girth": 0.9005, "torso_height_Z": 0.2712, "feet_width": 0.0566, "neck_height_Z": 0.0145, "lowerleg_calf_girth": 0.2722, "head_length": 0.1173}, "metaproperties": {"last_character_mass": 0.5, "last_character_tone": -1.0, "character_age": 0.0, "character_tone": -1.0, "character_mass": 0.5, "last_character_age": 0.0}, "manuellab_vers": [1, 3, 0], "structural": {"Legs_LowerlegsMass": 1.0, "Torso_Tone": -0.5, "Arms_ForearmMass": 1.0, "Torso_Mass": 1.0, "Torso_BreastMass": 0.75, "Pelvis_GluteusTone": -0.5, "Neck_Tone": -0.5, "Torso_Vshape": 0.29, "Neck_Mass": 1.0, "Legs_KneeSize": 0.6, "Shoulders_Mass": 1.06, "Torso_BreastTone": 0.7, "Feet_Mass": 1.0, "Arms_UpperarmMass": 1.0, "Torso_Length": 0.68, "Stomach_Volume": 0.57, "Arms_UpperarmTone": -0.5, "Stomach_LocalFat": 0.51, "Pelvis_GluteusMass": 1.0, "Cheeks_Mass": 1.0, "Shoulders_Length": 0.65, "Pelvis_SizeX": 0.32, "Shoulders_Tone": -0.5, "Arms_ForearmTone": -0.5, "Hands_Mass": 1.0, "Waist_Size": 0.95, "Legs_UpperlegLength": 0.08, "Legs_UpperlegsMass": 1.0, "Legs_UpperlegsTone": -0.5, "Wrists_Size": 0.5, "Torso_SizeX": 0.83, "Legs_LowerlegsTone": -0.5}}