{"materialproperties": {"skin_complexion": 0, "skin_saturation": 1, "skin_sss": 1, "skin_oil": 1, "skin_subderm": 0, "eyes_value": 1, "eyes_saturation": 1, "eyes_hue": 0, "skin_bump": 0}, "proportions": {"buttock_height_Z": 0.1351, "upperleg_top_girth": 0.2793, "wrist_girth": 0.0787, "body_height_Z": 1.0, "upperleg_length": 0.2111, "feet_length": 0.1355, "chest_depth_Y": 0.0979, "head_height_Z": 0.1282, "buttock_girth": 0.5426, "shoulders_width": 0.1593, "forearm_length": 0.146, "elbow_girth": 0.1373, "lowerleg_length": 0.2471, "neck_girth": 0.1517, "chest_width_X": 0.1397, "feet_height_Z": 0.0409, "buttock_width_X": 0.1994, "hands_length": 0.0993, "head_width_X": 0.0824, "buttock_depth_Y": 0.1184, "lowerleg_bottom_girth": 0.1103, "hands_width": 0.0434, "upperleg_bottom_girth": 0.1889, "upperarm_length": 0.1804, "chest_girth": 0.4264, "feet_heel_width": 0.0315, "upperarm_axillary_girth": 0.1645, "waist_girth": 0.2968, "torso_height_Z": 0.2256, "feet_width": 0.0513, "neck_height_Z": 0.0248, "lowerleg_calf_girth": 0.1874, "head_length": 0.1153}, "metaproperties": {"last_character_mass": -1.0, "last_character_tone": 0.0, "character_age": 0.0, "character_tone": 0.0, "character_mass": -1.0, "last_character_age": 0.0}, "manuellab_vers": [1, 3, 0], "structural": {"Legs_LowerlegsMass": -0.5, "Torso_Tone": 0.23, "Pelvis_SizeY": 0.8, "Arms_ForearmMass": -0.5, "Torso_Mass": -0.35, "Hands_Size": 0.32, "Hands_FingersLength": 0.11, "Cheeks_Mass": -0.5, "Torso_Vshape": 0.26, "Neck_Mass": -0.17, "Feet_Size": 0.29, "Shoulders_Mass": -0.5, "Feet_Mass": -0.26, "Stomach_LocalFat": 0.45, "Pelvis_GluteusMass": -0.29, "Stomach_Volume": 0.48, "Pelvis_SizeX": 0.86, "Neck_Length": 0.38, "Arms_UpperarmMass": -0.5, "Hands_Mass": 0.0, "Waist_Size": 0.49, "Head_Size": 0.47, "Torso_BreastMass": 0.0, "Legs_UpperlegsMass": -0.5, "Shoulders_PosZ": 0.77, "Wrists_Size": 0.45}}