{"materialproperties": {"skin_complexion": 0, "skin_saturation": 1, "skin_sss": 1, "skin_oil": 1, "skin_subderm": 0, "eyes_value": 1, "eyes_saturation": 1, "eyes_hue": 0, "skin_bump": 0}, "proportions": {"buttock_height_Z": 0.1631, "upperleg_top_girth": 0.3584, "wrist_girth": 0.0834, "body_height_Z": 1.0, "upperleg_length": 0.1911, "feet_length": 0.1432, "chest_depth_Y": 0.0991, "head_height_Z": 0.1314, "buttock_girth": 0.6393, "shoulders_width": 0.1748, "forearm_length": 0.144, "elbow_girth": 0.1578, "lowerleg_length": 0.2354, "neck_girth": 0.1947, "chest_width_X": 0.1413, "feet_height_Z": 0.0421, "buttock_width_X": 0.2364, "hands_length": 0.1095, "head_width_X": 0.0824, "buttock_depth_Y": 0.132, "lowerleg_bottom_girth": 0.1375, "hands_width": 0.0459, "upperleg_bottom_girth": 0.2435, "upperarm_length": 0.1844, "chest_girth": 0.4322, "feet_heel_width": 0.0336, "upperarm_axillary_girth": 0.2166, "waist_girth": 0.3268, "torso_height_Z": 0.2201, "feet_width": 0.0542, "neck_height_Z": 0.0282, "lowerleg_calf_girth": 0.2175, "head_length": 0.1153}, "metaproperties": {"last_character_mass": -0.5, "last_character_tone": -0.5, "character_age": 0.0, "character_tone": -0.5, "character_mass": -0.5, "last_character_age": 0.0}, "manuellab_vers": [1, 3, 0], "structural": {"Stomach_LocalFat": 0.475, "Stomach_Volume": 0.49, "Arms_ForearmTone": -0.5, "Neck_Tone": -0.5, "Torso_Mass": -0.5, "Torso_BreastMass": 0.25, "Pelvis_GluteusTone": -0.5, "Hands_Mass": 0.0, "Waist_Size": 0.49, "Shoulders_Tone": -0.5, "Legs_KneeSize": 0.5, "Arms_UpperarmTone": -0.5, "Torso_BreastTone": 0.6, "Legs_UpperlegsTone": -0.5, "Wrists_Size": 0.45, "Legs_LowerlegsTone": -0.5}}