{"materialproperties": {"skin_complexion": 0, "skin_oil": 1, "eyes_value": 1, "skin_subderm": 0, "skin_bump": 0, "eyes_hue": 0, "skin_sss": 1, "eyes_saturation": 1, "skin_saturation": 1}, "metaproperties": {"last_character_tone": 0.20999999344348907, "character_mass": -0.17999999225139618, "last_character_mass": -0.17999999225139618, "character_tone": 0.20999999344348907, "character_age": 0.0, "last_character_age": 0.0}, "structural": {"Torso_Mass": 0.32, "Arms_ForearmMass": 0.32, "Neck_Tone": 0.92, "Cheeks_Mass": 0.11, "Shoulders_PosZ": 0.56, "Legs_UpperlegsTone": 0.92, "Pelvis_GluteusMass": 0.64, "Legs_KneeSize": 0.542, "Legs_UpperlegsMass": 0.32, "Pelvis_GluteusTone": 0.86, "Arms_UpperarmMass": 0.41, "Feet_Mass": 0.32, "Torso_BreastMass": 0.41, "Legs_UpperlegInCurve": 0.26, "Stomach_LocalFat": 0.491, "Shoulders_Tone": 0.71, "Hands_Mass": 0.32, "Waist_Size": 0.4502, "Stomach_Volume": 0.4964, "Legs_LowerlegsMass": 0.41, "Legs_LowerlegsTone": 1.01, "Torso_Dorsi": 0.65, "Neck_Mass": 0.32, "Torso_SizeY": 0.71, "Arms_UpperarmTone": 0.89, "Neck_Collarbone": 0.8, "Wrists_Size": 0.512, "Torso_BreastTone": 0.542, "Shoulders_Mass": 0.41, "Torso_Tone": 1.01, "Arms_ForearmTone": 0.98}, "proportions": {}, "manuellab_vers": [1, 3, 0]}