{"materialproperties": {"skin_complexion": 0, "skin_saturation": 1, "skin_sss": 0, "skin_oil": 1, "skin_subderm": 0, "eyes_value": 1, "eyes_saturation": 1, "eyes_hue": 0, "skin_bump": 0}, "proportions": {"buttock_height_Z": 0.13, "upperleg_top_girth": 0.2497, "wrist_girth": 0.0804, "body_height_Z": 1.0, "upperleg_length": 0.2124, "feet_length": 0.139, "chest_depth_Y": 0.1109, "head_height_Z": 0.1273, "buttock_girth": 0.4716, "shoulders_width": 0.1684, "forearm_length": 0.1428, "elbow_girth": 0.1189, "lowerleg_length": 0.2513, "neck_girth": 0.1372, "chest_width_X": 0.1354, "feet_height_Z": 0.0419, "buttock_width_X": 0.1791, "hands_length": 0.1063, "head_width_X": 0.0818, "buttock_depth_Y": 0.0979, "lowerleg_bottom_girth": 0.1116, "hands_width": 0.0446, "upperleg_bottom_girth": 0.1737, "upperarm_length": 0.1792, "chest_girth": 0.468, "feet_heel_width": 0.0323, "upperarm_axillary_girth": 0.1489, "waist_girth": 0.2705, "torso_height_Z": 0.2141, "feet_width": 0.0526, "neck_height_Z": 0.0332, "lowerleg_calf_girth": 0.1658, "head_length": 0.1145}, "metaproperties": {"last_character_mass": -0.5, "last_character_tone": -1.0, "character_age": 0.0, "character_tone": -1.0, "character_mass": -0.5, "last_character_age": 0.0}, "manuellab_vers": [1, 3, 0], "structural": {"Torso_BreastMass": 0.4, "Torso_Tone": -0.08, "Legs_KneeSize": 0.5, "Torso_Mass": -0.0, "Neck_TrapeziousSize": 0.62, "Pelvis_GluteusTone": -0.32, "Neck_Tone": 0.0, "Wrists_Size": 0.425, "Neck_Mass": -0.0, "Neck_Collarbone": 0.95, "Shoulders_Mass": 0.06, "Torso_BreastTone": 0.95, "Feet_Mass": -0.0, "Arms_UpperarmMass": 0.06, "Arms_UpperarmLength": 0.557, "Stomach_Volume": 0.49, "Arms_UpperarmSize": 0.11, "Arms_ForearmMass": 0.15, "Stomach_LocalFat": 0.475, "Pelvis_GluteusMass": 0.12, "Cheeks_Mass": -0.0, "Pelvis_SizeX": 0.53, "Legs_LowerlegsTone": -0.08, "Shoulders_Tone": -0.53, "Arms_ForearmLength": 0.53, "Arms_ForearmTone": -0.5, "Torso_Dorsi": 0.8, "Hands_Mass": -0.0, "Waist_Size": 0.245, "Head_Size": 0.56, "Arms_UpperarmTone": 0.0, "Legs_UpperlegLength": 0.6, "Legs_UpperlegsMass": -0.0, "Legs_UpperlegsTone": -0.11, "Shoulders_PosZ": 0.59, "Pelvis_GluteusSize": 0.56, "Legs_LowerlegLength": 0.6, "Legs_LowerlegsMass": -0.0}}