{"materialproperties": {"skin_complexion": 0, "skin_saturation": 1, "skin_sss": 0, "skin_oil": 1, "skin_subderm": 0, "eyes_value": 1, "eyes_saturation": 1, "eyes_hue": 0, "skin_bump": 0}, "proportions": {"buttock_height_Z": 0.1538, "upperleg_top_girth": 0.3691, "wrist_girth": 0.0871, "body_height_Z": 1.0, "upperleg_length": 0.1658, "feet_length": 0.1456, "chest_depth_Y": 0.1564, "head_height_Z": 0.1336, "buttock_girth": 0.6776, "shoulders_width": 0.1794, "forearm_length": 0.1464, "elbow_girth": 0.1605, "lowerleg_length": 0.2394, "neck_girth": 0.2003, "chest_width_X": 0.1821, "feet_height_Z": 0.0428, "buttock_width_X": 0.2354, "hands_length": 0.1114, "head_width_X": 0.0838, "buttock_depth_Y": 0.1661, "lowerleg_bottom_girth": 0.1399, "hands_width": 0.048, "upperleg_bottom_girth": 0.2477, "upperarm_length": 0.1945, "chest_girth": 0.6232, "feet_heel_width": 0.0341, "upperarm_axillary_girth": 0.2389, "waist_girth": 0.6262, "torso_height_Z": 0.2522, "feet_width": 0.0551, "neck_height_Z": 0.0251, "lowerleg_calf_girth": 0.2212, "head_length": 0.1173}, "metaproperties": {"last_character_mass": 0.0, "last_character_tone": -0.5, "character_age": 0.0, "character_tone": -0.5, "character_mass": 0.0, "last_character_age": 0.0}, "manuellab_vers": [1, 3, 0], "structural": {"Stomach_Volume": 0.56, "Torso_Tone": 0.0, "Neck_Tone": 0.0, "Shoulders_Length": 0.65, "Pelvis_SizeX": 0.32, "Legs_UpperlegLength": 0.08, "Pelvis_GluteusTone": 0.0, "Arms_ForearmTone": 0.0, "Torso_Vshape": 0.29, "Shoulders_Tone": 0.0, "Arms_UpperarmTone": 0.0, "Shoulders_Mass": 0.56, "Torso_BreastTone": 0.6, "Waist_Size": 0.855, "Legs_UpperlegsTone": 0.0, "Torso_Length": 0.68, "Wrists_Size": 0.475, "Torso_SizeX": 0.83, "Legs_LowerlegsTone": 0.0}}