{"materialproperties": {"skin_complexion": 0, "skin_saturation": 1, "skin_sss": 0, "skin_oil": 1, "skin_subderm": 0, "eyes_value": 1, "eyes_saturation": 1, "eyes_hue": 0, "skin_bump": 0}, "proportions": {"buttock_height_Z": 0.161, "upperleg_top_girth": 0.4593, "wrist_girth": 0.0921, "body_height_Z": 1.0, "upperleg_length": 0.1932, "feet_length": 0.1432, "chest_depth_Y": 0.1952, "head_height_Z": 0.1314, "buttock_girth": 0.7889, "shoulders_width": 0.1685, "forearm_length": 0.1475, "elbow_girth": 0.1814, "lowerleg_length": 0.2325, "neck_girth": 0.2277, "chest_width_X": 0.1705, "feet_height_Z": 0.0421, "buttock_width_X": 0.2909, "hands_length": 0.1097, "head_width_X": 0.0824, "buttock_depth_Y": 0.1761, "lowerleg_bottom_girth": 0.1414, "hands_width": 0.0499, "upperleg_bottom_girth": 0.3187, "upperarm_length": 0.1793, "chest_girth": 0.7193, "feet_heel_width": 0.0346, "upperarm_axillary_girth": 0.278, "waist_girth": 0.747, "torso_height_Z": 0.2208, "feet_width": 0.0557, "neck_height_Z": 0.0336, "lowerleg_calf_girth": 0.2527, "head_length": 0.1153}, "metaproperties": {"last_character_mass": 1.0, "last_character_tone": 0.0, "character_age": 0.0, "character_tone": 0.0, "character_mass": 1.0, "last_character_age": 0.0}, "manuellab_vers": [1, 3, 0], "structural": {"Legs_LowerlegsMass": 1.5, "Arms_ForearmMass": 1.5, "Torso_Mass": 1.5, "Torso_BreastMass": 1.0, "Wrists_Size": 0.6, "Stomach_Volume": 0.52, "Torso_Vshape": 0.38, "Neck_Mass": 1.5, "Legs_KneeSize": 0.7, "Shoulders_Mass": 1.5, "Feet_Mass": 1.5, "Legs_UpperlegsTone": 0.26, "Stomach_LocalFat": 0.94, "Pelvis_GluteusMass": 1.5, "Cheeks_Mass": 1.5, "Pelvis_SizeX": 0.8, "Arms_UpperarmMass": 1.68, "Hands_Mass": 1.5, "Waist_Size": 1.06, "Shoulders_Length": 0.32, "Legs_UpperlegsMass": 1.71, "Legs_UpperlegInCurve": 0.23, "Shoulders_PosZ": 0.17, "Pelvis_GluteusSize": 0.59}}