{"materialproperties": {"skin_complexion": 0, "skin_saturation": 1, "skin_sss": 0, "skin_oil": 1, "skin_subderm": 0, "eyes_value": 1, "eyes_saturation": 1, "eyes_hue": 0, "skin_bump": 0}, "proportions": {"buttock_height_Z": 0.1523, "upperleg_top_girth": 0.368, "wrist_girth": 0.0862, "body_height_Z": 1.0, "upperleg_length": 0.1808, "feet_length": 0.1451, "chest_depth_Y": 0.1511, "head_height_Z": 0.1375, "buttock_girth": 0.6896, "shoulders_width": 0.1675, "forearm_length": 0.1459, "elbow_girth": 0.16, "lowerleg_length": 0.233, "neck_girth": 0.2006, "chest_width_X": 0.1656, "feet_height_Z": 0.0427, "buttock_width_X": 0.2472, "hands_length": 0.111, "head_width_X": 0.0863, "buttock_depth_Y": 0.1635, "lowerleg_bottom_girth": 0.1394, "hands_width": 0.0479, "upperleg_bottom_girth": 0.2468, "upperarm_length": 0.188, "chest_girth": 0.5841, "feet_heel_width": 0.034, "upperarm_axillary_girth": 0.2313, "waist_girth": 0.5474, "torso_height_Z": 0.2409, "feet_width": 0.0549, "neck_height_Z": 0.0255, "lowerleg_calf_girth": 0.2204, "head_length": 0.1209}, "metaproperties": {"last_character_mass": 0.0, "last_character_tone": -1.0, "character_age": 0.0, "character_tone": -1.0, "character_mass": 0.0, "last_character_age": 0.0}, "manuellab_vers": [1, 3, 0], "structural": {"Torso_Tone": -0.5, "Neck_Tone": -0.5, "Arms_UpperarmTone": -0.5, "Shoulders_Tone": -0.5, "Pelvis_GluteusTone": -0.5, "Arms_ForearmTone": -0.5, "Torso_Vshape": 0.32, "Head_Size": 0.59, "Legs_UpperlegLength": 0.32, "Torso_BreastTone": 0.7, "Waist_Size": 0.49, "Legs_UpperlegsTone": -0.5, "Wrists_Size": 0.45, "Legs_LowerlegLength": 0.39, "Legs_LowerlegsTone": -0.5}}