{"materialproperties": {"skin_complexion": 0, "skin_saturation": 1, "skin_sss": 0, "skin_oil": 1, "skin_subderm": 0, "eyes_value": 1, "eyes_saturation": 1, "eyes_hue": 0, "skin_bump": 0}, "proportions": {"buttock_height_Z": 0.1636, "upperleg_top_girth": 0.4504, "wrist_girth": 0.0875, "body_height_Z": 1.0, "upperleg_length": 0.1672, "feet_length": 0.1451, "chest_depth_Y": 0.1802, "head_height_Z": 0.1375, "buttock_girth": 0.8772, "shoulders_width": 0.1888, "forearm_length": 0.1458, "elbow_girth": 0.1695, "lowerleg_length": 0.2272, "neck_girth": 0.2058, "chest_width_X": 0.1994, "feet_height_Z": 0.0416, "buttock_width_X": 0.2951, "hands_length": 0.1111, "head_width_X": 0.0863, "buttock_depth_Y": 0.2177, "lowerleg_bottom_girth": 0.1629, "hands_width": 0.0479, "upperleg_bottom_girth": 0.2932, "upperarm_length": 0.1913, "chest_girth": 0.7008, "feet_heel_width": 0.0343, "upperarm_axillary_girth": 0.2652, "waist_girth": 0.8031, "torso_height_Z": 0.2638, "feet_width": 0.0549, "neck_height_Z": 0.0138, "lowerleg_calf_girth": 0.2713, "head_length": 0.1209}, "metaproperties": {"last_character_mass": 0.0, "last_character_tone": -1.0, "character_age": 0.0, "character_tone": -1.0, "character_mass": 0.0, "last_character_age": 0.0}, "manuellab_vers": [1, 3, 0], "structural": {"Torso_Tone": -0.47, "Torso_Mass": 0.74, "Legs_UpperlegLength": 0.32, "Pelvis_GluteusTone": -0.5, "Neck_Tone": -0.5, "Torso_Vshape": 0.62, "Legs_LowerlegsTone": -0.05, "Shoulders_Mass": 0.62, "Torso_BreastTone": 0.7, "Arms_UpperarmSize": 0.71, "Arms_ForearmTone": -0.5, "Pelvis_GluteusMass": 0.71, "Legs_LowerlegsMass": 0.89, "Arms_ForearmSize": 0.71, "Shoulders_Size": 0.56, "Shoulders_Tone": -0.38, "Waist_Size": 0.49, "Legs_LowerlegLength": 0.39, "Arms_UpperarmTone": -0.5, "Legs_UpperlegsMass": 0.68, "Legs_UpperlegsTone": -0.65, "Shoulders_PosZ": 0.74, "Wrists_Size": 0.45, "Torso_SizeX": 0.59, "Head_Size": 0.59}}