{"materialproperties": {"skin_complexion": 0, "skin_oil": 1, "eyes_value": 1, "skin_subderm": 0, "skin_bump": 0, "eyes_hue": 0, "skin_sss": 0, "eyes_saturation": 1, "skin_saturation": 1}, "metaproperties": {"last_character_tone": 0.0, "character_mass": 0.0, "last_character_mass": 0.0, "character_tone": 0.0, "character_age": 0.0, "last_character_age": 0.0}, "structural": {"Pelvis_SizeX": 0.86, "Torso_Mass": 0.62, "Arms_ForearmMass": 0.74, "Legs_UpperlegsTone": 0.38, "Pelvis_GluteusMass": 0.71, "Pelvis_SizeY": 0.8, "Arms_UpperarmLength": 0.44, "Arms_UpperarmMass": 0.65, "Feet_Mass": 0.74, "Feet_Size": 0.29, "Head_Size": 0.47, "Legs_UpperlegLength": 0.05, "Hands_Mass": 1.0, "Torso_Vshape": 0.26, "Hands_FingersLength": 0.11, "Legs_LowerlegsMass": 0.53, "Neck_Mass": 0.74, "Legs_UpperlegsMass": 0.62, "Arms_UpperarmTone": 0.29, "Arms_ForearmLength": 0.2, "Neck_Length": 0.08, "Neck_Tone": 0.47, "Hands_Size": 0.32, "Torso_Tone": 0.29, "Arms_ForearmTone": 0.23}, "proportions": {}, "manuellab_vers": [1, 3, 0]}