{"materialproperties": {"skin_complexion": 0, "skin_saturation": 1, "skin_sss": 1, "skin_oil": 1, "skin_subderm": 0, "eyes_value": 1, "eyes_saturation": 1, "eyes_hue": 0, "skin_bump": 0}, "proportions": {"buttock_height_Z": 0.1738, "upperleg_top_girth": 0.4879, "wrist_girth": 0.0863, "body_height_Z": 1.0, "upperleg_length": 0.1508, "feet_length": 0.1398, "chest_depth_Y": 0.2038, "head_height_Z": 0.1388, "buttock_girth": 0.9733, "shoulders_width": 0.1805, "forearm_length": 0.1578, "elbow_girth": 0.1883, "lowerleg_length": 0.2405, "neck_girth": 0.2677, "chest_width_X": 0.1935, "feet_height_Z": 0.04, "buttock_width_X": 0.3279, "hands_length": 0.1026, "head_width_X": 0.085, "buttock_depth_Y": 0.2424, "lowerleg_bottom_girth": 0.1645, "hands_width": 0.0489, "upperleg_bottom_girth": 0.3191, "upperarm_length": 0.2071, "chest_girth": 0.7464, "feet_heel_width": 0.0342, "upperarm_axillary_girth": 0.3106, "waist_girth": 0.8419, "torso_height_Z": 0.2658, "feet_width": 0.0544, "neck_height_Z": 0.0084, "lowerleg_calf_girth": 0.2775, "head_length": 0.1189}, "metaproperties": {"last_character_mass": 0.5, "last_character_tone": -0.5, "character_age": 0.0, "character_tone": -0.5, "character_mass": 0.5, "last_character_age": 0.0}, "manuellab_vers": [1, 3, 0], "structural": {"Stomach_Volume": 0.51, "Torso_Tone": -0.09, "Pelvis_SizeY": 0.8, "Arms_ForearmMass": 1.0, "Torso_Mass": 1.09, "Hands_Size": 0.32, "Torso_BreastMass": 0.75, "Neck_Length": 0.35, "Pelvis_GluteusTone": 0.0, "Neck_Tone": -0.03, "Torso_Vshape": 0.41, "Neck_Mass": 1.12, "Legs_KneeSize": 0.6, "Shoulders_Mass": 1.0, "Torso_BreastTone": 0.6, "Feet_Mass": 1.24, "Arms_UpperarmMass": 1.0, "Arms_UpperarmLength": 0.59, "Legs_UpperlegsTone": -0.15, "Arms_UpperarmTone": 0.0, "Stomach_LocalFat": 0.51, "Pelvis_GluteusMass": 0.85, "Feet_Size": 0.29, "Cheeks_Mass": 1.0, "Pelvis_SizeX": 0.86, "Legs_LowerlegsTone": 0.0, "Shoulders_Tone": 0.0, "Arms_ForearmLength": 0.65, "Arms_ForearmTone": 0.0, "Hands_Mass": 1.5, "Waist_Size": 0.595, "Head_Size": 0.47, "Hands_FingersLength": 0.11, "Legs_UpperlegsMass": 0.73, "Legs_UpperlegLength": 0.05, "Wrists_Size": 0.525, "Legs_LowerlegsMass": 1.03}}