{"materialproperties": {"skin_complexion": 0, "skin_saturation": 1, "skin_sss": 0, "skin_oil": 1, "skin_subderm": 0, "eyes_value": 1, "eyes_saturation": 1, "eyes_hue": 0, "skin_bump": 0}, "proportions": {"buttock_height_Z": 0.1529, "upperleg_top_girth": 0.458, "wrist_girth": 0.0882, "body_height_Z": 1.0, "upperleg_length": 0.1712, "feet_length": 0.1414, "chest_depth_Y": 0.2075, "head_height_Z": 0.1374, "buttock_girth": 0.8654, "shoulders_width": 0.1703, "forearm_length": 0.1316, "elbow_girth": 0.1909, "lowerleg_length": 0.2487, "neck_girth": 0.2395, "chest_width_X": 0.1901, "feet_height_Z": 0.0416, "buttock_width_X": 0.2961, "hands_length": 0.1038, "head_width_X": 0.0859, "buttock_depth_Y": 0.2154, "lowerleg_bottom_girth": 0.144, "hands_width": 0.0494, "upperleg_bottom_girth": 0.3109, "upperarm_length": 0.1938, "chest_girth": 0.756, "feet_heel_width": 0.0343, "upperarm_axillary_girth": 0.3047, "waist_girth": 0.8008, "torso_height_Z": 0.2599, "feet_width": 0.0551, "neck_height_Z": 0.0054, "lowerleg_calf_girth": 0.2646, "head_length": 0.1203}, "metaproperties": {"last_character_mass": 0.5, "last_character_tone": 0.0, "character_age": 0.0, "character_tone": 0.0, "character_mass": 0.5, "last_character_age": 0.0}, "manuellab_vers": [1, 3, 0], "structural": {"Stomach_Volume": 0.51, "Torso_Tone": 0.29, "Pelvis_SizeY": 0.8, "Arms_ForearmMass": 1.24, "Torso_Mass": 1.12, "Hands_Size": 0.32, "Torso_BreastMass": 0.75, "Neck_Length": 0.08, "Neck_Tone": 0.47, "Torso_Vshape": 0.26, "Neck_Mass": 1.24, "Legs_KneeSize": 0.6, "Shoulders_Mass": 1.0, "Feet_Mass": 1.24, "Arms_UpperarmMass": 1.15, "Arms_UpperarmLength": 0.44, "Legs_UpperlegsTone": 0.38, "Arms_UpperarmTone": 0.29, "Stomach_LocalFat": 0.51, "Pelvis_GluteusMass": 1.21, "Feet_Size": 0.29, "Cheeks_Mass": 1.0, "Pelvis_SizeX": 0.86, "Arms_ForearmLength": 0.2, "Arms_ForearmTone": 0.23, "Hands_Mass": 1.5, "Waist_Size": 0.6, "Head_Size": 0.47, "Hands_FingersLength": 0.11, "Legs_UpperlegsMass": 1.12, "Legs_UpperlegLength": 0.05, "Wrists_Size": 0.55, "Legs_LowerlegsMass": 1.03}}