{"materialproperties": {"skin_complexion": 0, "skin_saturation": 1, "skin_sss": 1, "skin_oil": 1, "skin_subderm": 0, "eyes_value": 1, "eyes_saturation": 1, "eyes_hue": 0, "skin_bump": 0}, "proportions": {"buttock_height_Z": 0.1686, "upperleg_top_girth": 0.3599, "wrist_girth": 0.0892, "body_height_Z": 1.0, "upperleg_length": 0.1895, "feet_length": 0.1432, "chest_depth_Y": 0.1516, "head_height_Z": 0.1314, "buttock_girth": 0.6471, "shoulders_width": 0.1748, "forearm_length": 0.144, "elbow_girth": 0.1578, "lowerleg_length": 0.2357, "neck_girth": 0.1947, "chest_width_X": 0.1508, "feet_height_Z": 0.0421, "buttock_width_X": 0.2379, "hands_length": 0.1097, "head_width_X": 0.0824, "buttock_depth_Y": 0.1343, "lowerleg_bottom_girth": 0.1396, "hands_width": 0.0499, "upperleg_bottom_girth": 0.245, "upperarm_length": 0.1844, "chest_girth": 0.6273, "feet_heel_width": 0.0346, "upperarm_axillary_girth": 0.2215, "waist_girth": 0.3685, "torso_height_Z": 0.2161, "feet_width": 0.0557, "neck_height_Z": 0.0282, "lowerleg_calf_girth": 0.2174, "head_length": 0.1153}, "metaproperties": {"last_character_mass": 0.5, "last_character_tone": 0.0, "character_age": 0.0, "character_tone": 0.0, "character_mass": 0.5, "last_character_age": 0.0}, "manuellab_vers": [1, 3, 0], "structural": {"Stomach_LocalFat": 0.51, "Pelvis_GluteusMass": 0.52, "Torso_Tone": 1.0, "Neck_Tone": 0.0, "Torso_Mass": 1.5, "Torso_BreastMass": 0.75, "Arms_ForearmTone": 0.0, "Pelvis_GluteusTone": 0.0, "Stomach_Volume": 0.51, "Hands_Mass": 1.0, "Waist_Size": 0.6, "Shoulders_Tone": 0.0, "Legs_KneeSize": 0.6, "Arms_UpperarmTone": 0.0, "Feet_Mass": 1.0, "Legs_UpperlegsTone": 0.0, "Wrists_Size": 0.55, "Legs_LowerlegsTone": 0.0}}