{"materialproperties": {"skin_complexion": 0, "skin_saturation": 1, "skin_sss": 1, "skin_oil": 1, "skin_subderm": 0, "eyes_value": 1, "eyes_saturation": 1, "eyes_hue": 0, "skin_bump": 0}, "proportions": {"buttock_height_Z": 0.1664, "upperleg_top_girth": 0.4773, "wrist_girth": 0.086, "body_height_Z": 1.0, "upperleg_length": 0.172, "feet_length": 0.1491, "chest_depth_Y": 0.1898, "head_height_Z": 0.1425, "buttock_girth": 0.9161, "shoulders_width": 0.1704, "forearm_length": 0.1516, "elbow_girth": 0.1797, "lowerleg_length": 0.2255, "neck_girth": 0.2479, "chest_width_X": 0.1855, "feet_height_Z": 0.0428, "buttock_width_X": 0.3101, "hands_length": 0.1193, "head_width_X": 0.0848, "buttock_depth_Y": 0.2254, "lowerleg_bottom_girth": 0.1641, "hands_width": 0.0473, "upperleg_bottom_girth": 0.3139, "upperarm_length": 0.1979, "chest_girth": 0.7084, "feet_heel_width": 0.0357, "upperarm_axillary_girth": 0.2785, "waist_girth": 0.8107, "torso_height_Z": 0.2423, "feet_width": 0.0571, "neck_height_Z": 0.0233, "lowerleg_calf_girth": 0.2666, "head_length": 0.1188}, "metaproperties": {"last_character_mass": 0.5, "last_character_tone": -1.0, "character_age": 0.0, "character_tone": -1.0, "character_mass": 0.5, "last_character_age": 0.0}, "manuellab_vers": [1, 3, 0], "structural": {"Torso_Tone": -0.62, "Feet_Size": 0.62, "Torso_BreastMass": 0.75, "Pelvis_GluteusTone": -0.5, "Hands_Mass": 0.64, "Neck_Tone": -0.65, "Legs_LowerlegsMass": 1.0, "Legs_KneeSize": 0.6, "Shoulders_Mass": 0.58, "Arms_UpperarmLength": 0.59, "Neck_Size": 0.35, "Stomach_Volume": 0.6, "Arms_ForearmLength": 0.65, "Forehead_SizeZ": 0.62, "Torso_SizeY": 0.29, "Shoulders_Tone": -0.76, "Waist_Size": 0.59, "Arms_UpperarmTone": -0.65, "Legs_UpperlegsMass": 1.0, "Legs_UpperlegsTone": -0.65, "Stomach_LocalFat": 0.51, "Arms_ForearmMass": 1.0, "Torso_Mass": 0.94, "Hands_FingersLength": 1.0, "Arms_ForearmTone": -0.5, "Chin_Tone": 0.29, "Torso_Vshape": 0.38, "Neck_Mass": 0.82, "Torso_BreastTone": 0.7, "Feet_Mass": 0.73, "Neck_Angle": 0.29, "Arms_UpperarmSize": 0.47, "Cheeks_Mass": 1.0, "Pelvis_GluteusMass": 1.0, "Arms_ForearmSize": 0.44, "Pelvis_SizeX": 0.62, "Neck_Length": 0.41, "Arms_UpperarmMass": 0.88, "Hands_FingersInterDist": 0.38, "Head_Size": 0.59, "Shoulders_PosZ": 0.14, "Torso_ToracicCurve": 1.0, "Wrists_Size": 0.5, "Legs_LowerlegsTone": -0.5}}