{"materialproperties": {"skin_complexion": 0, "skin_oil": 1, "eyes_value": 1, "skin_subderm": 0, "skin_bump": 0, "eyes_hue": 0, "skin_sss": 1, "eyes_saturation": 1, "skin_saturation": 1}, "metaproperties": {"last_character_tone": -1.0, "character_mass": 1.0, "last_character_mass": 1.0, "character_tone": -1.0, "character_age": 0.0, "last_character_age": 0.0}, "structural": {"Torso_Mass": 1.0, "Arms_ForearmMass": 2.0, "Neck_Tone": -1.0, "Cheeks_Mass": 2.0, "Legs_UpperlegsTone": -1.0, "Pelvis_GluteusMass": 2.0, "Legs_KneeSize": 0.7, "Pelvis_GluteusTone": -1.0, "Arms_UpperarmMass": 2.0, "Feet_Mass": 2.0, "Torso_BreastMass": 1.0, "Stomach_LocalFat": 0.52, "Shoulders_Tone": -1.0, "Hands_Mass": 1.5, "Waist_Size": 0.69, "Stomach_Volume": 0.52, "Legs_LowerlegsMass": 2.0, "Legs_LowerlegsTone": -1.0, "Neck_Mass": 2.0, "Legs_UpperlegsMass": 2.0, "Arms_UpperarmTone": -1.0, "Wrists_Size": 0.55, "Torso_BreastTone": 0.7, "Shoulders_Mass": 2.0, "Torso_Tone": 0.0, "Arms_ForearmTone": -1.0}, "proportions": {}, "manuellab_vers": [1, 3, 0]}