{"materialproperties": {"skin_complexion": 0, "skin_saturation": 1, "skin_sss": 1, "skin_oil": 1, "skin_subderm": 0, "eyes_value": 1, "eyes_saturation": 1, "eyes_hue": 0, "skin_bump": 0}, "proportions": {"buttock_height_Z": 0.1527, "upperleg_top_girth": 0.39, "wrist_girth": 0.0915, "body_height_Z": 1.0, "upperleg_length": 0.1974, "feet_length": 0.1432, "chest_depth_Y": 0.1669, "head_height_Z": 0.1289, "buttock_girth": 0.6093, "shoulders_width": 0.1744, "forearm_length": 0.1518, "elbow_girth": 0.1837, "lowerleg_length": 0.2426, "neck_girth": 0.2059, "chest_width_X": 0.1511, "feet_height_Z": 0.0431, "buttock_width_X": 0.2172, "hands_length": 0.1097, "head_width_X": 0.0824, "buttock_depth_Y": 0.1293, "lowerleg_bottom_girth": 0.1206, "hands_width": 0.0499, "upperleg_bottom_girth": 0.2762, "upperarm_length": 0.1783, "chest_girth": 0.6682, "feet_heel_width": 0.0343, "upperarm_axillary_girth": 0.2674, "waist_girth": 0.3715, "torso_height_Z": 0.2189, "feet_width": 0.0557, "neck_height_Z": 0.0282, "lowerleg_calf_girth": 0.2429, "head_length": 0.1153}, "metaproperties": {"last_character_mass": 0.5, "last_character_tone": 0.0, "character_age": 0.0, "character_tone": 0.0, "character_mass": 0.5, "last_character_age": 0.0}, "manuellab_vers": [1, 3, 0], "structural": {"Legs_LowerlegsMass": 1.09, "Torso_Tone": 0.8, "Legs_KneeSize": 0.6, "Torso_Mass": 1.0, "Torso_BreastMass": 0.75, "Legs_UpperlegInCurve": 0.26, "Pelvis_GluteusTone": 0.65, "Neck_Tone": 0.71, "Neck_Mass": 1.0, "Neck_Collarbone": 0.8, "Shoulders_Mass": 1.09, "Torso_BreastTone": 0.5, "Feet_Mass": 1.0, "Arms_UpperarmMass": 1.09, "Stomach_Volume": 0.51, "Arms_ForearmMass": 1.0, "Stomach_LocalFat": 0.51, "Pelvis_GluteusMass": 1.32, "Cheeks_Mass": 1.0, "Torso_Dorsi": 0.65, "Shoulders_Tone": 0.5, "Arms_ForearmTone": 0.77, "Torso_SizeY": 0.71, "Hands_Mass": 1.0, "Waist_Size": 0.51, "Arms_UpperarmTone": 0.68, "Legs_UpperlegsMass": 1.0, "Legs_UpperlegsTone": 0.71, "Shoulders_PosZ": 0.56, "Wrists_Size": 0.55, "Legs_LowerlegsTone": 0.8}}