{"materialproperties": {"skin_complexion": 0, "skin_oil": 1, "eyes_value": 1, "skin_subderm": 0, "skin_bump": 0, "eyes_hue": 0, "skin_sss": 0, "eyes_saturation": 1, "skin_saturation": 1}, "metaproperties": {"last_character_tone": 0.0, "character_mass": 0.0, "last_character_mass": 0.0, "character_tone": 0.0, "character_age": 0.0, "last_character_age": 0.0}, "structural": {"Torso_Vshape": 0.89, "Pelvis_SizeX": 0.11, "Arms_UpperarmMass": 0.65, "Shoulders_Mass": 0.53, "Torso_Dorsi": 0.71, "Shoulders_PosZ": 0.89, "Legs_UpperlegsMass": 0.23}, "proportions": {}, "manuellab_vers": [1, 3, 0]}