{"materialproperties": {"skin_complexion": 0, "skin_saturation": 1, "skin_sss": 1, "skin_oil": 1, "skin_subderm": 0, "eyes_value": 1, "eyes_saturation": 1, "eyes_hue": 0, "skin_bump": 0}, "proportions": {"buttock_height_Z": 0.1359, "upperleg_top_girth": 0.2541, "wrist_girth": 0.0797, "body_height_Z": 1.0, "upperleg_length": 0.2099, "feet_length": 0.1355, "chest_depth_Y": 0.1067, "head_height_Z": 0.1294, "buttock_girth": 0.5169, "shoulders_width": 0.1592, "forearm_length": 0.146, "elbow_girth": 0.1371, "lowerleg_length": 0.2472, "neck_girth": 0.1577, "chest_width_X": 0.1397, "feet_height_Z": 0.0409, "buttock_width_X": 0.1938, "hands_length": 0.0993, "head_width_X": 0.0824, "buttock_depth_Y": 0.1105, "lowerleg_bottom_girth": 0.1114, "hands_width": 0.0447, "upperleg_bottom_girth": 0.1804, "upperarm_length": 0.1805, "chest_girth": 0.4494, "feet_heel_width": 0.0315, "upperarm_axillary_girth": 0.1611, "waist_girth": 0.2967, "torso_height_Z": 0.2256, "feet_width": 0.0513, "neck_height_Z": 0.0236, "lowerleg_calf_girth": 0.1718, "head_length": 0.1153}, "metaproperties": {"last_character_mass": -0.5, "last_character_tone": -1.0, "character_age": 0.0, "character_tone": -1.0, "character_mass": -0.5, "last_character_age": 0.0}, "manuellab_vers": [1, 3, 0], "structural": {"Legs_LowerlegsMass": 0.0, "Torso_Tone": -0.77, "Pelvis_SizeY": 0.8, "Arms_ForearmMass": 0.0, "Torso_Mass": 0.15, "Hands_Size": 0.32, "Hands_FingersLength": 0.11, "Arms_ForearmTone": -0.5, "Pelvis_GluteusTone": -0.5, "Neck_Tone": -0.5, "Torso_Vshape": 0.26, "Neck_Mass": 0.33, "Feet_Size": 0.29, "Shoulders_Mass": 0.0, "Torso_BreastTone": 0.7, "Feet_Mass": 0.24, "Stomach_Volume": 0.49, "Arms_UpperarmTone": -0.5, "Stomach_LocalFat": 0.475, "Pelvis_GluteusMass": 0.21, "Cheeks_Mass": 0.0, "Pelvis_SizeX": 0.86, "Neck_Length": 0.38, "Arms_UpperarmMass": 0.0, "Shoulders_Tone": -0.5, "Waist_Size": 0.485, "Head_Size": 0.47, "Torso_BreastMass": 0.25, "Legs_UpperlegsMass": 0.0, "Legs_UpperlegsTone": -0.5, "Shoulders_PosZ": 0.77, "Wrists_Size": 0.425, "Legs_LowerlegsTone": -0.5}}