{"materialproperties": {"skin_complexion": 0, "skin_saturation": 1, "skin_sss": 0, "skin_oil": 1, "skin_subderm": 0, "eyes_value": 1, "eyes_saturation": 1, "eyes_hue": 0, "skin_bump": 0}, "proportions": {"buttock_height_Z": 0.1699, "upperleg_top_girth": 0.451, "wrist_girth": 0.0857, "body_height_Z": 1.0, "upperleg_length": 0.1743, "feet_length": 0.139, "chest_depth_Y": 0.184, "head_height_Z": 0.1303, "buttock_girth": 0.8285, "shoulders_width": 0.1733, "forearm_length": 0.1416, "elbow_girth": 0.1653, "lowerleg_length": 0.2417, "neck_girth": 0.2258, "chest_width_X": 0.1669, "feet_height_Z": 0.0406, "buttock_width_X": 0.2829, "hands_length": 0.1064, "head_width_X": 0.0818, "buttock_depth_Y": 0.1964, "lowerleg_bottom_girth": 0.1427, "hands_width": 0.0484, "upperleg_bottom_girth": 0.2868, "upperarm_length": 0.1883, "chest_girth": 0.706, "feet_heel_width": 0.0337, "upperarm_axillary_girth": 0.2675, "waist_girth": 0.604, "torso_height_Z": 0.2395, "feet_width": 0.0541, "neck_height_Z": 0.0161, "lowerleg_calf_girth": 0.2478, "head_length": 0.1145}, "metaproperties": {"last_character_mass": 0.5, "last_character_tone": -0.5, "character_age": 0.0, "character_tone": -0.5, "character_mass": 0.5, "last_character_age": 0.0}, "manuellab_vers": [1, 3, 0], "structural": {"Torso_BreastMass": 0.9, "Torso_Tone": 0.42, "Legs_KneeSize": 0.6, "Torso_Mass": 1.0, "Neck_TrapeziousSize": 0.62, "Pelvis_GluteusTone": 0.18, "Neck_Tone": 0.5, "Wrists_Size": 0.525, "Neck_Mass": 1.0, "Neck_Collarbone": 0.95, "Shoulders_Mass": 1.06, "Torso_BreastTone": 0.85, "Feet_Mass": 1.0, "Arms_UpperarmMass": 1.06, "Arms_UpperarmLength": 0.557, "Stomach_Volume": 0.51, "Arms_UpperarmSize": 0.11, "Arms_ForearmMass": 1.15, "Stomach_LocalFat": 0.51, "Pelvis_GluteusMass": 1.12, "Cheeks_Mass": 1.0, "Pelvis_SizeX": 0.53, "Legs_LowerlegsTone": 0.42, "Shoulders_Tone": -0.03, "Arms_ForearmLength": 0.53, "Arms_ForearmTone": 0.0, "Torso_Dorsi": 0.8, "Hands_Mass": 1.0, "Waist_Size": 0.355, "Head_Size": 0.56, "Arms_UpperarmTone": 0.5, "Legs_UpperlegLength": 0.6, "Legs_UpperlegsMass": 1.0, "Legs_UpperlegsTone": 0.39, "Shoulders_PosZ": 0.59, "Pelvis_GluteusSize": 0.56, "Legs_LowerlegLength": 0.6, "Legs_LowerlegsMass": 1.0}}