{"materialproperties": {"skin_complexion": 0, "skin_saturation": 1, "skin_sss": 0, "skin_oil": 1, "skin_subderm": 0, "eyes_value": 1, "eyes_saturation": 1, "eyes_hue": 0, "skin_bump": 0}, "proportions": {"buttock_height_Z": 0.1418, "upperleg_top_girth": 0.2652, "wrist_girth": 0.0838, "body_height_Z": 1.0, "upperleg_length": 0.1898, "feet_length": 0.1414, "chest_depth_Y": 0.1127, "head_height_Z": 0.1338, "buttock_girth": 0.5394, "shoulders_width": 0.1661, "forearm_length": 0.1337, "elbow_girth": 0.143, "lowerleg_length": 0.2579, "neck_girth": 0.1408, "chest_width_X": 0.1458, "feet_height_Z": 0.0426, "buttock_width_X": 0.2022, "hands_length": 0.1036, "head_width_X": 0.0859, "buttock_depth_Y": 0.1153, "lowerleg_bottom_girth": 0.1162, "hands_width": 0.0467, "upperleg_bottom_girth": 0.1885, "upperarm_length": 0.1839, "chest_girth": 0.472, "feet_heel_width": 0.0329, "upperarm_axillary_girth": 0.168, "waist_girth": 0.3099, "torso_height_Z": 0.2274, "feet_width": 0.0535, "neck_height_Z": 0.021, "lowerleg_calf_girth": 0.1793, "head_length": 0.1203}, "metaproperties": {"last_character_mass": -0.5, "last_character_tone": -0.5, "character_age": 0.0, "character_tone": -0.5, "character_mass": -0.5, "last_character_age": 0.0}, "manuellab_vers": [1, 3, 0], "structural": {"Stomach_Volume": 0.49, "Torso_Tone": -0.21, "Pelvis_SizeY": 0.8, "Arms_ForearmMass": 0.24, "Torso_Mass": 0.12, "Hands_Size": 0.32, "Torso_BreastMass": 0.25, "Arms_ForearmTone": -0.27, "Neck_Length": 0.08, "Pelvis_GluteusTone": 0.0, "Neck_Tone": -0.03, "Torso_Vshape": 0.26, "Neck_Mass": 0.24, "Feet_Size": 0.29, "Shoulders_Mass": 0.0, "Torso_BreastTone": 0.6, "Feet_Mass": 0.24, "Arms_UpperarmLength": 0.44, "Legs_UpperlegsTone": -0.12, "Arms_UpperarmTone": -0.21, "Stomach_LocalFat": 0.475, "Pelvis_GluteusMass": 0.21, "Cheeks_Mass": 0.0, "Pelvis_SizeX": 0.86, "Legs_LowerlegsTone": 0.0, "Arms_ForearmLength": 0.2, "Arms_UpperarmMass": 0.15, "Shoulders_Tone": 0.0, "Waist_Size": 0.49, "Head_Size": 0.47, "Hands_FingersLength": 0.11, "Legs_UpperlegsMass": 0.12, "Legs_UpperlegLength": 0.05, "Wrists_Size": 0.45, "Legs_LowerlegsMass": 0.03}}