{"materialproperties": {"skin_complexion": 0, "skin_saturation": 1, "skin_sss": 0, "skin_oil": 1, "skin_subderm": 0, "eyes_value": 1, "eyes_saturation": 1, "eyes_hue": 0, "skin_bump": 0}, "proportions": {"buttock_height_Z": 0.1425, "upperleg_top_girth": 0.291, "wrist_girth": 0.084, "body_height_Z": 1.0, "upperleg_length": 0.2089, "feet_length": 0.1432, "chest_depth_Y": 0.0998, "head_height_Z": 0.1282, "buttock_girth": 0.5386, "shoulders_width": 0.166, "forearm_length": 0.1453, "elbow_girth": 0.1367, "lowerleg_length": 0.2434, "neck_girth": 0.1532, "chest_width_X": 0.144, "feet_height_Z": 0.0431, "buttock_width_X": 0.2049, "hands_length": 0.1095, "head_width_X": 0.0824, "buttock_depth_Y": 0.1108, "lowerleg_bottom_girth": 0.1138, "hands_width": 0.0459, "upperleg_bottom_girth": 0.1931, "upperarm_length": 0.1751, "chest_girth": 0.4257, "feet_heel_width": 0.0332, "upperarm_axillary_girth": 0.1692, "waist_girth": 0.4791, "torso_height_Z": 0.2003, "feet_width": 0.0542, "neck_height_Z": 0.046, "lowerleg_calf_girth": 0.1869, "head_length": 0.1153}, "metaproperties": {"last_character_mass": -0.5, "last_character_tone": 0.0, "character_age": 0.0, "character_tone": 0.0, "character_mass": -0.5, "last_character_age": 0.0}, "manuellab_vers": [1, 3, 0], "structural": {"Legs_LowerlegsMass": 0.0, "Arms_ForearmMass": 0.0, "Torso_Mass": 0.0, "Torso_BreastMass": 0.25, "Wrists_Size": 0.475, "Stomach_Volume": 0.49, "Torso_Vshape": 0.38, "Neck_Mass": 0.0, "Shoulders_Mass": 0.0, "Feet_Mass": 0.0, "Legs_UpperlegsTone": 0.26, "Stomach_LocalFat": 0.895, "Pelvis_GluteusMass": 0.0, "Cheeks_Mass": 0.0, "Pelvis_SizeX": 0.8, "Arms_UpperarmMass": 0.18, "Hands_Mass": 0.0, "Waist_Size": 0.855, "Shoulders_Length": 0.32, "Legs_UpperlegsMass": 0.21, "Legs_UpperlegInCurve": 0.23, "Shoulders_PosZ": 0.17, "Pelvis_GluteusSize": 0.59}}