{"materialproperties": {"skin_complexion": 0, "skin_saturation": 1, "skin_sss": 1, "skin_oil": 1, "skin_subderm": 0, "eyes_value": 1, "eyes_saturation": 1, "eyes_hue": 0, "skin_bump": 0}, "proportions": {"buttock_height_Z": 0.1388, "upperleg_top_girth": 0.3337, "wrist_girth": 0.0827, "body_height_Z": 1.0, "upperleg_length": 0.1991, "feet_length": 0.1355, "chest_depth_Y": 0.1524, "head_height_Z": 0.1303, "buttock_girth": 0.6858, "shoulders_width": 0.1613, "forearm_length": 0.146, "elbow_girth": 0.1376, "lowerleg_length": 0.2476, "neck_girth": 0.2072, "chest_width_X": 0.1655, "feet_height_Z": 0.0409, "buttock_width_X": 0.2351, "hands_length": 0.0994, "head_width_X": 0.0824, "buttock_depth_Y": 0.1716, "lowerleg_bottom_girth": 0.1124, "hands_width": 0.0474, "upperleg_bottom_girth": 0.2058, "upperarm_length": 0.1816, "chest_girth": 0.5873, "feet_heel_width": 0.032, "upperarm_axillary_girth": 0.1879, "waist_girth": 0.5909, "torso_height_Z": 0.2376, "feet_width": 0.052, "neck_height_Z": 0.0196, "lowerleg_calf_girth": 0.2019, "head_length": 0.1153}, "metaproperties": {"last_character_mass": 0.0, "last_character_tone": 0.0, "character_age": 0.0, "character_tone": 0.0, "character_mass": 0.0, "last_character_age": 0.0}, "manuellab_vers": [1, 3, 0], "structural": {"Pelvis_GluteusMass": 0.71, "Torso_Tone": 0.23, "Pelvis_SizeY": 0.8, "Torso_Mass": 0.65, "Hands_Size": 0.32, "Hands_FingersLength": 0.11, "Neck_Length": 0.38, "Pelvis_SizeX": 0.86, "Hands_Mass": 1.0, "Torso_Vshape": 0.26, "Neck_Mass": 0.83, "Feet_Size": 0.29, "Feet_Mass": 0.74, "Shoulders_PosZ": 0.77, "Wrists_Size": 0.5, "Head_Size": 0.47}}