{"materialproperties": {"skin_complexion": 0, "skin_saturation": 1, "skin_sss": 1, "skin_oil": 1, "skin_subderm": 0, "eyes_value": 1, "eyes_saturation": 1, "eyes_hue": 0, "skin_bump": 0}, "proportions": {"buttock_height_Z": 0.1435, "upperleg_top_girth": 0.4292, "wrist_girth": 0.0874, "body_height_Z": 1.0, "upperleg_length": 0.1904, "feet_length": 0.1355, "chest_depth_Y": 0.213, "head_height_Z": 0.1314, "buttock_girth": 0.8333, "shoulders_width": 0.1635, "forearm_length": 0.1483, "elbow_girth": 0.1824, "lowerleg_length": 0.2403, "neck_girth": 0.2303, "chest_width_X": 0.1843, "feet_height_Z": 0.0398, "buttock_width_X": 0.2759, "hands_length": 0.0995, "head_width_X": 0.0824, "buttock_depth_Y": 0.2122, "lowerleg_bottom_girth": 0.1381, "hands_width": 0.0474, "upperleg_bottom_girth": 0.2894, "upperarm_length": 0.1857, "chest_girth": 0.7595, "feet_heel_width": 0.0329, "upperarm_axillary_girth": 0.2877, "waist_girth": 0.8276, "torso_height_Z": 0.2598, "feet_width": 0.0528, "neck_height_Z": 0.0097, "lowerleg_calf_girth": 0.2533, "head_length": 0.1153}, "metaproperties": {"last_character_mass": 1.0, "last_character_tone": 0.0, "character_age": 0.0, "character_tone": 0.0, "character_mass": 1.0, "last_character_age": 0.0}, "manuellab_vers": [1, 3, 0], "structural": {"Legs_LowerlegsMass": 1.5, "Torso_Tone": 0.23, "Pelvis_SizeY": 0.8, "Arms_ForearmMass": 1.5, "Torso_Mass": 1.65, "Hands_Size": 0.32, "Hands_FingersLength": 0.11, "Legs_KneeSize": 0.7, "Stomach_Volume": 0.52, "Torso_Vshape": 0.26, "Neck_Mass": 1.83, "Feet_Size": 0.29, "Shoulders_Mass": 1.5, "Feet_Mass": 1.74, "Stomach_LocalFat": 0.52, "Pelvis_GluteusMass": 1.71, "Cheeks_Mass": 1.5, "Pelvis_SizeX": 0.86, "Neck_Length": 0.38, "Arms_UpperarmMass": 1.5, "Hands_Mass": 2.0, "Waist_Size": 0.7, "Head_Size": 0.47, "Torso_BreastMass": 1.0, "Legs_UpperlegsMass": 1.5, "Shoulders_PosZ": 0.77, "Wrists_Size": 0.6}}