{"materialproperties": {"skin_complexion": 0, "skin_oil": 1, "eyes_value": 1, "skin_subderm": 0, "skin_bump": 0, "eyes_hue": 0, "skin_sss": 0, "eyes_saturation": 1, "skin_saturation": 1}, "metaproperties": {"last_character_tone": 0.0, "character_mass": 0.0, "last_character_mass": 0.0, "character_tone": 0.0, "character_age": 0.0, "last_character_age": 0.0}, "structural": {"Waist_Size": 0.26, "Pelvis_GluteusMass": 0.59, "Legs_UpperlegLength": 0.65, "Torso_Dorsi": 0.8, "Legs_UpperlegSize": 0.65, "Shoulders_PosZ": 0.59, "Pelvis_SizeX": 0.55, "Shoulders_Tone": 0.59, "Arms_ForearmLength": 0.53, "Pelvis_GluteusSize": 0.57, "Arms_UpperarmLength": 0.737, "Pelvis_GluteusTone": 0.65, "Torso_BreastTone": 0.74, "Shoulders_Mass": 0.38, "Torso_BreastMass": 0.77, "Head_Size": 0.56, "Legs_LowerlegLength": 0.62, "Body_Size": 0.46}, "proportions": {}, "manuellab_vers": [1, 3, 0]}