{"materialproperties": {"skin_complexion": 0, "skin_saturation": 1, "skin_sss": 1, "skin_oil": 1, "skin_subderm": 0, "eyes_value": 1, "eyes_saturation": 1, "eyes_hue": 0, "skin_bump": 0}, "proportions": {"buttock_height_Z": 0.1511, "upperleg_top_girth": 0.4357, "wrist_girth": 0.0889, "body_height_Z": 1.0, "upperleg_length": 0.1904, "feet_length": 0.1491, "chest_depth_Y": 0.1789, "head_height_Z": 0.1401, "buttock_girth": 0.7683, "shoulders_width": 0.1686, "forearm_length": 0.155, "elbow_girth": 0.1706, "lowerleg_length": 0.2306, "neck_girth": 0.2135, "chest_width_X": 0.1713, "feet_height_Z": 0.0439, "buttock_width_X": 0.272, "hands_length": 0.1194, "head_width_X": 0.0848, "buttock_depth_Y": 0.1826, "lowerleg_bottom_girth": 0.1429, "hands_width": 0.0473, "upperleg_bottom_girth": 0.2986, "upperarm_length": 0.1923, "chest_girth": 0.6782, "feet_heel_width": 0.0354, "upperarm_axillary_girth": 0.2461, "waist_girth": 0.6509, "torso_height_Z": 0.2271, "feet_width": 0.0571, "neck_height_Z": 0.0302, "lowerleg_calf_girth": 0.2513, "head_length": 0.1188}, "metaproperties": {"last_character_mass": 0.5, "last_character_tone": 0.0, "character_age": 0.0, "character_tone": 0.0, "character_mass": 0.5, "last_character_age": 0.0}, "manuellab_vers": [1, 3, 0], "structural": {"Neck_Size": 0.35, "Torso_Tone": 0.38, "Arms_ForearmMass": 1.0, "Torso_Mass": 0.94, "Hands_FingersLength": 1.0, "Chin_Tone": 0.29, "Neck_Tone": 0.35, "Torso_Vshape": 0.38, "Neck_Mass": 0.82, "Legs_KneeSize": 0.6, "Shoulders_Mass": 0.58, "Feet_Mass": 0.73, "Neck_Angle": 0.29, "Arms_UpperarmLength": 0.59, "Stomach_Volume": 0.6, "Arms_UpperarmSize": 0.47, "Stomach_LocalFat": 0.51, "Pelvis_GluteusMass": 1.0, "Feet_Size": 0.62, "Cheeks_Mass": 1.0, "Arms_ForearmSize": 0.44, "Pelvis_SizeX": 0.62, "Neck_Length": 0.41, "Shoulders_Tone": 0.24, "Arms_ForearmLength": 0.65, "Forehead_SizeZ": 0.62, "Arms_UpperarmMass": 0.88, "Torso_SizeY": 0.29, "Hands_FingersInterDist": 0.38, "Hands_Mass": 0.64, "Waist_Size": 0.6, "Head_Size": 0.59, "Arms_UpperarmTone": 0.35, "Torso_BreastMass": 0.75, "Legs_UpperlegsMass": 1.0, "Legs_UpperlegsTone": 0.35, "Shoulders_PosZ": 0.14, "Torso_ToracicCurve": 1.0, "Wrists_Size": 0.55, "Legs_LowerlegsMass": 1.0}}