{"materialproperties": {"skin_complexion": 0, "skin_saturation": 1, "skin_sss": 1, "skin_oil": 1, "skin_subderm": 0, "eyes_value": 1, "eyes_saturation": 1, "eyes_hue": 0, "skin_bump": 0}, "proportions": {"buttock_height_Z": 0.134, "upperleg_top_girth": 0.2517, "wrist_girth": 0.0829, "body_height_Z": 1.0, "upperleg_length": 0.2071, "feet_length": 0.1491, "chest_depth_Y": 0.1023, "head_height_Z": 0.1362, "buttock_girth": 0.4831, "shoulders_width": 0.1652, "forearm_length": 0.1542, "elbow_girth": 0.1347, "lowerleg_length": 0.24, "neck_girth": 0.1293, "chest_width_X": 0.1397, "feet_height_Z": 0.0449, "buttock_width_X": 0.1838, "hands_length": 0.1192, "head_width_X": 0.0848, "buttock_depth_Y": 0.1017, "lowerleg_bottom_girth": 0.1176, "hands_width": 0.0453, "upperleg_bottom_girth": 0.1787, "upperarm_length": 0.1878, "chest_girth": 0.4443, "feet_heel_width": 0.0346, "upperarm_axillary_girth": 0.1632, "waist_girth": 0.2943, "torso_height_Z": 0.2069, "feet_width": 0.0564, "neck_height_Z": 0.0422, "lowerleg_calf_girth": 0.1702, "head_length": 0.1188}, "metaproperties": {"last_character_mass": -0.5, "last_character_tone": -0.5, "character_age": 0.0, "character_tone": -0.5, "character_mass": -0.5, "last_character_age": 0.0}, "manuellab_vers": [1, 3, 0], "structural": {"Neck_Size": 0.35, "Torso_Tone": -0.12, "Arms_ForearmMass": 0.0, "Torso_Mass": -0.06, "Hands_FingersLength": 1.0, "Chin_Tone": 0.29, "Neck_Length": 0.41, "Pelvis_GluteusTone": 0.0, "Neck_Tone": -0.15, "Torso_Vshape": 0.38, "Neck_Mass": -0.18, "Feet_Size": 0.62, "Shoulders_Mass": -0.42, "Torso_BreastTone": 0.6, "Feet_Mass": -0.27, "Neck_Angle": 0.29, "Arms_UpperarmMass": -0.12, "Arms_UpperarmLength": 0.59, "Stomach_Volume": 0.58, "Arms_UpperarmSize": 0.47, "Stomach_LocalFat": 0.475, "Pelvis_GluteusMass": 0.0, "Cheeks_Mass": 0.0, "Arms_ForearmSize": 0.44, "Pelvis_SizeX": 0.62, "Legs_LowerlegsTone": 0.0, "Shoulders_Tone": -0.26, "Arms_ForearmLength": 0.65, "Forehead_SizeZ": 0.62, "Arms_ForearmTone": 0.0, "Torso_SizeY": 0.29, "Hands_FingersInterDist": 0.38, "Hands_Mass": -0.36, "Waist_Size": 0.49, "Head_Size": 0.59, "Arms_UpperarmTone": -0.15, "Torso_BreastMass": 0.25, "Legs_UpperlegsMass": 0.0, "Legs_UpperlegsTone": -0.15, "Shoulders_PosZ": 0.14, "Torso_ToracicCurve": 1.0, "Wrists_Size": 0.45, "Legs_LowerlegsMass": 0.0}}