{"materialproperties": {"skin_complexion": 0, "skin_saturation": 1, "skin_sss": 1, "skin_oil": 1, "skin_subderm": 0, "eyes_value": 1, "eyes_saturation": 1, "eyes_hue": 0, "skin_bump": 0}, "proportions": {"buttock_height_Z": 0.1415, "upperleg_top_girth": 0.2631, "wrist_girth": 0.0817, "body_height_Z": 1.0, "upperleg_length": 0.1941, "feet_length": 0.1462, "chest_depth_Y": 0.1515, "head_height_Z": 0.1276, "buttock_girth": 0.6416, "shoulders_width": 0.157, "forearm_length": 0.1498, "elbow_girth": 0.1476, "lowerleg_length": 0.2423, "neck_girth": 0.1904, "chest_width_X": 0.1684, "feet_height_Z": 0.044, "buttock_width_X": 0.2096, "hands_length": 0.1169, "head_width_X": 0.0773, "buttock_depth_Y": 0.1522, "lowerleg_bottom_girth": 0.1154, "hands_width": 0.0448, "upperleg_bottom_girth": 0.1734, "upperarm_length": 0.187, "chest_girth": 0.59, "feet_heel_width": 0.034, "upperarm_axillary_girth": 0.1901, "waist_girth": 0.6283, "torso_height_Z": 0.23, "feet_width": 0.0553, "neck_height_Z": 0.0316, "lowerleg_calf_girth": 0.1666, "head_length": 0.1082}, "metaproperties": {"last_character_mass": 0.0, "last_character_tone": -1.0, "character_age": 0.0, "character_tone": -1.0, "character_mass": 0.0, "last_character_age": 0.0}, "manuellab_vers": [1, 3, 0], "structural": {"Legs_LowerlegsMass": 0.17, "Arms_ForearmTone": -0.5, "Pelvis_SizeY": 0.02, "Torso_Mass": 0.62, "Hands_FingersLength": 1.0, "Pelvis_GluteusTone": -0.5, "Hands_Mass": 0.14, "Neck_Tone": -0.5, "Torso_Tone": -0.38, "Shoulders_Tone": -0.76, "Feet_Size": 0.62, "Shoulders_Mass": 0.08, "Torso_BreastTone": 0.7, "Feet_Mass": 0.23, "Arms_UpperarmLength": 0.59, "Legs_UpperlegInCurve": 0.74, "Arms_UpperarmSize": 0.47, "Stomach_Volume": 0.59, "Arms_ForearmSize": 0.44, "Legs_UpperlegSize": 0.44, "Arms_ForearmLength": 0.65, "Forehead_SizeZ": 0.62, "Arms_UpperarmMass": 0.38, "Torso_SizeY": 0.29, "Hands_FingersInterDist": 0.38, "Chin_Tone": 0.29, "Waist_Size": 0.49, "Head_Size": 0.29, "Arms_UpperarmTone": -0.65, "Legs_UpperlegLength": 0.65, "Legs_UpperlegsMass": 0.23, "Torso_Vshape": 0.26, "Legs_UpperlegsTone": -0.77, "Shoulders_PosZ": 0.41, "Torso_ToracicCurve": 1.0, "Wrists_Size": 0.45, "Legs_LowerlegLength": 0.54, "Legs_LowerlegsTone": -0.68}}