{"materialproperties": {"skin_complexion": 0, "skin_saturation": 1, "skin_sss": 1, "skin_oil": 1, "skin_subderm": 0, "eyes_value": 1, "eyes_saturation": 1, "eyes_hue": 0, "skin_bump": 0}, "proportions": {"buttock_height_Z": 0.1698, "upperleg_top_girth": 0.4816, "wrist_girth": 0.0902, "body_height_Z": 1.0, "upperleg_length": 0.1716, "feet_length": 0.1432, "chest_depth_Y": 0.2165, "head_height_Z": 0.1345, "buttock_girth": 0.8913, "shoulders_width": 0.1792, "forearm_length": 0.1431, "elbow_girth": 0.1812, "lowerleg_length": 0.2298, "neck_girth": 0.26, "chest_width_X": 0.1817, "feet_height_Z": 0.0413, "buttock_width_X": 0.3055, "hands_length": 0.1097, "head_width_X": 0.0824, "buttock_depth_Y": 0.2167, "lowerleg_bottom_girth": 0.1574, "hands_width": 0.0499, "upperleg_bottom_girth": 0.3204, "upperarm_length": 0.1909, "chest_girth": 0.7741, "feet_heel_width": 0.0349, "upperarm_axillary_girth": 0.3038, "waist_girth": 0.7744, "torso_height_Z": 0.2548, "feet_width": 0.0557, "neck_height_Z": 0.0131, "lowerleg_calf_girth": 0.2632, "head_length": 0.1153}, "metaproperties": {"last_character_mass": 1.0, "last_character_tone": -0.5, "character_age": 0.0, "character_tone": -0.5, "character_mass": 1.0, "last_character_age": 0.0}, "manuellab_vers": [1, 3, 0], "structural": {"Legs_LowerlegsMass": 1.59, "Torso_Tone": 0.3, "Legs_KneeSize": 0.7, "Torso_Mass": 1.5, "Torso_BreastMass": 1.0, "Legs_UpperlegInCurve": 0.26, "Pelvis_GluteusTone": 0.15, "Neck_Tone": 0.21, "Neck_Mass": 1.5, "Neck_Collarbone": 0.8, "Shoulders_Mass": 1.59, "Torso_BreastTone": 0.6, "Feet_Mass": 1.5, "Arms_UpperarmMass": 1.59, "Stomach_Volume": 0.52, "Arms_ForearmMass": 1.5, "Stomach_LocalFat": 0.52, "Pelvis_GluteusMass": 1.82, "Cheeks_Mass": 1.5, "Torso_Dorsi": 0.65, "Shoulders_Tone": 0.0, "Arms_ForearmTone": 0.27, "Torso_SizeY": 0.71, "Hands_Mass": 1.5, "Waist_Size": 0.605, "Arms_UpperarmTone": 0.18, "Legs_UpperlegsMass": 1.5, "Legs_UpperlegsTone": 0.21, "Shoulders_PosZ": 0.56, "Wrists_Size": 0.575, "Legs_LowerlegsTone": 0.3}}