{"materialproperties": {"skin_complexion": 0, "skin_saturation": 1, "skin_sss": 0, "skin_oil": 1, "skin_subderm": 0, "eyes_value": 1, "eyes_saturation": 1, "eyes_hue": 0, "skin_bump": 0}, "proportions": {"buttock_height_Z": 0.1373, "upperleg_top_girth": 0.2569, "wrist_girth": 0.0849, "body_height_Z": 1.0, "upperleg_length": 0.1839, "feet_length": 0.1456, "chest_depth_Y": 0.1149, "head_height_Z": 0.1304, "buttock_girth": 0.4665, "shoulders_width": 0.176, "forearm_length": 0.1478, "elbow_girth": 0.1386, "lowerleg_length": 0.2474, "neck_girth": 0.1407, "chest_width_X": 0.1579, "feet_height_Z": 0.0439, "buttock_width_X": 0.1709, "hands_length": 0.1114, "head_width_X": 0.0838, "buttock_depth_Y": 0.1029, "lowerleg_bottom_girth": 0.1168, "hands_width": 0.0467, "upperleg_bottom_girth": 0.1827, "upperarm_length": 0.1879, "chest_girth": 0.4998, "feet_heel_width": 0.0338, "upperarm_axillary_girth": 0.1629, "waist_girth": 0.3788, "torso_height_Z": 0.231, "feet_width": 0.0551, "neck_height_Z": 0.0378, "lowerleg_calf_girth": 0.1738, "head_length": 0.1173}, "metaproperties": {"last_character_mass": -0.5, "last_character_tone": -0.5, "character_age": 0.0, "character_tone": -0.5, "character_mass": -0.5, "last_character_age": 0.0}, "manuellab_vers": [1, 3, 0], "structural": {"Legs_LowerlegsMass": 0.0, "Torso_Tone": 0.0, "Arms_ForearmMass": 0.0, "Torso_Mass": 0.0, "Torso_BreastMass": 0.25, "Pelvis_GluteusTone": 0.0, "Neck_Tone": 0.0, "Torso_Vshape": 0.29, "Neck_Mass": 0.0, "Shoulders_Mass": 0.06, "Torso_BreastTone": 0.6, "Feet_Mass": 0.0, "Arms_UpperarmMass": 0.0, "Torso_Length": 0.68, "Stomach_Volume": 0.55, "Arms_UpperarmTone": 0.0, "Stomach_LocalFat": 0.475, "Pelvis_GluteusMass": 0.0, "Cheeks_Mass": 0.0, "Shoulders_Length": 0.65, "Pelvis_SizeX": 0.32, "Shoulders_Tone": 0.0, "Arms_ForearmTone": 0.0, "Hands_Mass": 0.0, "Waist_Size": 0.85, "Legs_UpperlegLength": 0.08, "Legs_UpperlegsMass": 0.0, "Legs_UpperlegsTone": 0.0, "Wrists_Size": 0.45, "Torso_SizeX": 0.83, "Legs_LowerlegsTone": 0.0}}