{"materialproperties": {"skin_complexion": 0, "skin_saturation": 1, "skin_sss": 1, "skin_oil": 1, "skin_subderm": 0, "eyes_value": 1, "eyes_saturation": 1, "eyes_hue": 0, "skin_bump": 0}, "proportions": {"buttock_height_Z": 0.1743, "upperleg_top_girth": 0.497, "wrist_girth": 0.0872, "body_height_Z": 1.0, "upperleg_length": 0.151, "feet_length": 0.1398, "chest_depth_Y": 0.2168, "head_height_Z": 0.1388, "buttock_girth": 0.978, "shoulders_width": 0.1805, "forearm_length": 0.1578, "elbow_girth": 0.1883, "lowerleg_length": 0.2405, "neck_girth": 0.2677, "chest_width_X": 0.1918, "feet_height_Z": 0.04, "buttock_width_X": 0.3314, "hands_length": 0.1026, "head_width_X": 0.085, "buttock_depth_Y": 0.2429, "lowerleg_bottom_girth": 0.1645, "hands_width": 0.0489, "upperleg_bottom_girth": 0.3286, "upperarm_length": 0.2071, "chest_girth": 0.781, "feet_heel_width": 0.0342, "upperarm_axillary_girth": 0.3106, "waist_girth": 0.8564, "torso_height_Z": 0.2655, "feet_width": 0.0544, "neck_height_Z": 0.0084, "lowerleg_calf_girth": 0.2774, "head_length": 0.1189}, "metaproperties": {"last_character_mass": 1.0, "last_character_tone": -1.0, "character_age": 0.0, "character_tone": -1.0, "character_mass": 1.0, "last_character_age": 0.0}, "manuellab_vers": [1, 3, 0], "structural": {"Stomach_Volume": 0.52, "Torso_Tone": -0.59, "Pelvis_SizeY": 0.8, "Arms_ForearmMass": 1.5, "Torso_Mass": 1.59, "Hands_Size": 0.32, "Torso_BreastMass": 1.0, "Neck_Length": 0.35, "Pelvis_GluteusTone": -0.5, "Neck_Tone": -0.53, "Torso_Vshape": 0.41, "Neck_Mass": 1.62, "Legs_KneeSize": 0.7, "Shoulders_Mass": 1.5, "Torso_BreastTone": 0.7, "Feet_Mass": 1.74, "Arms_UpperarmMass": 1.5, "Arms_UpperarmLength": 0.59, "Legs_UpperlegsTone": -0.65, "Arms_UpperarmTone": -0.5, "Stomach_LocalFat": 0.52, "Pelvis_GluteusMass": 1.35, "Feet_Size": 0.29, "Cheeks_Mass": 1.5, "Pelvis_SizeX": 0.86, "Legs_LowerlegsTone": -0.5, "Shoulders_Tone": -0.5, "Arms_ForearmLength": 0.65, "Arms_ForearmTone": -0.5, "Hands_Mass": 2.0, "Waist_Size": 0.69, "Head_Size": 0.47, "Hands_FingersLength": 0.11, "Legs_UpperlegsMass": 1.23, "Legs_UpperlegLength": 0.05, "Wrists_Size": 0.55, "Legs_LowerlegsMass": 1.53}}