{"materialproperties": {"skin_complexion": 0, "skin_saturation": 1, "skin_sss": 1, "skin_oil": 1, "skin_subderm": 0, "eyes_value": 1, "eyes_saturation": 1, "eyes_hue": 0, "skin_bump": 0}, "proportions": {"buttock_height_Z": 0.14, "upperleg_top_girth": 0.2621, "wrist_girth": 0.0799, "body_height_Z": 1.0, "upperleg_length": 0.1876, "feet_length": 0.1398, "chest_depth_Y": 0.1043, "head_height_Z": 0.1323, "buttock_girth": 0.5332, "shoulders_width": 0.174, "forearm_length": 0.1605, "elbow_girth": 0.1414, "lowerleg_length": 0.2551, "neck_girth": 0.1424, "chest_width_X": 0.1457, "feet_height_Z": 0.0421, "buttock_width_X": 0.1999, "hands_length": 0.1024, "head_width_X": 0.085, "buttock_depth_Y": 0.114, "lowerleg_bottom_girth": 0.1149, "hands_width": 0.0448, "upperleg_bottom_girth": 0.1864, "upperarm_length": 0.1946, "chest_girth": 0.4517, "feet_heel_width": 0.0325, "upperarm_axillary_girth": 0.1662, "waist_girth": 0.305, "torso_height_Z": 0.2249, "feet_width": 0.0529, "neck_height_Z": 0.0322, "lowerleg_calf_girth": 0.1773, "head_length": 0.1189}, "metaproperties": {"last_character_mass": -1.0, "last_character_tone": -1.0, "character_age": 0.0, "character_tone": -1.0, "character_mass": -1.0, "last_character_age": 0.0}, "manuellab_vers": [1, 3, 0], "structural": {"Stomach_Volume": 0.48, "Torso_Tone": -0.59, "Pelvis_SizeY": 0.8, "Arms_ForearmMass": -0.5, "Torso_Mass": -0.41, "Hands_Size": 0.32, "Torso_BreastMass": 0.0, "Neck_Length": 0.35, "Pelvis_GluteusTone": -0.5, "Neck_Tone": -0.53, "Torso_Vshape": 0.41, "Neck_Mass": -0.38, "Feet_Size": 0.29, "Shoulders_Mass": -0.5, "Torso_BreastTone": 0.7, "Feet_Mass": -0.26, "Arms_UpperarmMass": -0.5, "Arms_UpperarmLength": 0.59, "Legs_UpperlegsTone": -0.65, "Arms_UpperarmTone": -0.5, "Stomach_LocalFat": 0.45, "Pelvis_GluteusMass": -0.65, "Cheeks_Mass": -0.5, "Pelvis_SizeX": 0.86, "Legs_LowerlegsTone": -0.5, "Shoulders_Tone": -0.5, "Arms_ForearmLength": 0.65, "Arms_ForearmTone": -0.5, "Hands_Mass": 0.0, "Waist_Size": 0.48, "Head_Size": 0.47, "Hands_FingersLength": 0.11, "Legs_UpperlegsMass": -0.77, "Legs_UpperlegLength": 0.05, "Wrists_Size": 0.4, "Legs_LowerlegsMass": -0.47}}