{"materialproperties": {"skin_complexion": 0, "skin_saturation": 1, "skin_sss": 0, "skin_oil": 1, "skin_subderm": 0, "eyes_value": 1, "eyes_saturation": 1, "eyes_hue": 0, "skin_bump": 0}, "proportions": {"buttock_height_Z": 0.1486, "upperleg_top_girth": 0.3856, "wrist_girth": 0.0857, "body_height_Z": 1.0, "upperleg_length": 0.1894, "feet_length": 0.1432, "chest_depth_Y": 0.1816, "head_height_Z": 0.1314, "buttock_girth": 0.7511, "shoulders_width": 0.1784, "forearm_length": 0.144, "elbow_girth": 0.1578, "lowerleg_length": 0.2354, "neck_girth": 0.1996, "chest_width_X": 0.1708, "feet_height_Z": 0.0421, "buttock_width_X": 0.2618, "hands_length": 0.1096, "head_width_X": 0.0824, "buttock_depth_Y": 0.1793, "lowerleg_bottom_girth": 0.1375, "hands_width": 0.0472, "upperleg_bottom_girth": 0.2435, "upperarm_length": 0.1935, "chest_girth": 0.6609, "feet_heel_width": 0.0336, "upperarm_axillary_girth": 0.2344, "waist_girth": 0.6705, "torso_height_Z": 0.241, "feet_width": 0.0542, "neck_height_Z": 0.0248, "lowerleg_calf_girth": 0.2175, "head_length": 0.1153}, "metaproperties": {"last_character_mass": 0.0, "last_character_tone": -0.5, "character_age": 0.0, "character_tone": -0.5, "character_mass": 0.0, "last_character_age": 0.0}, "manuellab_vers": [1, 3, 0], "structural": {"Stomach_LocalFat": 0.74, "Arms_ForearmTone": 0.0, "Neck_Tone": 0.0, "Torso_Mass": 0.62, "Pelvis_SizeX": 0.59, "Torso_BreastMass": 0.68, "Shoulders_Length": 0.8, "Pelvis_GluteusSize": 0.74, "Pelvis_GluteusTone": 0.0, "Torso_Tone": 0.0, "Waist_Size": -0.005, "Shoulders_Tone": 0.0, "Arms_UpperarmTone": 0.0, "Torso_BreastTone": 0.6, "Legs_UpperlegsTone": 0.0, "Wrists_Size": 0.475, "Legs_LowerlegsTone": 0.0}}