{"materialproperties": {"skin_complexion": 0, "skin_saturation": 1, "skin_sss": 0, "skin_oil": 1, "skin_subderm": 0, "eyes_value": 1, "eyes_saturation": 1, "eyes_hue": 0, "skin_bump": 0}, "proportions": {"buttock_height_Z": 0.1474, "upperleg_top_girth": 0.381, "wrist_girth": 0.0811, "body_height_Z": 1.0, "upperleg_length": 0.186, "feet_length": 0.1439, "chest_depth_Y": 0.1733, "head_height_Z": 0.1303, "buttock_girth": 0.771, "shoulders_width": 0.1722, "forearm_length": 0.1474, "elbow_girth": 0.1555, "lowerleg_length": 0.23, "neck_girth": 0.1931, "chest_width_X": 0.1823, "feet_height_Z": 0.0423, "buttock_width_X": 0.2628, "hands_length": 0.1151, "head_width_X": 0.0792, "buttock_depth_Y": 0.1811, "lowerleg_bottom_girth": 0.1353, "hands_width": 0.0441, "upperleg_bottom_girth": 0.2523, "upperarm_length": 0.1848, "chest_girth": 0.656, "feet_heel_width": 0.0337, "upperarm_axillary_girth": 0.2104, "waist_girth": 0.7558, "torso_height_Z": 0.2507, "feet_width": 0.0544, "neck_height_Z": 0.0254, "lowerleg_calf_girth": 0.209, "head_length": 0.1109}, "metaproperties": {"last_character_mass": 0.0, "last_character_tone": -1.0, "character_age": 0.0, "character_tone": -1.0, "character_mass": 0.0, "last_character_age": 0.0}, "manuellab_vers": [1, 3, 0], "structural": {"Arms_ForearmTone": -0.5, "Pelvis_SizeY": 0.02, "Torso_Mass": 0.8, "Hands_FingersLength": 1.0, "Pelvis_GluteusTone": -0.5, "Hands_Mass": 0.14, "Neck_Tone": -0.5, "Torso_Tone": -0.47, "Shoulders_Tone": -0.76, "Feet_Size": 0.62, "Shoulders_Mass": 0.2, "Torso_BreastTone": 0.7, "Feet_Mass": 0.23, "Torso_Length": 0.71, "Legs_UpperlegInCurve": 0.65, "Arms_UpperarmSize": 0.56, "Pelvis_GluteusMass": 0.65, "Arms_ForearmSize": 0.59, "Arms_UpperarmLength": 0.59, "Legs_UpperlegSize": 0.44, "Arms_ForearmLength": 0.65, "Forehead_SizeZ": 0.62, "Arms_UpperarmMass": 0.53, "Hands_FingersInterDist": 0.38, "Chin_Tone": 0.29, "Waist_Size": 0.28, "Torso_SizeX": 0.56, "Arms_UpperarmTone": -0.62, "Legs_UpperlegLength": 0.65, "Legs_UpperlegsMass": 0.59, "Legs_UpperlegsTone": -0.77, "Shoulders_PosZ": 0.56, "Torso_ToracicCurve": 1.0, "Wrists_Size": 0.45, "Legs_LowerlegLength": 0.54, "Legs_LowerlegsTone": -0.68}}