{"materialproperties": {"skin_complexion": 0, "skin_saturation": 1, "skin_sss": 0, "skin_oil": 1, "skin_subderm": 0, "eyes_value": 1, "eyes_saturation": 1, "eyes_hue": 0, "skin_bump": 0}, "proportions": {"buttock_height_Z": 0.1591, "upperleg_top_girth": 0.4382, "wrist_girth": 0.0829, "body_height_Z": 1.0, "upperleg_length": 0.1792, "feet_length": 0.1435, "chest_depth_Y": 0.1836, "head_height_Z": 0.1327, "buttock_girth": 0.8451, "shoulders_width": 0.1713, "forearm_length": 0.1457, "elbow_girth": 0.1624, "lowerleg_length": 0.2254, "neck_girth": 0.2341, "chest_width_X": 0.1786, "feet_height_Z": 0.0416, "buttock_width_X": 0.2914, "hands_length": 0.1149, "head_width_X": 0.079, "buttock_depth_Y": 0.1958, "lowerleg_bottom_girth": 0.1494, "hands_width": 0.0456, "upperleg_bottom_girth": 0.2936, "upperarm_length": 0.1905, "chest_girth": 0.6845, "feet_heel_width": 0.0343, "upperarm_axillary_girth": 0.2635, "waist_girth": 0.7535, "torso_height_Z": 0.2457, "feet_width": 0.055, "neck_height_Z": 0.029, "lowerleg_calf_girth": 0.2377, "head_length": 0.1106}, "metaproperties": {"last_character_mass": 0.5, "last_character_tone": -0.5, "character_age": 0.0, "character_tone": -0.5, "character_mass": 0.5, "last_character_age": 0.0}, "manuellab_vers": [1, 3, 0], "structural": {"Feet_Mass": 0.73, "Torso_Tone": 0.18, "Feet_Size": 0.62, "Torso_BreastMass": 0.75, "Pelvis_GluteusTone": 0.0, "Hands_Mass": 0.64, "Neck_Tone": -0.15, "Legs_LowerlegsMass": 0.67, "Legs_KneeSize": 0.6, "Shoulders_Mass": 0.58, "Arms_UpperarmLength": 0.59, "Neck_Size": 0.35, "Stomach_Volume": 0.51, "Arms_ForearmLength": 0.65, "Forehead_SizeZ": 0.62, "Torso_SizeY": 0.29, "Shoulders_Tone": -0.26, "Waist_Size": 0.385, "Arms_UpperarmTone": -0.15, "Legs_UpperlegsMass": 0.73, "Legs_UpperlegInCurve": 0.74, "Stomach_LocalFat": 0.51, "Pelvis_SizeY": 0.02, "Arms_ForearmMass": 1.0, "Torso_Mass": 1.03, "Hands_FingersLength": 1.0, "Arms_ForearmTone": 0.0, "Chin_Tone": 0.29, "Neck_Mass": 0.73, "Torso_BreastTone": 0.6, "Cheeks_Mass": 1.0, "Neck_Angle": 0.29, "Torso_Length": 0.71, "Legs_UpperlegsTone": -0.27, "Arms_UpperarmSize": 0.17, "Pelvis_GluteusMass": 1.0, "Arms_ForearmSize": 0.2, "Legs_UpperlegSize": 0.44, "Neck_Length": 0.56, "Arms_UpperarmMass": 0.88, "Hands_FingersInterDist": 0.38, "Legs_UpperlegLength": 0.65, "Shoulders_PosZ": 0.14, "Torso_ToracicCurve": 1.0, "Wrists_Size": 0.525, "Legs_LowerlegLength": 0.54, "Legs_LowerlegsTone": -0.18}}