{"materialproperties": {"skin_complexion": 0, "skin_oil": 1, "eyes_value": 1, "skin_subderm": 0, "skin_bump": 0, "eyes_hue": 0, "skin_sss": 0, "eyes_saturation": 1, "skin_saturation": 1}, "metaproperties": {"last_character_tone": 0.0, "character_mass": 0.0, "last_character_mass": 0.0, "character_tone": 0.0, "character_age": 0.0, "last_character_age": 0.0}, "structural": {"Torso_Vshape": 0.29, "Waist_Size": 0.86, "Pelvis_SizeX": 0.32, "Torso_SizeX": 0.83, "Stomach_Volume": 0.56, "Torso_Length": 0.68, "Shoulders_Mass": 0.56, "Shoulders_Length": 0.65, "Legs_UpperlegLength": 0.08}, "proportions": {}, "manuellab_vers": [1, 3, 0]}