{"materialproperties": {"skin_complexion": 0, "skin_oil": 1, "eyes_value": 1, "skin_subderm": 0, "skin_bump": 0, "eyes_hue": 0, "skin_sss": 0, "eyes_saturation": 1, "skin_saturation": 1}, "metaproperties": {"last_character_tone": 0.0, "character_mass": 0.0, "last_character_mass": 0.0, "character_tone": 0.0, "character_age": 0.0, "last_character_age": 0.0}, "structural": {"Torso_Vshape": 0.38, "Waist_Size": 0.86, "Pelvis_SizeX": 0.8, "Shoulders_PosZ": 0.17, "Shoulders_Length": 0.32, "Stomach_LocalFat": 0.68, "Pelvis_GluteusSize": 0.59}, "proportions": {}, "manuellab_vers": [1, 3, 0]}