{"materialproperties": {"skin_complexion": 0, "skin_saturation": 1, "skin_sss": 1, "skin_oil": 1, "skin_subderm": 0, "eyes_value": 1, "eyes_saturation": 1, "eyes_hue": 0, "skin_bump": 0}, "proportions": {"buttock_height_Z": 0.1298, "upperleg_top_girth": 0.2396, "wrist_girth": 0.0797, "body_height_Z": 1.0, "upperleg_length": 0.214, "feet_length": 0.143, "chest_depth_Y": 0.0867, "head_height_Z": 0.1307, "buttock_girth": 0.4487, "shoulders_width": 0.1585, "forearm_length": 0.1481, "elbow_girth": 0.1497, "lowerleg_length": 0.2371, "neck_girth": 0.1316, "chest_width_X": 0.1338, "feet_height_Z": 0.043, "buttock_width_X": 0.1694, "hands_length": 0.1143, "head_width_X": 0.0814, "buttock_depth_Y": 0.0844, "lowerleg_bottom_girth": 0.1125, "hands_width": 0.0434, "upperleg_bottom_girth": 0.1728, "upperarm_length": 0.1801, "chest_girth": 0.3961, "feet_heel_width": 0.0332, "upperarm_axillary_girth": 0.1564, "waist_girth": 0.287, "torso_height_Z": 0.2087, "feet_width": 0.0541, "neck_height_Z": 0.0463, "lowerleg_calf_girth": 0.1681, "head_length": 0.1139}, "metaproperties": {"last_character_mass": -1.0, "last_character_tone": 0.0, "character_age": 0.0, "character_tone": 0.0, "character_mass": -1.0, "last_character_age": 0.0}, "manuellab_vers": [1, 3, 0], "structural": {"Torso_Tone": 0.35, "Elbows_Size": 0.86, "Torso_BreastMass": 0.0, "Hands_Mass": -0.86, "Neck_Tone": 0.35, "Legs_LowerlegsMass": -0.83, "Feet_Size": 0.62, "Shoulders_Mass": -0.92, "Arms_UpperarmLength": 0.59, "Neck_Size": 0.35, "Stomach_Volume": 0.48, "Arms_ForearmLength": 0.65, "Forehead_SizeZ": 0.62, "Torso_SizeY": 0.29, "Shoulders_Tone": 0.24, "Waist_Size": 0.49, "Arms_UpperarmTone": 0.35, "Legs_UpperlegsMass": -0.77, "Legs_UpperlegInCurve": 0.29, "Stomach_LocalFat": 0.45, "Pelvis_SizeY": 0.02, "Arms_ForearmMass": -0.5, "Torso_Mass": -0.56, "Hands_FingersLength": 1.0, "Chin_Tone": 0.29, "Torso_Vshape": 0.38, "Neck_Mass": -0.77, "Feet_Mass": -0.77, "Neck_Angle": 0.29, "Torso_Length": 0.71, "Legs_UpperlegsTone": 0.23, "Arms_UpperarmSize": 0.41, "Cheeks_Mass": -0.5, "Pelvis_GluteusMass": -0.35, "Pelvis_SizeX": 0.44, "Legs_UpperlegSize": 0.44, "Neck_Length": 0.56, "Arms_UpperarmMass": -0.62, "Hands_FingersInterDist": 0.38, "Head_Size": 0.59, "Legs_UpperlegLength": 0.65, "Shoulders_PosZ": 0.14, "Torso_ToracicCurve": 1.0, "Wrists_Size": 0.45, "Legs_LowerlegLength": 0.54, "Legs_LowerlegsTone": 0.32}}