{"materialproperties": {"skin_complexion": 0, "skin_saturation": 1, "skin_sss": 0, "skin_oil": 1, "skin_subderm": 0, "eyes_value": 1, "eyes_saturation": 1, "eyes_hue": 0, "skin_bump": 0}, "proportions": {"buttock_height_Z": 0.1596, "upperleg_top_girth": 0.4467, "wrist_girth": 0.0854, "body_height_Z": 1.0, "upperleg_length": 0.181, "feet_length": 0.1435, "chest_depth_Y": 0.1947, "head_height_Z": 0.133, "buttock_girth": 0.8496, "shoulders_width": 0.1723, "forearm_length": 0.1457, "elbow_girth": 0.1624, "lowerleg_length": 0.2241, "neck_girth": 0.2408, "chest_width_X": 0.1782, "feet_height_Z": 0.0412, "buttock_width_X": 0.2947, "hands_length": 0.1149, "head_width_X": 0.079, "buttock_depth_Y": 0.1963, "lowerleg_bottom_girth": 0.1591, "hands_width": 0.0474, "upperleg_bottom_girth": 0.3026, "upperarm_length": 0.1925, "chest_girth": 0.7171, "feet_heel_width": 0.035, "upperarm_axillary_girth": 0.2872, "waist_girth": 0.7642, "torso_height_Z": 0.2492, "feet_width": 0.0557, "neck_height_Z": 0.0249, "lowerleg_calf_girth": 0.2562, "head_length": 0.1106}, "metaproperties": {"last_character_mass": 1.0, "last_character_tone": -0.5, "character_age": 0.0, "character_tone": -0.5, "character_mass": 1.0, "last_character_age": 0.0}, "manuellab_vers": [1, 3, 0], "structural": {"Feet_Mass": 1.23, "Torso_Tone": 0.18, "Feet_Size": 0.62, "Torso_BreastMass": 1.0, "Pelvis_GluteusTone": 0.0, "Hands_Mass": 1.14, "Neck_Tone": -0.15, "Legs_LowerlegsMass": 1.17, "Legs_KneeSize": 0.7, "Shoulders_Mass": 1.08, "Arms_UpperarmLength": 0.59, "Neck_Size": 0.35, "Stomach_Volume": 0.52, "Arms_ForearmLength": 0.65, "Forehead_SizeZ": 0.62, "Torso_SizeY": 0.29, "Shoulders_Tone": -0.26, "Waist_Size": 0.485, "Arms_UpperarmTone": -0.15, "Legs_UpperlegsMass": 1.23, "Legs_UpperlegInCurve": 0.74, "Stomach_LocalFat": 0.52, "Pelvis_SizeY": 0.02, "Arms_ForearmMass": 1.5, "Torso_Mass": 1.53, "Hands_FingersLength": 1.0, "Arms_ForearmTone": 0.0, "Chin_Tone": 0.29, "Neck_Mass": 1.23, "Torso_BreastTone": 0.6, "Cheeks_Mass": 1.5, "Neck_Angle": 0.29, "Torso_Length": 0.71, "Legs_UpperlegsTone": -0.27, "Arms_UpperarmSize": 0.17, "Pelvis_GluteusMass": 1.5, "Arms_ForearmSize": 0.2, "Legs_UpperlegSize": 0.44, "Neck_Length": 0.56, "Arms_UpperarmMass": 1.38, "Hands_FingersInterDist": 0.38, "Legs_UpperlegLength": 0.65, "Shoulders_PosZ": 0.14, "Torso_ToracicCurve": 1.0, "Wrists_Size": 0.575, "Legs_LowerlegLength": 0.54, "Legs_LowerlegsTone": -0.18}}