{"materialproperties": {"skin_complexion": 0, "skin_saturation": 1, "skin_sss": 0, "skin_oil": 1, "skin_subderm": 0, "eyes_value": 1, "eyes_saturation": 1, "eyes_hue": 0, "skin_bump": 0}, "proportions": {"buttock_height_Z": 0.1505, "upperleg_top_girth": 0.4213, "wrist_girth": 0.0865, "body_height_Z": 1.0, "upperleg_length": 0.2037, "feet_length": 0.1439, "chest_depth_Y": 0.1766, "head_height_Z": 0.1303, "buttock_girth": 0.7039, "shoulders_width": 0.1719, "forearm_length": 0.1502, "elbow_girth": 0.1757, "lowerleg_length": 0.2254, "neck_girth": 0.2193, "chest_width_X": 0.1626, "feet_height_Z": 0.0417, "buttock_width_X": 0.2661, "hands_length": 0.1152, "head_width_X": 0.0792, "buttock_depth_Y": 0.1447, "lowerleg_bottom_girth": 0.1514, "hands_width": 0.0457, "upperleg_bottom_girth": 0.3016, "upperarm_length": 0.1847, "chest_girth": 0.6773, "feet_heel_width": 0.0344, "upperarm_axillary_girth": 0.2477, "waist_girth": 0.5301, "torso_height_Z": 0.2373, "feet_width": 0.0551, "neck_height_Z": 0.0226, "lowerleg_calf_girth": 0.2514, "head_length": 0.1109}, "metaproperties": {"last_character_mass": 0.5, "last_character_tone": 0.0, "character_age": 0.0, "character_tone": 0.0, "character_mass": 0.5, "last_character_age": 0.0}, "manuellab_vers": [1, 3, 0], "structural": {"Torso_BreastMass": 0.75, "Torso_Tone": 0.53, "Pelvis_SizeY": 0.02, "Arms_ForearmMass": 1.0, "Torso_Mass": 1.3, "Hands_FingersLength": 1.0, "Legs_UpperlegInCurve": 0.65, "Chin_Tone": 0.29, "Neck_Mass": 1.0, "Legs_KneeSize": 0.6, "Shoulders_Mass": 0.7, "Feet_Mass": 0.73, "Arms_UpperarmLength": 0.59, "Stomach_Volume": 0.51, "Arms_UpperarmSize": 0.56, "Stomach_LocalFat": 0.51, "Pelvis_GluteusMass": 1.15, "Feet_Size": 0.62, "Cheeks_Mass": 1.0, "Shoulders_Tone": 0.24, "Arms_ForearmSize": 0.59, "Torso_Length": 0.71, "Legs_LowerlegsTone": 0.32, "Legs_UpperlegSize": 0.44, "Arms_ForearmLength": 0.65, "Forehead_SizeZ": 0.62, "Arms_UpperarmMass": 1.03, "Hands_FingersInterDist": 0.38, "Hands_Mass": 0.64, "Waist_Size": 0.39, "Torso_SizeX": 0.56, "Arms_UpperarmTone": 0.38, "Legs_UpperlegLength": 0.65, "Legs_UpperlegsMass": 1.09, "Legs_UpperlegsTone": 0.23, "Shoulders_PosZ": 0.56, "Torso_ToracicCurve": 1.0, "Wrists_Size": 0.55, "Legs_LowerlegLength": 0.54, "Legs_LowerlegsMass": 1.0}}