{"materialproperties": {"skin_complexion": 0, "skin_saturation": 1, "skin_sss": 0, "skin_oil": 1, "skin_subderm": 0, "eyes_value": 1, "eyes_saturation": 1, "eyes_hue": 0, "skin_bump": 0}, "proportions": {"buttock_height_Z": 0.1663, "upperleg_top_girth": 0.4701, "wrist_girth": 0.0874, "body_height_Z": 1.0, "upperleg_length": 0.1713, "feet_length": 0.1432, "chest_depth_Y": 0.1966, "head_height_Z": 0.1345, "buttock_girth": 0.868, "shoulders_width": 0.193, "forearm_length": 0.1427, "elbow_girth": 0.1816, "lowerleg_length": 0.229, "neck_girth": 0.2605, "chest_width_X": 0.2027, "feet_height_Z": 0.0411, "buttock_width_X": 0.277, "hands_length": 0.1096, "head_width_X": 0.0824, "buttock_depth_Y": 0.2233, "lowerleg_bottom_girth": 0.1627, "hands_width": 0.0499, "upperleg_bottom_girth": 0.3078, "upperarm_length": 0.194, "chest_girth": 0.7561, "feet_heel_width": 0.0349, "upperarm_axillary_girth": 0.2993, "waist_girth": 0.8082, "torso_height_Z": 0.2683, "feet_width": 0.0557, "neck_height_Z": 0.0033, "lowerleg_calf_girth": 0.2676, "head_length": 0.1153}, "metaproperties": {"last_character_mass": 0.5, "last_character_tone": -1.0, "character_age": 0.0, "character_tone": -1.0, "character_mass": 0.5, "last_character_age": 0.0}, "manuellab_vers": [1, 3, 0], "structural": {"Legs_LowerlegsMass": 1.0, "Torso_Tone": -0.5, "Arms_ForearmMass": 1.0, "Torso_Mass": 1.0, "Torso_BreastMass": 0.75, "Pelvis_GluteusTone": -0.5, "Neck_Tone": -0.5, "Torso_Vshape": 0.89, "Neck_Mass": 1.0, "Legs_KneeSize": 0.6, "Shoulders_Mass": 1.03, "Torso_BreastTone": 0.7, "Feet_Mass": 1.0, "Arms_UpperarmMass": 1.15, "Stomach_Volume": 0.51, "Stomach_LocalFat": 0.51, "Pelvis_GluteusMass": 1.0, "Cheeks_Mass": 1.0, "Pelvis_SizeX": 0.11, "Shoulders_Tone": -0.5, "Arms_ForearmTone": -0.5, "Torso_Dorsi": 0.71, "Hands_Mass": 1.0, "Waist_Size": 0.59, "Arms_UpperarmTone": -0.5, "Legs_UpperlegsMass": 0.73, "Legs_UpperlegsTone": -0.5, "Shoulders_PosZ": 0.89, "Wrists_Size": 0.5, "Legs_LowerlegsTone": -0.5}}