{"materialproperties": {"skin_complexion": 0, "skin_saturation": 1, "skin_sss": 0, "skin_oil": 1, "skin_subderm": 0, "eyes_value": 1, "eyes_saturation": 1, "eyes_hue": 0, "skin_bump": 0}, "proportions": {"buttock_height_Z": 0.1616, "upperleg_top_girth": 0.449, "wrist_girth": 0.086, "body_height_Z": 1.0, "upperleg_length": 0.1765, "feet_length": 0.1387, "chest_depth_Y": 0.2013, "head_height_Z": 0.1303, "buttock_girth": 0.879, "shoulders_width": 0.1649, "forearm_length": 0.1383, "elbow_girth": 0.1738, "lowerleg_length": 0.2346, "neck_girth": 0.2527, "chest_width_X": 0.1786, "feet_height_Z": 0.0398, "buttock_width_X": 0.2978, "hands_length": 0.1063, "head_width_X": 0.0798, "buttock_depth_Y": 0.2167, "lowerleg_bottom_girth": 0.1566, "hands_width": 0.0483, "upperleg_bottom_girth": 0.3022, "upperarm_length": 0.1857, "chest_girth": 0.7271, "feet_heel_width": 0.0339, "upperarm_axillary_girth": 0.2891, "waist_girth": 0.7878, "torso_height_Z": 0.2494, "feet_width": 0.0539, "neck_height_Z": 0.0208, "lowerleg_calf_girth": 0.2545, "head_length": 0.1117}, "metaproperties": {"last_character_mass": 1.0, "last_character_tone": -1.0, "character_age": 0.0, "character_tone": -1.0, "character_mass": 1.0, "last_character_age": 0.0}, "manuellab_vers": [1, 3, 0], "structural": {"Legs_LowerlegsMass": 1.5, "Torso_Tone": -0.5, "Legs_KneeSize": 0.49, "Torso_Mass": 1.5, "Legs_UpperlegLength": 0.59, "Pelvis_GluteusTone": -0.5, "Neck_Tone": -0.5, "Torso_Vshape": 0.35, "Neck_Mass": 1.5, "Neck_Collarbone": 0.59, "Shoulders_Mass": 1.5, "Torso_BreastTone": 0.7, "Feet_Mass": 1.5, "Arms_UpperarmMass": 1.5, "Stomach_Volume": 0.52, "Arms_UpperarmSize": 0.44, "Arms_ForearmMass": 1.5, "Stomach_LocalFat": 0.52, "Pelvis_GluteusMass": 1.5, "Legs_LowerlegSize": 0.38, "Cheeks_Mass": 1.5, "Shoulders_Tone": -0.5, "Arms_ForearmSize": 0.38, "Legs_UpperlegSize": 0.32, "Neck_Length": 0.68, "Arms_ForearmTone": -0.5, "Hands_Mass": 1.5, "Waist_Size": 0.57, "Arms_UpperarmTone": -0.5, "Torso_BreastMass": 1.0, "Legs_UpperlegsMass": 1.5, "Legs_UpperlegsTone": -0.5, "Wrists_Size": 0.55, "Legs_LowerlegLength": 0.59, "Legs_LowerlegsTone": -0.5}}