{"materialproperties": {"skin_complexion": 0, "skin_saturation": 1, "skin_sss": 1, "skin_oil": 1, "skin_subderm": 0, "eyes_value": 1, "eyes_saturation": 1, "eyes_hue": 0, "skin_bump": 0}, "proportions": {"buttock_height_Z": 0.15, "upperleg_top_girth": 0.4362, "wrist_girth": 0.0915, "body_height_Z": 1.0, "upperleg_length": 0.1901, "feet_length": 0.1491, "chest_depth_Y": 0.1928, "head_height_Z": 0.141, "buttock_girth": 0.7764, "shoulders_width": 0.1705, "forearm_length": 0.1555, "elbow_girth": 0.178, "lowerleg_length": 0.2309, "neck_girth": 0.2339, "chest_width_X": 0.1731, "feet_height_Z": 0.0439, "buttock_width_X": 0.2728, "hands_length": 0.1195, "head_width_X": 0.0848, "buttock_depth_Y": 0.1862, "lowerleg_bottom_girth": 0.1441, "hands_width": 0.0492, "upperleg_bottom_girth": 0.3003, "upperarm_length": 0.1954, "chest_girth": 0.7186, "feet_heel_width": 0.036, "upperarm_axillary_girth": 0.2917, "waist_girth": 0.6894, "torso_height_Z": 0.2352, "feet_width": 0.0579, "neck_height_Z": 0.0224, "lowerleg_calf_girth": 0.2513, "head_length": 0.1188}, "metaproperties": {"last_character_mass": 1.0, "last_character_tone": 0.0, "character_age": 0.0, "character_tone": 0.0, "character_mass": 1.0, "last_character_age": 0.0}, "manuellab_vers": [1, 3, 0], "structural": {"Neck_Size": 0.35, "Torso_Tone": 0.38, "Arms_ForearmMass": 1.5, "Torso_Mass": 1.44, "Hands_FingersLength": 1.0, "Chin_Tone": 0.29, "Neck_Tone": 0.35, "Torso_Vshape": 0.38, "Neck_Mass": 1.32, "Legs_KneeSize": 0.7, "Shoulders_Mass": 1.08, "Feet_Mass": 1.23, "Neck_Angle": 0.29, "Arms_UpperarmLength": 0.59, "Stomach_Volume": 0.61, "Arms_UpperarmSize": 0.47, "Stomach_LocalFat": 0.52, "Pelvis_GluteusMass": 1.5, "Feet_Size": 0.62, "Cheeks_Mass": 1.5, "Arms_ForearmSize": 0.44, "Pelvis_SizeX": 0.62, "Neck_Length": 0.41, "Shoulders_Tone": 0.24, "Arms_ForearmLength": 0.65, "Forehead_SizeZ": 0.62, "Arms_UpperarmMass": 1.38, "Torso_SizeY": 0.29, "Hands_FingersInterDist": 0.38, "Hands_Mass": 1.14, "Waist_Size": 0.7, "Head_Size": 0.59, "Arms_UpperarmTone": 0.35, "Torso_BreastMass": 1.0, "Legs_UpperlegsMass": 1.5, "Legs_UpperlegsTone": 0.35, "Shoulders_PosZ": 0.14, "Torso_ToracicCurve": 1.0, "Wrists_Size": 0.6, "Legs_LowerlegsMass": 1.5}}