{"materialproperties": {"skin_complexion": 0, "skin_saturation": 1, "skin_sss": 0, "skin_oil": 1, "skin_subderm": 0, "eyes_value": 1, "eyes_saturation": 1, "eyes_hue": 0, "skin_bump": 0}, "proportions": {"buttock_height_Z": 0.154, "upperleg_top_girth": 0.4219, "wrist_girth": 0.0903, "body_height_Z": 1.0, "upperleg_length": 0.1887, "feet_length": 0.1432, "chest_depth_Y": 0.1876, "head_height_Z": 0.1314, "buttock_girth": 0.6875, "shoulders_width": 0.1893, "forearm_length": 0.1475, "elbow_girth": 0.1814, "lowerleg_length": 0.2359, "neck_girth": 0.2285, "chest_width_X": 0.1839, "feet_height_Z": 0.0421, "buttock_width_X": 0.2278, "hands_length": 0.1097, "head_width_X": 0.0824, "buttock_depth_Y": 0.171, "lowerleg_bottom_girth": 0.1414, "hands_width": 0.0499, "upperleg_bottom_girth": 0.2862, "upperarm_length": 0.1861, "chest_girth": 0.7314, "feet_heel_width": 0.0346, "upperarm_axillary_girth": 0.2746, "waist_girth": 0.5796, "torso_height_Z": 0.2349, "feet_width": 0.0557, "neck_height_Z": 0.0246, "lowerleg_calf_girth": 0.2518, "head_length": 0.1153}, "metaproperties": {"last_character_mass": 0.5, "last_character_tone": 0.0, "character_age": 0.0, "character_tone": 0.0, "character_mass": 0.5, "last_character_age": 0.0}, "manuellab_vers": [1, 3, 0], "structural": {"Stomach_LocalFat": 0.51, "Pelvis_GluteusMass": 1.0, "Feet_Mass": 1.0, "Cheeks_Mass": 1.0, "Arms_ForearmMass": 1.0, "Torso_Mass": 1.0, "Pelvis_SizeX": 0.11, "Torso_BreastMass": 0.75, "Arms_UpperarmMass": 1.0, "Stomach_Volume": 0.51, "Hands_Mass": 1.0, "Torso_Vshape": 0.89, "Neck_Mass": 1.0, "Legs_KneeSize": 0.6, "Shoulders_Mass": 1.0, "Legs_UpperlegsMass": 1.0, "Waist_Size": 0.6, "Legs_LowerlegsMass": 1.0, "Wrists_Size": 0.55}}