{"materialproperties": {"skin_complexion": 0, "skin_saturation": 1, "skin_sss": 0, "skin_oil": 1, "skin_subderm": 0, "eyes_value": 1, "eyes_saturation": 1, "eyes_hue": 0, "skin_bump": 0}, "proportions": {"buttock_height_Z": 0.1484, "upperleg_top_girth": 0.2799, "wrist_girth": 0.0857, "body_height_Z": 1.0, "upperleg_length": 0.1858, "feet_length": 0.1432, "chest_depth_Y": 0.1504, "head_height_Z": 0.1314, "buttock_girth": 0.6086, "shoulders_width": 0.19, "forearm_length": 0.1441, "elbow_girth": 0.1653, "lowerleg_length": 0.2394, "neck_girth": 0.1982, "chest_width_X": 0.1805, "feet_height_Z": 0.0421, "buttock_width_X": 0.1846, "hands_length": 0.1096, "head_width_X": 0.0824, "buttock_depth_Y": 0.16, "lowerleg_bottom_girth": 0.1375, "hands_width": 0.0472, "upperleg_bottom_girth": 0.1797, "upperarm_length": 0.1885, "chest_girth": 0.616, "feet_heel_width": 0.0336, "upperarm_axillary_girth": 0.2425, "waist_girth": 0.5357, "torso_height_Z": 0.249, "feet_width": 0.0542, "neck_height_Z": 0.0143, "lowerleg_calf_girth": 0.2166, "head_length": 0.1153}, "metaproperties": {"last_character_mass": 0.0, "last_character_tone": -0.5, "character_age": 0.0, "character_tone": -0.5, "character_mass": 0.0, "last_character_age": 0.0}, "manuellab_vers": [1, 3, 0], "structural": {"Torso_Tone": 0.0, "Neck_Tone": 0.0, "Pelvis_SizeX": 0.11, "Arms_UpperarmTone": 0.0, "Torso_Dorsi": 0.71, "Arms_UpperarmMass": 0.65, "Pelvis_GluteusTone": 0.0, "Legs_UpperlegsMass": 0.23, "Arms_ForearmTone": 0.0, "Torso_Vshape": 0.89, "Shoulders_Tone": 0.0, "Shoulders_Mass": 0.53, "Torso_BreastTone": 0.6, "Waist_Size": 0.495, "Legs_UpperlegsTone": 0.0, "Shoulders_PosZ": 0.89, "Wrists_Size": 0.475, "Legs_LowerlegsTone": 0.0}}