{"materialproperties": {"skin_complexion": 0, "skin_saturation": 1, "skin_sss": 0, "skin_oil": 1, "skin_subderm": 0, "eyes_value": 1, "eyes_saturation": 1, "eyes_hue": 0, "skin_bump": 0}, "proportions": {"buttock_height_Z": 0.1451, "upperleg_top_girth": 0.3759, "wrist_girth": 0.0826, "body_height_Z": 1.0, "upperleg_length": 0.1984, "feet_length": 0.1377, "chest_depth_Y": 0.1614, "head_height_Z": 0.1293, "buttock_girth": 0.6941, "shoulders_width": 0.169, "forearm_length": 0.1399, "elbow_girth": 0.1526, "lowerleg_length": 0.2448, "neck_girth": 0.1913, "chest_width_X": 0.1558, "feet_height_Z": 0.0404, "buttock_width_X": 0.2427, "hands_length": 0.1053, "head_width_X": 0.0811, "buttock_depth_Y": 0.1647, "lowerleg_bottom_girth": 0.1329, "hands_width": 0.0455, "upperleg_bottom_girth": 0.2457, "upperarm_length": 0.1983, "chest_girth": 0.6163, "feet_heel_width": 0.0323, "upperarm_axillary_girth": 0.2022, "waist_girth": 0.5083, "torso_height_Z": 0.2285, "feet_width": 0.0521, "neck_height_Z": 0.0245, "lowerleg_calf_girth": 0.2105, "head_length": 0.1135}, "metaproperties": {"last_character_mass": 0.0, "last_character_tone": -0.5, "character_age": 0.0, "character_tone": -0.5, "character_mass": 0.0, "last_character_age": 0.0}, "manuellab_vers": [1, 3, 0], "structural": {"Arms_ForearmTone": 0.0, "Body_Size": 0.46, "Torso_BreastMass": 0.77, "Pelvis_GluteusTone": 0.15, "Neck_Tone": 0.0, "Torso_Tone": 0.0, "Legs_LowerlegsTone": 0.0, "Shoulders_Mass": 0.38, "Torso_BreastTone": 0.84, "Arms_UpperarmLength": 0.737, "Arms_UpperarmTone": 0.0, "Pelvis_GluteusMass": 0.59, "Pelvis_SizeX": 0.55, "Legs_UpperlegSize": 0.65, "Arms_ForearmLength": 0.53, "Wrists_Size": 0.475, "Torso_Dorsi": 0.8, "Shoulders_Tone": 0.09, "Waist_Size": 0.255, "Head_Size": 0.56, "Legs_UpperlegLength": 0.65, "Legs_UpperlegsTone": 0.0, "Shoulders_PosZ": 0.59, "Pelvis_GluteusSize": 0.57, "Legs_LowerlegLength": 0.62}}