{"materialproperties": {"skin_complexion": 0, "skin_saturation": 1, "skin_sss": 0, "skin_oil": 1, "skin_subderm": 0, "eyes_value": 1, "eyes_saturation": 1, "eyes_hue": 0, "skin_bump": 0}, "proportions": {"buttock_height_Z": 0.1611, "upperleg_top_girth": 0.4906, "wrist_girth": 0.0852, "body_height_Z": 1.0, "upperleg_length": 0.1814, "feet_length": 0.1376, "chest_depth_Y": 0.1991, "head_height_Z": 0.1323, "buttock_girth": 0.8989, "shoulders_width": 0.1724, "forearm_length": 0.1386, "elbow_girth": 0.1761, "lowerleg_length": 0.2379, "neck_girth": 0.2531, "chest_width_X": 0.1789, "feet_height_Z": 0.0394, "buttock_width_X": 0.3044, "hands_length": 0.1054, "head_width_X": 0.0811, "buttock_depth_Y": 0.2196, "lowerleg_bottom_girth": 0.1578, "hands_width": 0.0481, "upperleg_bottom_girth": 0.3168, "upperarm_length": 0.2049, "chest_girth": 0.7359, "feet_heel_width": 0.0336, "upperarm_axillary_girth": 0.2809, "waist_girth": 0.7735, "torso_height_Z": 0.2492, "feet_width": 0.0536, "neck_height_Z": 0.0119, "lowerleg_calf_girth": 0.2603, "head_length": 0.1135}, "metaproperties": {"last_character_mass": 0.5, "last_character_tone": -0.5, "character_age": 0.0, "character_tone": -0.5, "character_mass": 0.5, "last_character_age": 0.0}, "manuellab_vers": [1, 3, 0], "structural": {"Legs_LowerlegsMass": 1.0, "Torso_Tone": 0.0, "Body_Size": 0.46, "Arms_ForearmMass": 1.0, "Torso_Mass": 1.0, "Legs_UpperlegLength": 0.65, "Pelvis_GluteusTone": 0.15, "Neck_Tone": 0.0, "Wrists_Size": 0.525, "Neck_Mass": 1.0, "Legs_KneeSize": 0.6, "Shoulders_Mass": 0.88, "Torso_BreastTone": 0.84, "Feet_Mass": 1.0, "Arms_UpperarmMass": 1.0, "Arms_UpperarmLength": 0.737, "Stomach_Volume": 0.51, "Arms_UpperarmTone": 0.0, "Stomach_LocalFat": 0.51, "Pelvis_GluteusMass": 1.09, "Cheeks_Mass": 1.0, "Shoulders_Tone": 0.09, "Pelvis_SizeX": 0.55, "Legs_UpperlegSize": 0.65, "Arms_ForearmLength": 0.53, "Arms_ForearmTone": 0.0, "Torso_Dorsi": 0.8, "Hands_Mass": 1.0, "Waist_Size": 0.355, "Head_Size": 0.56, "Torso_BreastMass": 1.02, "Legs_UpperlegsMass": 1.0, "Legs_UpperlegsTone": 0.0, "Shoulders_PosZ": 0.59, "Pelvis_GluteusSize": 0.57, "Legs_LowerlegLength": 0.62, "Legs_LowerlegsTone": 0.0}}