{"materialproperties": {"skin_complexion": 0, "skin_saturation": 1, "skin_sss": 0, "skin_oil": 1, "skin_subderm": 0, "eyes_value": 1, "eyes_saturation": 1, "eyes_hue": 0, "skin_bump": 0}, "proportions": {"buttock_height_Z": 0.1279, "upperleg_top_girth": 0.2299, "wrist_girth": 0.0785, "body_height_Z": 1.0, "upperleg_length": 0.2148, "feet_length": 0.1435, "chest_depth_Y": 0.0868, "head_height_Z": 0.127, "buttock_girth": 0.4365, "shoulders_width": 0.1663, "forearm_length": 0.1484, "elbow_girth": 0.1194, "lowerleg_length": 0.238, "neck_girth": 0.1255, "chest_width_X": 0.1335, "feet_height_Z": 0.0432, "buttock_width_X": 0.1731, "hands_length": 0.1147, "head_width_X": 0.079, "buttock_depth_Y": 0.0771, "lowerleg_bottom_girth": 0.1133, "hands_width": 0.0436, "upperleg_bottom_girth": 0.1702, "upperarm_length": 0.1807, "chest_girth": 0.3968, "feet_heel_width": 0.0333, "upperarm_axillary_girth": 0.1523, "waist_girth": 0.2633, "torso_height_Z": 0.2118, "feet_width": 0.0543, "neck_height_Z": 0.0469, "lowerleg_calf_girth": 0.1636, "head_length": 0.1106}, "metaproperties": {"last_character_mass": -1.0, "last_character_tone": -0.5, "character_age": 0.0, "character_tone": -0.5, "character_mass": -1.0, "last_character_age": 0.0}, "manuellab_vers": [1, 3, 0], "structural": {"Feet_Mass": -0.77, "Torso_Tone": 0.18, "Torso_BreastMass": 0.0, "Pelvis_GluteusTone": 0.0, "Hands_Mass": -0.86, "Neck_Tone": -0.15, "Legs_LowerlegsMass": -0.83, "Feet_Size": 0.62, "Shoulders_Mass": -0.92, "Arms_UpperarmLength": 0.59, "Neck_Size": 0.35, "Stomach_Volume": 0.48, "Arms_ForearmLength": 0.65, "Forehead_SizeZ": 0.62, "Torso_SizeY": 0.29, "Shoulders_Tone": -0.26, "Waist_Size": 0.275, "Arms_UpperarmTone": -0.15, "Legs_UpperlegsMass": -0.77, "Legs_UpperlegInCurve": 0.74, "Stomach_LocalFat": 0.45, "Pelvis_SizeY": 0.02, "Arms_ForearmMass": -0.5, "Torso_Mass": -0.47, "Hands_FingersLength": 1.0, "Arms_ForearmTone": 0.0, "Chin_Tone": 0.29, "Neck_Mass": -0.77, "Torso_BreastTone": 0.6, "Cheeks_Mass": -0.5, "Neck_Angle": 0.29, "Torso_Length": 0.71, "Legs_UpperlegsTone": -0.27, "Arms_UpperarmSize": 0.17, "Pelvis_GluteusMass": -0.5, "Arms_ForearmSize": 0.2, "Legs_UpperlegSize": 0.44, "Neck_Length": 0.56, "Arms_UpperarmMass": -0.62, "Hands_FingersInterDist": 0.38, "Legs_UpperlegLength": 0.65, "Shoulders_PosZ": 0.14, "Torso_ToracicCurve": 1.0, "Wrists_Size": 0.425, "Legs_LowerlegLength": 0.54, "Legs_LowerlegsTone": -0.18}}