{"materialproperties": {"skin_complexion": 0, "skin_saturation": 1, "skin_sss": 0, "skin_oil": 1, "skin_subderm": 0, "eyes_value": 1, "eyes_saturation": 1, "eyes_hue": 0, "skin_bump": 0}, "proportions": {"buttock_height_Z": 0.1493, "upperleg_top_girth": 0.3937, "wrist_girth": 0.0871, "body_height_Z": 1.0, "upperleg_length": 0.1934, "feet_length": 0.1387, "chest_depth_Y": 0.1808, "head_height_Z": 0.1273, "buttock_girth": 0.7015, "shoulders_width": 0.1614, "forearm_length": 0.1429, "elbow_girth": 0.1736, "lowerleg_length": 0.2415, "neck_girth": 0.2215, "chest_width_X": 0.1621, "feet_height_Z": 0.0408, "buttock_width_X": 0.2468, "hands_length": 0.1063, "head_width_X": 0.0798, "buttock_depth_Y": 0.1655, "lowerleg_bottom_girth": 0.136, "hands_width": 0.0483, "upperleg_bottom_girth": 0.2728, "upperarm_length": 0.1779, "chest_girth": 0.6833, "feet_heel_width": 0.0336, "upperarm_axillary_girth": 0.265, "waist_girth": 0.5526, "torso_height_Z": 0.2277, "feet_width": 0.0539, "neck_height_Z": 0.031, "lowerleg_calf_girth": 0.2387, "head_length": 0.1117}, "metaproperties": {"last_character_mass": 0.5, "last_character_tone": 0.0, "character_age": 0.0, "character_tone": 0.0, "character_mass": 0.5, "last_character_age": 0.0}, "manuellab_vers": [1, 3, 0], "structural": {"Legs_LowerlegsMass": 1.0, "Torso_Tone": 0.5, "Legs_KneeSize": 0.39, "Torso_Mass": 1.0, "Legs_UpperlegLength": 0.59, "Pelvis_GluteusTone": 0.5, "Neck_Tone": 0.5, "Torso_Vshape": 0.35, "Neck_Mass": 1.0, "Neck_Collarbone": 0.59, "Shoulders_Mass": 1.0, "Torso_BreastTone": 0.5, "Feet_Mass": 1.0, "Arms_UpperarmMass": 1.0, "Stomach_Volume": 0.51, "Arms_UpperarmSize": 0.44, "Arms_ForearmMass": 1.0, "Stomach_LocalFat": 0.51, "Pelvis_GluteusMass": 1.0, "Legs_LowerlegSize": 0.38, "Cheeks_Mass": 1.0, "Shoulders_Tone": 0.5, "Arms_ForearmSize": 0.38, "Legs_UpperlegSize": 0.32, "Neck_Length": 0.68, "Arms_ForearmTone": 0.5, "Hands_Mass": 1.0, "Waist_Size": 0.48, "Arms_UpperarmTone": 0.5, "Torso_BreastMass": 0.75, "Legs_UpperlegsMass": 1.0, "Legs_UpperlegsTone": 0.5, "Wrists_Size": 0.55, "Legs_LowerlegLength": 0.59, "Legs_LowerlegsTone": 0.5}}