{"materialproperties": {"skin_complexion": 0, "skin_saturation": 1, "skin_sss": 0, "skin_oil": 1, "skin_subderm": 0, "eyes_value": 1, "eyes_saturation": 1, "eyes_hue": 0, "skin_bump": 0}, "proportions": {"buttock_height_Z": 0.1591, "upperleg_top_girth": 0.4366, "wrist_girth": 0.0818, "body_height_Z": 1.0, "upperleg_length": 0.1786, "feet_length": 0.143, "chest_depth_Y": 0.1821, "head_height_Z": 0.1363, "buttock_girth": 0.8484, "shoulders_width": 0.1634, "forearm_length": 0.1452, "elbow_girth": 0.1618, "lowerleg_length": 0.2245, "neck_girth": 0.2333, "chest_width_X": 0.1779, "feet_height_Z": 0.0415, "buttock_width_X": 0.2904, "hands_length": 0.1144, "head_width_X": 0.0814, "buttock_depth_Y": 0.1979, "lowerleg_bottom_girth": 0.1489, "hands_width": 0.0454, "upperleg_bottom_girth": 0.2925, "upperarm_length": 0.1898, "chest_girth": 0.6794, "feet_heel_width": 0.0342, "upperarm_axillary_girth": 0.2625, "waist_girth": 0.7782, "torso_height_Z": 0.2443, "feet_width": 0.0548, "neck_height_Z": 0.0285, "lowerleg_calf_girth": 0.2369, "head_length": 0.1139}, "metaproperties": {"last_character_mass": 0.5, "last_character_tone": -1.0, "character_age": 0.0, "character_tone": -1.0, "character_mass": 0.5, "last_character_age": 0.0}, "manuellab_vers": [1, 3, 0], "structural": {"Feet_Mass": 0.73, "Torso_Tone": -0.62, "Feet_Size": 0.62, "Torso_BreastMass": 0.75, "Pelvis_GluteusTone": -0.5, "Hands_Mass": 0.64, "Neck_Tone": -0.65, "Legs_LowerlegsMass": 0.67, "Legs_KneeSize": 0.6, "Shoulders_Mass": 0.58, "Arms_UpperarmLength": 0.59, "Neck_Size": 0.35, "Stomach_Volume": 0.6, "Arms_ForearmLength": 0.65, "Forehead_SizeZ": 0.62, "Torso_SizeY": 0.29, "Shoulders_Tone": -0.76, "Waist_Size": 0.59, "Arms_UpperarmTone": -0.65, "Legs_UpperlegsMass": 0.73, "Legs_UpperlegsTone": -0.77, "Stomach_LocalFat": 0.51, "Pelvis_SizeY": 0.02, "Arms_ForearmMass": 1.0, "Torso_Mass": 0.94, "Hands_FingersLength": 1.0, "Arms_ForearmTone": -0.5, "Chin_Tone": 0.29, "Torso_Vshape": 0.38, "Neck_Mass": 0.73, "Torso_BreastTone": 0.7, "Cheeks_Mass": 1.0, "Neck_Angle": 0.29, "Torso_Length": 0.71, "Legs_UpperlegInCurve": 0.74, "Arms_UpperarmSize": 0.17, "Pelvis_GluteusMass": 1.0, "Arms_ForearmSize": 0.2, "Legs_UpperlegSize": 0.44, "Neck_Length": 0.56, "Arms_UpperarmMass": 0.88, "Hands_FingersInterDist": 0.38, "Head_Size": 0.59, "Legs_UpperlegLength": 0.65, "Shoulders_PosZ": 0.14, "Torso_ToracicCurve": 1.0, "Wrists_Size": 0.5, "Legs_LowerlegLength": 0.54, "Legs_LowerlegsTone": -0.68}}