{"materialproperties": {"skin_complexion": 0, "skin_saturation": 1, "skin_sss": 0, "skin_oil": 1, "skin_subderm": 0, "eyes_value": 1, "eyes_saturation": 1, "eyes_hue": 0, "skin_bump": 0}, "proportions": {"buttock_height_Z": 0.1692, "upperleg_top_girth": 0.4858, "wrist_girth": 0.0917, "body_height_Z": 1.0, "upperleg_length": 0.1633, "feet_length": 0.1451, "chest_depth_Y": 0.2119, "head_height_Z": 0.1407, "buttock_girth": 0.9204, "shoulders_width": 0.1897, "forearm_length": 0.1446, "elbow_girth": 0.194, "lowerleg_length": 0.2266, "neck_girth": 0.265, "chest_width_X": 0.1975, "feet_height_Z": 0.0416, "buttock_width_X": 0.3115, "hands_length": 0.1112, "head_width_X": 0.0863, "buttock_depth_Y": 0.2269, "lowerleg_bottom_girth": 0.165, "hands_width": 0.0505, "upperleg_bottom_girth": 0.3212, "upperarm_length": 0.1955, "chest_girth": 0.7808, "feet_heel_width": 0.0354, "upperarm_axillary_girth": 0.3083, "waist_girth": 0.8463, "torso_height_Z": 0.2676, "feet_width": 0.0564, "neck_height_Z": 0.0069, "lowerleg_calf_girth": 0.2711, "head_length": 0.1209}, "metaproperties": {"last_character_mass": 1.0, "last_character_tone": -1.0, "character_age": 0.0, "character_tone": -1.0, "character_mass": 1.0, "last_character_age": 0.0}, "manuellab_vers": [1, 3, 0], "structural": {"Legs_LowerlegsMass": 1.89, "Torso_Tone": -0.47, "Arms_ForearmMass": 1.5, "Torso_Mass": 1.74, "Legs_UpperlegLength": 0.32, "Pelvis_GluteusTone": -0.5, "Neck_Tone": -0.5, "Torso_Vshape": 0.62, "Neck_Mass": 1.5, "Legs_KneeSize": 0.7, "Shoulders_Mass": 1.62, "Torso_BreastTone": 0.7, "Feet_Mass": 1.5, "Arms_UpperarmMass": 1.5, "Stomach_Volume": 0.52, "Arms_UpperarmSize": 0.71, "Stomach_LocalFat": 0.52, "Pelvis_GluteusMass": 1.71, "Cheeks_Mass": 1.5, "Arms_ForearmSize": 0.71, "Legs_LowerlegsTone": -0.05, "Shoulders_Tone": -0.38, "Arms_ForearmTone": -0.5, "Shoulders_Size": 0.56, "Hands_Mass": 1.5, "Waist_Size": 0.69, "Torso_SizeX": 0.59, "Arms_UpperarmTone": -0.5, "Torso_BreastMass": 1.0, "Legs_UpperlegsMass": 1.68, "Legs_UpperlegsTone": -0.65, "Shoulders_PosZ": 0.74, "Wrists_Size": 0.55, "Legs_LowerlegLength": 0.39, "Head_Size": 0.59}}