{"materialproperties": {"skin_complexion": 0, "skin_saturation": 1, "skin_sss": 0, "skin_oil": 1, "skin_subderm": 0, "eyes_value": 1, "eyes_saturation": 1, "eyes_hue": 0, "skin_bump": 0}, "proportions": {"buttock_height_Z": 0.1326, "upperleg_top_girth": 0.2539, "wrist_girth": 0.0805, "body_height_Z": 1.0, "upperleg_length": 0.2119, "feet_length": 0.1387, "chest_depth_Y": 0.0943, "head_height_Z": 0.1243, "buttock_girth": 0.4851, "shoulders_width": 0.159, "forearm_length": 0.1408, "elbow_girth": 0.1302, "lowerleg_length": 0.2486, "neck_girth": 0.1494, "chest_width_X": 0.134, "feet_height_Z": 0.0418, "buttock_width_X": 0.1803, "hands_length": 0.1061, "head_width_X": 0.0798, "buttock_depth_Y": 0.1039, "lowerleg_bottom_girth": 0.1092, "hands_width": 0.0445, "upperleg_bottom_girth": 0.1783, "upperarm_length": 0.1739, "chest_girth": 0.4079, "feet_heel_width": 0.0322, "upperarm_axillary_girth": 0.1593, "waist_girth": 0.3034, "torso_height_Z": 0.208, "feet_width": 0.0525, "neck_height_Z": 0.043, "lowerleg_calf_girth": 0.1747, "head_length": 0.1117}, "metaproperties": {"last_character_mass": -1.0, "last_character_tone": 0.0, "character_age": 0.0, "character_tone": 0.0, "character_mass": -1.0, "last_character_age": 0.0}, "manuellab_vers": [1, 3, 0], "structural": {"Legs_LowerlegsMass": -0.5, "Torso_Tone": 0.5, "Legs_KneeSize": 0.29, "Torso_Mass": -0.5, "Legs_UpperlegLength": 0.59, "Pelvis_GluteusTone": 0.5, "Neck_Tone": 0.5, "Torso_Vshape": 0.35, "Neck_Mass": -0.5, "Neck_Collarbone": 0.59, "Shoulders_Mass": -0.5, "Torso_BreastTone": 0.5, "Feet_Mass": -0.5, "Arms_UpperarmMass": -0.5, "Stomach_Volume": 0.48, "Arms_UpperarmSize": 0.44, "Arms_ForearmMass": -0.5, "Stomach_LocalFat": 0.45, "Pelvis_GluteusMass": -0.5, "Legs_LowerlegSize": 0.38, "Cheeks_Mass": -0.5, "Shoulders_Tone": 0.5, "Arms_ForearmSize": 0.38, "Legs_UpperlegSize": 0.32, "Neck_Length": 0.68, "Arms_ForearmTone": 0.5, "Hands_Mass": -0.5, "Waist_Size": 0.37, "Arms_UpperarmTone": 0.5, "Torso_BreastMass": -0.0, "Legs_UpperlegsMass": -0.5, "Legs_UpperlegsTone": 0.5, "Wrists_Size": 0.45, "Legs_LowerlegLength": 0.59, "Legs_LowerlegsTone": 0.5}}