{"materialproperties": {"skin_complexion": 0, "skin_saturation": 1, "skin_sss": 0, "skin_oil": 1, "skin_subderm": 0, "eyes_value": 1, "eyes_saturation": 1, "eyes_hue": 0, "skin_bump": 0}, "proportions": {"buttock_height_Z": 0.1694, "upperleg_top_girth": 0.4435, "wrist_girth": 0.0857, "body_height_Z": 1.0, "upperleg_length": 0.1529, "feet_length": 0.1414, "chest_depth_Y": 0.1906, "head_height_Z": 0.1402, "buttock_girth": 0.9381, "shoulders_width": 0.1712, "forearm_length": 0.1323, "elbow_girth": 0.1757, "lowerleg_length": 0.2478, "neck_girth": 0.2624, "chest_width_X": 0.1956, "feet_height_Z": 0.0414, "buttock_width_X": 0.3096, "hands_length": 0.1037, "head_width_X": 0.0859, "buttock_depth_Y": 0.2374, "lowerleg_bottom_girth": 0.1458, "hands_width": 0.0494, "upperleg_bottom_girth": 0.2824, "upperarm_length": 0.1927, "chest_girth": 0.7123, "feet_heel_width": 0.0338, "upperarm_axillary_girth": 0.2695, "waist_girth": 0.8353, "torso_height_Z": 0.2591, "feet_width": 0.0542, "neck_height_Z": 0.0071, "lowerleg_calf_girth": 0.2508, "head_length": 0.1203}, "metaproperties": {"last_character_mass": 0.0, "last_character_tone": -0.5, "character_age": 0.0, "character_tone": -0.5, "character_mass": 0.0, "last_character_age": 0.0}, "manuellab_vers": [1, 3, 0], "structural": {"Arms_ForearmTone": 0.09, "Pelvis_SizeY": 0.8, "Arms_ForearmMass": 0.62, "Torso_Mass": 0.8, "Hands_Size": 0.32, "Hands_FingersLength": 0.11, "Neck_Length": 0.08, "Pelvis_GluteusTone": 0.0, "Neck_Tone": -0.03, "Torso_Tone": -0.06, "Neck_Mass": 0.74, "Feet_Size": 0.29, "Shoulders_Tone": 0.0, "Torso_BreastTone": 0.6, "Feet_Mass": 0.74, "Arms_UpperarmLength": 0.44, "Arms_UpperarmTone": -0.06, "Pelvis_GluteusMass": 0.71, "Legs_LowerlegsMass": 0.8, "Pelvis_SizeX": 0.86, "Arms_ForearmLength": 0.2, "Arms_UpperarmMass": 0.65, "Hands_Mass": 1.0, "Waist_Size": 0.495, "Head_Size": 0.47, "Legs_UpperlegLength": 0.05, "Legs_UpperlegsMass": 0.62, "Torso_Vshape": 0.26, "Legs_UpperlegsTone": 0.03, "Shoulders_PosZ": 0.35, "Wrists_Size": 0.475, "Legs_LowerlegsTone": 0.24}}