{"materialproperties": {"skin_complexion": 0, "skin_saturation": 1, "skin_sss": 0, "skin_oil": 1, "skin_subderm": 0, "eyes_value": 1, "eyes_saturation": 1, "eyes_hue": 0, "skin_bump": 0}, "proportions": {"buttock_height_Z": 0.1361, "upperleg_top_girth": 0.2716, "wrist_girth": 0.0822, "body_height_Z": 1.0, "upperleg_length": 0.2078, "feet_length": 0.1432, "chest_depth_Y": 0.105, "head_height_Z": 0.1282, "buttock_girth": 0.5176, "shoulders_width": 0.1746, "forearm_length": 0.1453, "elbow_girth": 0.1363, "lowerleg_length": 0.2432, "neck_girth": 0.1396, "chest_width_X": 0.138, "feet_height_Z": 0.0431, "buttock_width_X": 0.1953, "hands_length": 0.1094, "head_width_X": 0.0824, "buttock_depth_Y": 0.1053, "lowerleg_bottom_girth": 0.1149, "hands_width": 0.0459, "upperleg_bottom_girth": 0.1794, "upperarm_length": 0.1872, "chest_girth": 0.4386, "feet_heel_width": 0.0332, "upperarm_axillary_girth": 0.1602, "waist_girth": 0.3174, "torso_height_Z": 0.2155, "feet_width": 0.0542, "neck_height_Z": 0.0374, "lowerleg_calf_girth": 0.1709, "head_length": 0.1153}, "metaproperties": {"last_character_mass": -1.0, "last_character_tone": -1.0, "character_age": 0.0, "character_tone": -1.0, "character_mass": -1.0, "last_character_age": 0.0}, "manuellab_vers": [1, 3, 0], "structural": {"Pelvis_GluteusSize": 0.74, "Torso_Tone": -0.5, "Arms_ForearmMass": -0.5, "Torso_Mass": -0.38, "Torso_BreastMass": 0.18, "Pelvis_GluteusTone": -0.5, "Neck_Tone": -0.5, "Neck_Mass": -0.5, "Shoulders_Mass": -0.5, "Torso_BreastTone": 0.7, "Feet_Mass": -0.5, "Arms_UpperarmMass": -0.5, "Legs_LowerlegsMass": -0.5, "Stomach_Volume": 0.48, "Stomach_LocalFat": 0.69, "Pelvis_GluteusMass": -0.5, "Cheeks_Mass": -0.5, "Shoulders_Length": 0.8, "Pelvis_SizeX": 0.59, "Shoulders_Tone": -0.5, "Arms_ForearmTone": -0.5, "Hands_Mass": -0.5, "Waist_Size": -0.02, "Arms_UpperarmTone": -0.5, "Legs_UpperlegsMass": -0.5, "Legs_UpperlegsTone": -0.5, "Wrists_Size": 0.4, "Legs_LowerlegsTone": -0.5}}