{"materialproperties": {"skin_complexion": 0, "skin_saturation": 1, "skin_sss": 1, "skin_oil": 1, "skin_subderm": 0, "eyes_value": 1, "eyes_saturation": 1, "eyes_hue": 0, "skin_bump": 0}, "proportions": {"buttock_height_Z": 0.1417, "upperleg_top_girth": 0.3305, "wrist_girth": 0.0869, "body_height_Z": 1.0, "upperleg_length": 0.2073, "feet_length": 0.1432, "chest_depth_Y": 0.1342, "head_height_Z": 0.1282, "buttock_girth": 0.5592, "shoulders_width": 0.1737, "forearm_length": 0.1475, "elbow_girth": 0.1519, "lowerleg_length": 0.2432, "neck_girth": 0.1761, "chest_width_X": 0.1439, "feet_height_Z": 0.0431, "buttock_width_X": 0.2024, "hands_length": 0.1096, "head_width_X": 0.0824, "buttock_depth_Y": 0.1203, "lowerleg_bottom_girth": 0.1161, "hands_width": 0.0472, "upperleg_bottom_girth": 0.2183, "upperarm_length": 0.1784, "chest_girth": 0.539, "feet_heel_width": 0.0332, "upperarm_axillary_girth": 0.2002, "waist_girth": 0.3628, "torso_height_Z": 0.2139, "feet_width": 0.0542, "neck_height_Z": 0.0341, "lowerleg_calf_girth": 0.2191, "head_length": 0.1153}, "metaproperties": {"last_character_mass": 0.0, "last_character_tone": 0.0, "character_age": 0.0, "character_tone": 0.0, "character_mass": 0.0, "last_character_age": 0.0}, "manuellab_vers": [1, 3, 0], "structural": {"Legs_LowerlegsMass": 0.59, "Torso_Tone": 0.8, "Legs_KneeSize": 0.5, "Torso_Mass": 0.5, "Torso_BreastMass": 0.5, "Legs_UpperlegInCurve": 0.26, "Pelvis_GluteusTone": 0.65, "Neck_Tone": 0.71, "Neck_Mass": 0.5, "Neck_Collarbone": 0.8, "Shoulders_Mass": 0.59, "Torso_BreastTone": 0.5, "Feet_Mass": 0.5, "Arms_UpperarmMass": 0.59, "Stomach_Volume": 0.5, "Arms_ForearmMass": 0.5, "Stomach_LocalFat": 0.5, "Pelvis_GluteusMass": 0.82, "Cheeks_Mass": 0.5, "Torso_Dorsi": 0.65, "Shoulders_Tone": 0.5, "Arms_ForearmTone": 0.77, "Torso_SizeY": 0.71, "Hands_Mass": 0.5, "Waist_Size": 0.41, "Arms_UpperarmTone": 0.68, "Legs_UpperlegsMass": 0.5, "Legs_UpperlegsTone": 0.71, "Shoulders_PosZ": 0.56, "Wrists_Size": 0.5, "Legs_LowerlegsTone": 0.8}}