{"proportion_index": [0.5653, 0.5304, 0.3922, 0.2236, 0.3381], "structural": {"Torso_BreastTone": 0.614, "Torso_BreastMass": 0.25, "Cheeks_Tone": 1.07, "Shoulders_Tone": 1.07, "Legs_LowerlegsTone": 1.07, "Abdomen_Tone": 1.07, "Arms_UpperarmTone": 1.07, "Legs_UpperlegsTone": 1.07, "Pelvis_GluteusTone": 1.07, "Legs_KneeSize": 0.614, "Arms_ForearmTone": 1.07, "Waist_Size": 0.614, "Wrists_Size": 0.557, "Torso_Tone": 1.07, "Neck_Tone": 1.07}, "manuellab_vers": [1, 6, 0], "metaproperties": {"last_character_age": 0.0, "character_tone": 0.57, "last_character_mass": 0.0, "character_mass": 0.0, "character_age": 0.0, "last_character_tone": 0.57}, "materialproperties": {}}