{"proportion_index": [0.7716, 0.6435, 0.6489, 0.2369, 0.4409], "structural": {"Feet_Mass": 0.89, "Arms_ForearmSize": 0.44, "Shoulders_Mass": 0.74, "Legs_LowerlegsTone": 0.59, "Waist_Size": 0.65, "Head_Size": 0.59, "Neck_Size": 0.35, "Arms_UpperarmMass": 1.04, "Pelvis_GluteusMass": 1.16, "Arms_UpperarmLength": 0.59, "Arms_UpperarmTone": 0.44, "Torso_Vshape": 0.38, "Pelvis_GluteusTone": 0.59, "Arms_UpperarmSize": 0.47, "Torso_Mass": 1.1, "Hands_FingersInterDist": 0.38, "Arms_ForearmTone": 0.59, "Wrists_Size": 0.575, "Hands_Mass": 0.8, "Neck_Tone": 0.44, "Legs_LowerlegsMass": 1.16, "Torso_BreastTone": 0.518, "Cheeks_Tone": 0.59, "Torso_BreastMass": 0.0, "Chin_Tone": 0.29, "Shoulders_Tone": 0.33, "Legs_UpperlegsMass": 1.16, "Neck_Angle": 0.29, "Abdomen_Tone": 0.59, "Legs_UpperlegsTone": 0.44, "Abdomen_Mass": 1.16, "Neck_Length": 0.41, "Forehead_SizeZ": 0.62, "Neck_Mass": 0.98, "Torso_Tone": 0.47, "Cheeks_Mass": 1.16, "Arms_ForearmLength": 0.65, "Hands_FingersLength": 1.0, "Stomach_LocalFat": 0.5132, "Legs_KneeSize": 0.65, "Stomach_Volume": 0.6032, "Shoulders_PosZ": 0.14, "Torso_SizeY": 0.29, "Torso_ToracicCurve": 1.0, "Arms_ForearmMass": 1.16, "Pelvis_SizeX": 0.62, "Feet_Size": 0.62}, "manuellab_vers": [1, 6, 0], "metaproperties": {"last_character_age": 0.0, "character_tone": 0.09, "last_character_mass": 0.66, "character_mass": 0.66, "character_age": 0.0, "last_character_tone": 0.09}, "materialproperties": {}}