{"proportion_index": [0.635, 0.5513, 0.3907, 0.2287, 0.3405], "structural": {"Torso_BreastTone": 0.59, "Cheeks_Tone": 0.95, "Neck_Length": 0.38, "Feet_Mass": 0.74, "Abdomen_Tone": 0.32, "Legs_UpperlegsTone": 0.95, "Neck_Mass": 0.83, "Hands_FingersLength": 0.11, "Legs_LowerlegsTone": 0.95, "Waist_Size": 0.59, "Head_Size": 0.47, "Torso_Tone": 0.68, "Hands_Size": 0.32, "Pelvis_SizeX": 0.86, "Pelvis_SizeY": 0.8, "Shoulders_Tone": 0.95, "Arms_UpperarmMass": 0.77, "Pelvis_GluteusMass": 0.71, "Arms_UpperarmTone": 0.86, "Torso_Vshape": 0.26, "Pelvis_GluteusTone": 0.95, "Legs_KneeSize": 0.59, "Shoulders_PosZ": 0.77, "Arms_ForearmTone": 0.86, "Feet_Size": 0.29, "Torso_Mass": 0.65, "Wrists_Size": 0.545, "Arms_ForearmMass": 0.77, "Hands_Mass": 1.0, "Neck_Tone": 0.95}, "manuellab_vers": [1, 6, 0], "metaproperties": {"last_character_age": 0.0, "character_tone": 0.45, "last_character_mass": 0.0, "character_mass": 0.0, "character_age": 0.0, "last_character_tone": 0.45}, "materialproperties": {}}