{"proportion_index": [0.5985, 0.6043, 0.4426, 0.2667, 0.3735], "structural": {"Torso_BreastTone": 0.7, "Cheeks_Tone": 1.5, "Shoulders_Tone": 1.5, "Legs_UpperlegsMass": 1.5, "Feet_Mass": 1.5, "Abdomen_Tone": 1.0, "Legs_UpperlegsTone": 1.5, "Neck_Mass": 1.5, "Legs_LowerlegsTone": 1.5, "Waist_Size": 0.9, "Shoulders_Mass": 1.5, "Torso_Tone": 1.5, "Cheeks_Mass": 1.5, "Torso_BreastMass": 0.25, "Arms_UpperarmMass": 1.5, "Pelvis_GluteusMass": 1.5, "Abdomen_Mass": 1.0, "Arms_UpperarmTone": 1.5, "Stomach_LocalFat": 0.52, "Pelvis_GluteusTone": 1.5, "Stomach_Volume": 0.52, "Legs_KneeSize": 0.9, "Arms_ForearmTone": 1.5, "Torso_Mass": 1.5, "Wrists_Size": 0.7, "Arms_ForearmMass": 1.5, "Hands_Mass": 1.5, "Neck_Tone": 1.5, "Legs_LowerlegsMass": 1.5}, "manuellab_vers": [1, 6, 0], "metaproperties": {"last_character_age": 0.0, "character_tone": 1.0, "last_character_mass": 1.0, "character_mass": 1.0, "character_age": 0.0, "last_character_tone": 1.0}, "materialproperties": {}}