{"proportion_index": [0.5382, 0.588, 0.3942, 0.1855, 0.304], "structural": {"Torso_BreastTone": 0.7, "Cheeks_Tone": 1.5, "Shoulders_Tone": 1.5, "Legs_UpperlegsMass": 0.15, "Feet_Mass": 0.15, "Abdomen_Tone": 1.0, "Legs_UpperlegsTone": 1.5, "Neck_Mass": 0.15, "Legs_LowerlegsTone": 1.5, "Waist_Size": 0.6965, "Shoulders_Mass": 0.15, "Torso_Tone": 1.5, "Cheeks_Mass": 0.15, "Torso_BreastMass": 0.75, "Arms_UpperarmMass": 0.15, "Pelvis_GluteusMass": 0.15, "Abdomen_Mass": -0.35, "Arms_UpperarmTone": 1.5, "Stomach_LocalFat": 0.4825, "Pelvis_GluteusTone": 1.5, "Stomach_Volume": 0.493, "Legs_KneeSize": 0.7, "Arms_ForearmTone": 1.5, "Torso_Mass": 0.15, "Wrists_Size": 0.5825, "Arms_ForearmMass": 0.15, "Hands_Mass": 0.15, "Neck_Tone": 1.5, "Legs_LowerlegsMass": 0.15}, "manuellab_vers": [1, 6, 0], "metaproperties": {"last_character_age": 0.0, "character_tone": 1.0, "last_character_mass": -0.35, "character_mass": -0.35, "character_age": 0.0, "last_character_tone": 1.0}, "materialproperties": {}}