{"proportion_index": [0.5382, 0.5789, 0.3913, 0.1855, 0.304], "structural": {"Torso_BreastTone": 0.7, "Cheeks_Tone": 1.5, "Shoulders_Tone": 1.5, "Legs_UpperlegsMass": -0.45, "Feet_Mass": -0.45, "Abdomen_Tone": 1.0, "Legs_UpperlegsTone": 1.5, "Neck_Mass": -0.45, "Legs_LowerlegsTone": 1.5, "Waist_Size": 0.6905, "Shoulders_Mass": -0.45, "Torso_Tone": 1.5, "Cheeks_Mass": -0.45, "Torso_BreastMass": 0.75, "Arms_UpperarmMass": -0.45, "Pelvis_GluteusMass": -0.45, "Abdomen_Mass": -0.95, "Arms_UpperarmTone": 1.5, "Stomach_LocalFat": 0.4525, "Pelvis_GluteusTone": 1.5, "Stomach_Volume": 0.481, "Legs_KneeSize": 0.7, "Arms_ForearmTone": 1.5, "Torso_Mass": -0.45, "Wrists_Size": 0.5525, "Arms_ForearmMass": -0.45, "Hands_Mass": -0.45, "Neck_Tone": 1.5, "Legs_LowerlegsMass": -0.45}, "manuellab_vers": [1, 6, 0], "metaproperties": {"last_character_age": 0.0, "character_tone": 1.0, "last_character_mass": -0.95, "character_mass": -0.95, "character_age": 0.0, "last_character_tone": 1.0}, "materialproperties": {}}