{"proportion_index": [0.5058, 0.4535, 0.3424, 0.1733, 0.2734], "structural": {"Torso_BreastTone": 0.508, "Cheeks_Tone": 0.54, "Shoulders_Tone": 0.54, "Legs_UpperlegsMass": -0.5, "Feet_Mass": -0.5, "Abdomen_Tone": 0.04, "Legs_UpperlegsTone": 0.54, "Neck_Mass": -0.5, "Legs_LowerlegsTone": 0.54, "Waist_Size": 0.498, "Shoulders_Mass": -0.5, "Torso_Tone": 0.54, "Cheeks_Mass": -0.5, "Torso_BreastMass": 0.25, "Arms_UpperarmMass": -0.5, "Pelvis_GluteusMass": -0.5, "Abdomen_Mass": -1.0, "Arms_UpperarmTone": 0.54, "Stomach_LocalFat": 0.45, "Pelvis_GluteusTone": 0.54, "Stomach_Volume": 0.48, "Legs_KneeSize": 0.508, "Arms_ForearmTone": 0.54, "Torso_Mass": -0.5, "Wrists_Size": 0.454, "Arms_ForearmMass": -0.5, "Hands_Mass": -0.5, "Neck_Tone": 0.54, "Legs_LowerlegsMass": -0.5}, "manuellab_vers": [1, 6, 0], "metaproperties": {"last_character_age": 0.0, "character_tone": 0.04, "last_character_mass": -1.0, "character_mass": -1.0, "character_age": 0.0, "last_character_tone": 0.04}, "materialproperties": {}}