{"proportion_index": [0.7384, 0.5785, 0.4981, 0.2215, 0.4086], "structural": {"Torso_BreastTone": 0.512, "Abdomen_Tone": 0.44, "Cheeks_Tone": 0.44, "Shoulders_Tone": 0.44, "Legs_UpperlegsMass": 0.71, "Feet_Mass": 0.71, "Hands_Mass": 0.71, "Legs_UpperlegsTone": 0.44, "Neck_Mass": 0.71, "Legs_LowerlegsTone": 0.44, "Waist_Size": 0.3014, "Shoulders_Mass": 0.71, "Torso_Tone": 0.44, "Cheeks_Mass": 0.71, "Torso_BreastMass": 0.25, "Arms_UpperarmMass": 0.71, "Pelvis_GluteusMass": 0.71, "Abdomen_Mass": 0.71, "Arms_UpperarmTone": 0.44, "Stomach_LocalFat": 0.5042, "Pelvis_GluteusTone": 0.44, "Stomach_Volume": 0.5042, "Legs_KneeSize": 0.542, "Arms_ForearmTone": 0.44, "Pelvis_GluteusSize": 0.74, "Torso_Mass": 0.71, "Wrists_Size": 0.518, "Arms_ForearmMass": 0.71, "Pelvis_SizeX": 0.59, "Neck_Tone": 0.44, "Legs_LowerlegsMass": 0.71}, "manuellab_vers": [1, 6, 0], "metaproperties": {"last_character_age": 0.0, "character_tone": -0.06, "last_character_mass": 0.21, "character_mass": 0.21, "character_age": 0.0, "last_character_tone": -0.06}, "materialproperties": {}}