{"proportion_index": [0.8572, 0.7912, 0.6841, 0.2733, 0.4823], "structural": {"Torso_BreastTone": 0.512, "Abdomen_Tone": 0.44, "Cheeks_Tone": 0.44, "Shoulders_Tone": 0.44, "Legs_UpperlegsMass": 1.04, "Feet_Mass": 1.04, "Hands_Mass": 1.04, "Legs_UpperlegsTone": 0.44, "Neck_Mass": 1.04, "Legs_LowerlegsTone": 0.44, "Shoulders_Length": 0.8, "Waist_Size": 0.1074, "Shoulders_Mass": 1.04, "Torso_Tone": 0.44, "Cheeks_Mass": 1.04, "Torso_BreastMass": 0.75, "Arms_UpperarmMass": 1.04, "Pelvis_GluteusMass": 1.04, "Abdomen_Mass": 1.04, "Arms_UpperarmTone": 0.44, "Stomach_LocalFat": 0.7508, "Pelvis_GluteusTone": 0.44, "Stomach_Volume": 0.5108, "Legs_KneeSize": 0.608, "Arms_ForearmTone": 0.44, "Pelvis_GluteusSize": 0.74, "Torso_Mass": 1.16, "Wrists_Size": 0.551, "Arms_ForearmMass": 1.04, "Pelvis_SizeX": 0.59, "Neck_Tone": 0.44, "Legs_LowerlegsMass": 1.04}, "manuellab_vers": [1, 6, 0], "metaproperties": {"last_character_age": 0.0, "character_tone": -0.06, "last_character_mass": 0.54, "character_mass": 0.54, "character_age": 0.0, "last_character_tone": -0.06}, "materialproperties": {}}