{"proportion_index": [0.5411, 0.4877, 0.3665, 0.1798, 0.2852], "structural": {"Torso_BreastTone": 0.626, "Legs_UpperlegLength": 0.59, "Abdomen_Tone": 1.37, "Neck_Collarbone": 0.59, "Shoulders_SizeX": 0.74, "Legs_UpperlegsMass": 0.29, "Feet_Mass": 0.29, "Legs_UpperlegSize": 0.32, "Arms_ForearmSize": 0.38, "Legs_UpperlegsTone": 1.13, "Torso_Vshape": 0.56, "Shoulders_Mass": 0.14, "Neck_Length": 0.68, "Shoulders_PosZ": 0.71, "Waist_Size": 0.5039, "Neck_Mass": 0.29, "Cheeks_Tone": 1.07, "Torso_Tone": 1.13, "Cheeks_Mass": 0.23, "Stomach_Volume": 0.4958, "Torso_BreastMass": 0.25, "Arms_UpperarmMass": 0.29, "Pelvis_GluteusMass": 0.47, "Legs_LowerlegsTone": 1.13, "Legs_LowerlegSize": 0.38, "Arms_UpperarmTone": 1.13, "Stomach_LocalFat": 0.4895, "Pelvis_GluteusTone": 1.13, "Legs_LowerlegLength": 0.62, "Shoulders_Tone": 0.86, "Arms_UpperarmSize": 0.44, "Legs_KneeSize": 0.416, "Arms_ForearmTone": 1.13, "Torso_Mass": 0.29, "Wrists_Size": 0.5525, "Arms_ForearmMass": 0.29, "Hands_Mass": 0.29, "Neck_Tone": 1.13, "Legs_LowerlegsMass": 0.29}, "manuellab_vers": [1, 6, 0], "metaproperties": {"last_character_age": 0.0, "character_tone": 0.57, "last_character_mass": 0.0, "character_mass": 0.0, "character_age": 0.0, "last_character_tone": 0.57}, "materialproperties": {}}