{"structural": {"Chin_SizeX": 0.56, "Legs_LowerlegLength": 0.44, "Nose_BaseSizeZ": 0.23, "Eyes_TypeAlmond": 0.89, "Head_CraniumDolichocephalic": 0.17, "Nose_BasePosZ": 0.59, "Nose_Curve": 0.29, "Eyes_Size": 0.32, "Nose_TipAngle": 0.59, "Neck_Length": 0.41, "Nose_GlabellaPosZ": 0.62, "Mouth_SizeX": 0.59, "Mouth_LowerlipSizeZ": 0.35, "Legs_UpperlegLength": 0.35, "Nose_TipSize": 0.62, "Eyes_OuterPosZ": 0.71, "Mouth_PosZ": 0.68, "Jaw_ScaleX": 0.45, "Nose_TipPosZ": 0.56, "Cheeks_Zygom": 0.59, "Eyes_SizeZ": 0.29, "Neck_Size": 0.53, "Jaw_Prominence": 0.65, "Chin_Prominence": 0.62, "Body_Size": 0.49, "Torso_Vshape": 0.56}}