{"structural": {"Nose_PosY": 0.59, "Legs_LowerlegLength": 0.35, "Forehead_Angle": 0.35, "Nose_SizeY": 0.41, "Eyes_TypeAlmond": 0.8, "Head_CraniumDolichocephalic": 0.83, "Chin_SizeZ": 0.41, "Neck_TrapeziousSize": 0.8, "Eyes_Size": 0.62, "Face_Ellipsoid": 0.35, "Nose_GlabellaSizeX": 0.71, "Nose_TipAngle": 0.44, "Nose_Curve": 0.68, "Mouth_LowerlipSizeZ": 0.44, "Legs_UpperlegLength": 0.32, "Eyes_SizeZ": 0.59, "Nose_NostrilSizeX": 0.56, "Nose_TipPosZ": 0.41, "Mouth_CornersPosZ": 0.32, "Arms_ForearmLength": 0.38, "Eyes_PosX": 0.41, "Head_Size": 0.53, "Jaw_Prominence": 0.59, "Chin_Prominence": 0.32, "Body_Size": 0.4, "Arms_UpperarmLength": 0.35, "Nose_GlabellaSizeY": 0.55}}