{"structural": {"Torso_SizeX": 0.71, "Chin_Prominence": 0.32, "Eyelids_Crease": 0.89, "Eyes_OuterPosZ": 0.2, "Forehead_Angle": 0.11, "Jaw_LocY": 0.35, "Nose_TipPosZ": 0.38, "Eyelids_Angle": 0.35, "Nose_Curve": 0.53, "Torso_Length": 0.95, "Mouth_LowerlipSizeZ": 0.38, "Head_Size": 0.65, "Legs_UpperlegLength": 0.23, "Head_SizeX": 0.41, "Face_Parallelepiped": 0.56, "Body_Size": 0.37, "Jaw_Angle": 0.71, "Mouth_UpperlipSizeZ": 0.47, "Waist_Size": 0.68, "Face_Ellipsoid": 0.44, "Mouth_SizeX": 0.68, "Legs_LowerlegLength": 0.17}}