{"manuellab_vers": [1, 5, 0], "materialproperties": {}, "proportions": {"feet_height_Z": 0.0403, "feet_length": 0.1338, "buttock_depth_Y": 0.1024, "lowerleg_length": 0.2695, "torso_height_Z": 0.1941, "chest_depth_Y": 0.1098, "buttock_height_Z": 0.148, "upperleg_length": 0.2016, "chest_girth": 0.4402, "neck_height_Z": 0.0338, "upperleg_top_girth": 0.2304, "forearm_length": 0.138, "waist_girth": 0.2813, "body_height_Z": 1.0, "buttock_girth": 0.4513, "shoulders_width": 0.1659, "hands_width": 0.0434, "lowerleg_calf_girth": 0.1675, "neck_girth": 0.1463, "head_height_Z": 0.1214, "head_width_X": 0.0794, "head_length": 0.1125, "feet_heel_width": 0.0387, "feet_width": 0.0514, "buttock_width_X": 0.1579, "elbow_girth": 0.1253, "upperarm_axillary_girth": 0.157, "upperarm_length": 0.1702, "upperleg_bottom_girth": 0.1756, "lowerleg_bottom_girth": 0.1061, "wrist_girth": 0.0778, "hands_length": 0.1036, "chest_width_X": 0.1246}, "structural": {"Torso_Mass": -0.5, "Neck_Tone": -0.29, "Waist_Size": 0.12, "Shoulders_SizeX": 0.53, "Shoulders_Tone": -0.38, "Arms_UpperarmMass": -0.5, "Hands_Mass": -0.5, "Legs_UpperlegLength": 0.56, "Abdomen_Mass": 0.62, "Neck_Mass": -0.5, "Stomach_Volume": 0.48, "Feet_Mass": -0.5, "Torso_Vshape": 0.53, "Torso_SizeY": 0.71, "Legs_LowerlegLength": 0.74, "Shoulders_Mass": -0.56, "Legs_UpperlegsMass": -0.47, "Legs_LowerlegsMass": -0.41, "Arms_UpperarmTone": -0.32, "Stomach_LocalFat": 0.45, "Pelvis_GluteusTone": -0.32, "Pelvis_GluteusSize": 0.53, "Torso_Tone": -0.2, "Torso_SizeX": 0.44, "Neck_Collarbone": 0.8, "Arms_ForearmTone": -0.23, "Cheeks_Tone": -0.5, "Legs_UpperlegsTone": -0.08, "Torso_Dorsi": 0.62, "Shoulders_PosZ": 0.65, "Torso_BreastMass": 0.15, "Torso_BreastTone": 0.91, "Neck_Length": 0.59, "Pelvis_Length": 0.56, "Arms_ForearmMass": -0.5, "Wrists_Size": 0.4, "Cheeks_Mass": -0.5, "Legs_LowerlegsTone": -0.21, "Pelvis_GluteusMass": -0.39, "Legs_UpperlegInCurve": 0.26, "Abdomen_Tone": 1.0, "Torso_BreastPosX": 0.65}, "metaproperties": {"character_age": 0.0, "last_character_mass": -1.0, "last_character_tone": -1.0, "character_tone": -1.0, "character_mass": -1.0, "last_character_age": 0.0}}