{"proportions": {}, "structural": {"Neck_Length": 0.59, "Shoulders_Tone": 0.62, "Shoulders_Mass": 0.44, "Legs_UpperlegsTone": 0.92, "Neck_Collarbone": 0.8, "Legs_UpperlegLength": 0.56, "Torso_SizeY": 0.71, "Legs_UpperlegInCurve": 0.26, "Pelvis_GluteusSize": 0.53, "Torso_Dorsi": 0.62, "Legs_LowerlegsTone": 0.79, "Arms_ForearmTone": 0.77, "Neck_Tone": 0.71, "Shoulders_SizeX": 0.53, "Torso_Vshape": 0.53, "Torso_BreastTone": 0.71, "Pelvis_Length": 0.56, "Torso_SizeX": 0.44, "Torso_BreastMass": 0.65, "Pelvis_GluteusMass": 0.61, "Abdomen_Tone": 1.0, "Torso_Tone": 0.8, "Pelvis_GluteusTone": 0.68, "Shoulders_PosZ": 0.65, "Legs_UpperlegsMass": 0.53, "Waist_Size": 0.14, "Arms_UpperarmTone": 0.68, "Legs_LowerlegsMass": 0.59, "Legs_LowerlegLength": 0.74, "Abdomen_Mass": 0.62, "Torso_BreastPosX": 0.65}, "manuellab_vers": [1, 5, 0], "metaproperties": {"character_age": 0.0, "last_character_mass": 0.0, "character_mass": 0.0, "last_character_tone": 0.0, "character_tone": 0.0, "last_character_age": 0.0}, "materialproperties": {}}