{"manuellab_vers": [1, 5, 0], "materialproperties": {}, "proportions": {"feet_height_Z": 0.0391, "feet_length": 0.1324, "buttock_depth_Y": 0.1555, "lowerleg_length": 0.2667, "torso_height_Z": 0.1998, "chest_depth_Y": 0.1641, "buttock_height_Z": 0.1626, "upperleg_length": 0.1913, "chest_girth": 0.587, "neck_height_Z": 0.0303, "upperleg_top_girth": 0.3429, "forearm_length": 0.1352, "waist_girth": 0.4654, "body_height_Z": 1.0, "buttock_girth": 0.6376, "shoulders_width": 0.1653, "hands_width": 0.0442, "lowerleg_calf_girth": 0.2136, "neck_girth": 0.1881, "head_height_Z": 0.1208, "head_width_X": 0.0785, "head_length": 0.1113, "feet_heel_width": 0.0385, "feet_width": 0.0508, "buttock_width_X": 0.2233, "elbow_girth": 0.1374, "upperarm_axillary_girth": 0.2104, "upperarm_length": 0.1736, "upperleg_bottom_girth": 0.2374, "lowerleg_bottom_girth": 0.1199, "wrist_girth": 0.0792, "hands_length": 0.1025, "chest_width_X": 0.1526}, "structural": {"Pelvis_Length": 0.59, "Torso_BreastMass": 0.62, "Neck_Tone": 0.21, "Waist_Size": 0.315, "Shoulders_SizeX": 0.71, "Shoulders_Tone": 0.15, "Arms_UpperarmMass": 0.74, "Torso_Length": 0.3, "Legs_UpperlegLength": 0.62, "Wrists_Size": 0.475, "Legs_LowerlegLength": 0.77, "Torso_SizeY": 0.71, "Shoulders_Mass": 0.53, "Legs_UpperlegsMass": 0.59, "Legs_LowerlegsMass": 0.59, "Arms_UpperarmTone": 0.18, "Torso_Dorsi": 0.71, "Pelvis_GluteusSize": 0.59, "Torso_Tone": 0.06, "Torso_SizeX": 0.0, "Neck_Collarbone": 0.8, "Arms_ForearmTone": 0.27, "Pelvis_SizeX": 0.05, "Cheeks_Tone": 0.0, "Legs_UpperlegsTone": 0.24, "Pelvis_GluteusTone": 0.21, "Shoulders_PosZ": 0.56, "Shoulders_Size": 0.56, "Torso_BreastTone": 1.02, "Neck_Length": 0.65, "Legs_LowerlegSize": 0.29, "Arms_UpperarmSize": 0.11, "Arms_ForearmMass": 0.65, "Pelvis_SizeY": 0.38, "Legs_UpperlegInCurve": 0.14, "Legs_LowerlegsTone": 0.27, "Pelvis_GluteusMass": 0.55, "Arms_ForearmSize": 0.17, "Legs_UpperThighGirth": 0.29, "Legs_UpperlegSize": 0.26}, "metaproperties": {"character_age": 0.0, "last_character_mass": 0.0, "last_character_tone": -0.5, "character_tone": -0.5, "character_mass": 0.0, "last_character_age": 0.0}}