{"manuellab_vers": [1, 5, 0], "materialproperties": {}, "proportions": {"feet_height_Z": 0.0399, "feet_length": 0.1324, "buttock_depth_Y": 0.0957, "lowerleg_length": 0.2725, "torso_height_Z": 0.1876, "chest_depth_Y": 0.1157, "buttock_height_Z": 0.1456, "upperleg_length": 0.2037, "chest_girth": 0.4301, "neck_height_Z": 0.0376, "upperleg_top_girth": 0.198, "forearm_length": 0.1364, "waist_girth": 0.2675, "body_height_Z": 1.0, "buttock_girth": 0.4328, "shoulders_width": 0.161, "hands_width": 0.043, "lowerleg_calf_girth": 0.1573, "neck_girth": 0.1449, "head_height_Z": 0.1201, "head_width_X": 0.0785, "head_length": 0.1113, "feet_heel_width": 0.0383, "feet_width": 0.0508, "buttock_width_X": 0.1523, "elbow_girth": 0.111, "upperarm_axillary_girth": 0.1488, "upperarm_length": 0.169, "upperleg_bottom_girth": 0.175, "lowerleg_bottom_girth": 0.1032, "wrist_girth": 0.0765, "hands_length": 0.1025, "chest_width_X": 0.1157}, "structural": {"Torso_Length": 0.3, "Waist_Size": 0.305, "Stomach_LocalFat": 0.475, "Arms_UpperarmMass": 0.24, "Torso_BreastMass": 0.37, "Legs_UpperlegLength": 0.62, "Stomach_Volume": 0.49, "Legs_LowerlegLength": 0.77, "Torso_SizeY": 0.71, "Shoulders_Mass": 0.03, "Legs_LowerlegsMass": 0.09, "Arms_UpperarmTone": -0.32, "Pelvis_GluteusTone": -0.29, "Pelvis_GluteusMass": 0.05, "Neck_Collarbone": 0.8, "Arms_ForearmTone": -0.23, "Cheeks_Mass": 0.0, "Shoulders_Size": 0.56, "Pelvis_SizeX": 0.05, "Legs_LowerlegSize": 0.29, "Wrists_Size": 0.425, "Legs_LowerlegsTone": -0.23, "Torso_Tone": -0.44, "Legs_UpperlegInCurve": 0.14, "Legs_UpperlegSize": 0.26, "Torso_Mass": 0.0, "Neck_Tone": -0.29, "Shoulders_SizeX": 0.71, "Shoulders_Tone": -0.35, "Hands_Mass": 0.0, "Pelvis_Length": 0.59, "Neck_Mass": 0.0, "Feet_Mass": 0.0, "Legs_UpperlegsMass": 0.09, "Torso_Dorsi": 0.71, "Pelvis_GluteusSize": 0.59, "Torso_SizeX": 0.0, "Cheeks_Tone": -0.5, "Legs_UpperlegsTone": -0.26, "Shoulders_PosZ": 0.56, "Torso_BreastTone": 1.12, "Neck_Length": 0.65, "Arms_UpperarmSize": 0.11, "Arms_ForearmMass": 0.15, "Pelvis_SizeY": 0.38, "Arms_ForearmSize": 0.17, "Legs_UpperThighGirth": 0.29}, "metaproperties": {"character_age": 0.0, "last_character_mass": -0.5, "last_character_tone": -1.0, "character_tone": -1.0, "character_mass": -0.5, "last_character_age": 0.0}}