{"manuellab_vers": [1, 5, 0], "materialproperties": {}, "proportions": {"feet_height_Z": 0.0384, "feet_length": 0.1338, "buttock_depth_Y": 0.2282, "lowerleg_length": 0.2554, "torso_height_Z": 0.2246, "chest_depth_Y": 0.2263, "buttock_height_Z": 0.1944, "upperleg_length": 0.1702, "chest_girth": 0.8213, "neck_height_Z": 0.0137, "upperleg_top_girth": 0.504, "forearm_length": 0.1356, "waist_girth": 0.753, "body_height_Z": 1.0, "buttock_girth": 0.8828, "shoulders_width": 0.1777, "hands_width": 0.0472, "lowerleg_calf_girth": 0.2683, "neck_girth": 0.274, "head_height_Z": 0.1238, "head_width_X": 0.0794, "head_length": 0.1125, "feet_heel_width": 0.0403, "feet_width": 0.0528, "buttock_width_X": 0.2899, "elbow_girth": 0.1717, "upperarm_axillary_girth": 0.2763, "upperarm_length": 0.1812, "upperleg_bottom_girth": 0.3052, "lowerleg_bottom_girth": 0.1512, "wrist_girth": 0.0828, "hands_length": 0.1037, "chest_width_X": 0.2105}, "structural": {"Torso_Mass": 1.0, "Neck_Tone": -0.29, "Waist_Size": 0.23, "Shoulders_SizeX": 0.53, "Shoulders_Tone": -0.38, "Arms_UpperarmMass": 1.0, "Hands_Mass": 1.0, "Legs_UpperlegLength": 0.56, "Abdomen_Mass": 0.62, "Neck_Mass": 1.0, "Stomach_Volume": 0.51, "Feet_Mass": 1.0, "Torso_Vshape": 0.53, "Torso_SizeY": 0.71, "Legs_LowerlegLength": 0.74, "Shoulders_Mass": 0.94, "Legs_UpperlegsMass": 1.03, "Legs_LowerlegsMass": 1.09, "Legs_KneeSize": 0.6, "Arms_UpperarmTone": -0.32, "Stomach_LocalFat": 0.51, "Pelvis_GluteusTone": -0.32, "Pelvis_GluteusSize": 0.53, "Torso_Tone": -0.2, "Torso_SizeX": 0.44, "Neck_Collarbone": 0.8, "Arms_ForearmTone": -0.23, "Cheeks_Tone": -0.5, "Legs_UpperlegsTone": -0.08, "Torso_Dorsi": 0.62, "Shoulders_PosZ": 0.65, "Torso_BreastMass": 0.9, "Torso_BreastTone": 0.91, "Neck_Length": 0.59, "Pelvis_Length": 0.56, "Arms_ForearmMass": 1.0, "Wrists_Size": 0.5, "Cheeks_Mass": 1.0, "Legs_LowerlegsTone": -0.21, "Pelvis_GluteusMass": 1.11, "Legs_UpperlegInCurve": 0.26, "Abdomen_Tone": 1.0, "Torso_BreastPosX": 0.65}, "metaproperties": {"character_age": 0.0, "last_character_mass": 0.5, "last_character_tone": -1.0, "character_tone": -1.0, "character_mass": 0.5, "last_character_age": 0.0}}