{"manuellab_vers": [1, 5, 0], "materialproperties": {}, "proportions": {"feet_height_Z": 0.0396, "feet_length": 0.1338, "buttock_depth_Y": 0.1403, "lowerleg_length": 0.2662, "torso_height_Z": 0.2011, "chest_depth_Y": 0.1525, "buttock_height_Z": 0.1718, "upperleg_length": 0.1822, "chest_girth": 0.5811, "neck_height_Z": 0.028, "upperleg_top_girth": 0.3573, "forearm_length": 0.1375, "waist_girth": 0.3943, "body_height_Z": 1.0, "buttock_girth": 0.6174, "shoulders_width": 0.1693, "hands_width": 0.0447, "lowerleg_calf_girth": 0.2237, "neck_girth": 0.1878, "head_height_Z": 0.1221, "head_width_X": 0.0794, "head_length": 0.1125, "feet_heel_width": 0.0389, "feet_width": 0.0514, "buttock_width_X": 0.2154, "elbow_girth": 0.1395, "upperarm_axillary_girth": 0.1959, "upperarm_length": 0.1731, "upperleg_bottom_girth": 0.212, "lowerleg_bottom_girth": 0.1223, "wrist_girth": 0.0811, "hands_length": 0.1037, "chest_width_X": 0.1467}, "structural": {"Torso_BreastMass": 0.65, "Neck_Tone": 0.21, "Waist_Size": 0.135, "Shoulders_SizeX": 0.53, "Shoulders_Tone": 0.12, "Legs_UpperlegLength": 0.56, "Abdomen_Mass": 0.62, "Torso_Vshape": 0.53, "Torso_SizeY": 0.71, "Legs_LowerlegLength": 0.74, "Shoulders_Mass": 0.44, "Legs_UpperlegsMass": 0.53, "Legs_LowerlegsMass": 0.59, "Arms_UpperarmTone": 0.18, "Torso_Dorsi": 0.62, "Pelvis_GluteusSize": 0.53, "Torso_Tone": 0.3, "Torso_SizeX": 0.44, "Neck_Collarbone": 0.8, "Arms_ForearmTone": 0.27, "Cheeks_Tone": 0.0, "Legs_UpperlegsTone": 0.42, "Pelvis_GluteusTone": 0.18, "Shoulders_PosZ": 0.65, "Torso_BreastTone": 0.81, "Neck_Length": 0.59, "Pelvis_Length": 0.56, "Wrists_Size": 0.475, "Legs_LowerlegsTone": 0.29, "Pelvis_GluteusMass": 0.61, "Legs_UpperlegInCurve": 0.26, "Abdomen_Tone": 1.0, "Torso_BreastPosX": 0.65}, "metaproperties": {"character_age": 0.0, "last_character_mass": 0.0, "last_character_tone": -0.5, "character_tone": -0.5, "character_mass": 0.0, "last_character_age": 0.0}}