{"manuellab_vers": [1, 5, 0], "materialproperties": {}, "proportions": {"feet_height_Z": 0.0403, "feet_length": 0.1338, "buttock_depth_Y": 0.1209, "lowerleg_length": 0.2692, "torso_height_Z": 0.1957, "chest_depth_Y": 0.1212, "buttock_height_Z": 0.1459, "upperleg_length": 0.2045, "chest_girth": 0.4821, "neck_height_Z": 0.0332, "upperleg_top_girth": 0.2944, "forearm_length": 0.138, "waist_girth": 0.3281, "body_height_Z": 1.0, "buttock_girth": 0.5063, "shoulders_width": 0.1664, "hands_width": 0.0434, "lowerleg_calf_girth": 0.1981, "neck_girth": 0.1601, "head_height_Z": 0.1214, "head_width_X": 0.0794, "head_length": 0.1125, "feet_heel_width": 0.0387, "feet_width": 0.0514, "buttock_width_X": 0.1806, "elbow_girth": 0.1274, "upperarm_axillary_girth": 0.1732, "upperarm_length": 0.1703, "upperleg_bottom_girth": 0.1936, "lowerleg_bottom_girth": 0.1062, "wrist_girth": 0.079, "hands_length": 0.1036, "chest_width_X": 0.1312}, "structural": {"Torso_Mass": -0.5, "Neck_Tone": 0.71, "Waist_Size": 0.13, "Shoulders_SizeX": 0.53, "Shoulders_Tone": 0.62, "Arms_UpperarmMass": -0.5, "Hands_Mass": -0.5, "Legs_UpperlegLength": 0.56, "Abdomen_Mass": 0.62, "Neck_Mass": -0.5, "Stomach_Volume": 0.48, "Feet_Mass": -0.5, "Torso_Vshape": 0.53, "Torso_SizeY": 0.71, "Legs_LowerlegLength": 0.74, "Shoulders_Mass": -0.56, "Legs_UpperlegsMass": -0.47, "Legs_LowerlegsMass": -0.41, "Arms_UpperarmTone": 0.68, "Stomach_LocalFat": 0.45, "Torso_Dorsi": 0.62, "Pelvis_GluteusSize": 0.53, "Torso_Tone": 0.8, "Torso_SizeX": 0.44, "Neck_Collarbone": 0.8, "Arms_ForearmTone": 0.77, "Shoulders_PosZ": 0.65, "Legs_UpperlegsTone": 0.92, "Pelvis_GluteusTone": 0.68, "Cheeks_Mass": -0.5, "Torso_BreastMass": 0.15, "Torso_BreastTone": 0.71, "Neck_Length": 0.59, "Pelvis_Length": 0.56, "Arms_ForearmMass": -0.5, "Wrists_Size": 0.45, "Legs_LowerlegsTone": 0.79, "Pelvis_GluteusMass": -0.39, "Legs_UpperlegInCurve": 0.26, "Abdomen_Tone": 1.0, "Torso_BreastPosX": 0.65}, "metaproperties": {"character_age": 0.0, "last_character_mass": -1.0, "last_character_tone": 0.0, "character_tone": 0.0, "character_mass": -1.0, "last_character_age": 0.0}}