{"manuellab_vers": [1, 5, 0], "materialproperties": {}, "proportions": {"feet_height_Z": 0.038, "feet_length": 0.1324, "buttock_depth_Y": 0.2206, "lowerleg_length": 0.2588, "torso_height_Z": 0.2177, "chest_depth_Y": 0.2271, "buttock_height_Z": 0.1916, "upperleg_length": 0.1726, "chest_girth": 0.7854, "neck_height_Z": 0.0178, "upperleg_top_girth": 0.468, "forearm_length": 0.1338, "waist_girth": 0.7459, "body_height_Z": 1.0, "buttock_girth": 0.8592, "shoulders_width": 0.1727, "hands_width": 0.0467, "lowerleg_calf_girth": 0.2574, "neck_girth": 0.2709, "head_height_Z": 0.1225, "head_width_X": 0.0785, "head_length": 0.1113, "feet_heel_width": 0.0399, "feet_width": 0.0522, "buttock_width_X": 0.2829, "elbow_girth": 0.1564, "upperarm_axillary_girth": 0.267, "upperarm_length": 0.1799, "upperleg_bottom_girth": 0.305, "lowerleg_bottom_girth": 0.1478, "wrist_girth": 0.0825, "hands_length": 0.1027, "chest_width_X": 0.2022}, "structural": {"Torso_Length": 0.3, "Waist_Size": 0.51, "Stomach_LocalFat": 0.52, "Arms_UpperarmMass": 1.74, "Torso_BreastMass": 1.12, "Legs_UpperlegLength": 0.62, "Stomach_Volume": 0.52, "Legs_LowerlegLength": 0.77, "Torso_SizeY": 0.71, "Shoulders_Mass": 1.53, "Legs_LowerlegsMass": 1.59, "Arms_UpperarmTone": -0.32, "Pelvis_GluteusTone": -0.29, "Pelvis_GluteusMass": 1.55, "Neck_Collarbone": 0.8, "Arms_ForearmTone": -0.23, "Cheeks_Mass": 1.5, "Shoulders_Size": 0.56, "Pelvis_SizeX": 0.05, "Legs_LowerlegSize": 0.29, "Wrists_Size": 0.55, "Legs_LowerlegsTone": -0.23, "Torso_Tone": -0.44, "Legs_UpperlegInCurve": 0.14, "Legs_UpperlegSize": 0.26, "Torso_Mass": 1.5, "Neck_Tone": -0.29, "Shoulders_SizeX": 0.71, "Shoulders_Tone": -0.35, "Hands_Mass": 1.5, "Pelvis_Length": 0.59, "Neck_Mass": 1.5, "Feet_Mass": 1.5, "Legs_UpperlegsMass": 1.59, "Legs_KneeSize": 0.7, "Torso_Dorsi": 0.71, "Pelvis_GluteusSize": 0.59, "Torso_SizeX": 0.0, "Cheeks_Tone": -0.5, "Legs_UpperlegsTone": -0.26, "Shoulders_PosZ": 0.56, "Torso_BreastTone": 1.12, "Neck_Length": 0.65, "Arms_UpperarmSize": 0.11, "Arms_ForearmMass": 1.65, "Pelvis_SizeY": 0.38, "Arms_ForearmSize": 0.17, "Legs_UpperThighGirth": 0.29}, "metaproperties": {"character_age": 0.0, "last_character_mass": 1.0, "last_character_tone": -1.0, "character_tone": -1.0, "character_mass": 1.0, "last_character_age": 0.0}}