{"manuellab_vers": [1, 5, 0], "materialproperties": {}, "proportions": {"feet_height_Z": 0.0381, "feet_length": 0.1324, "buttock_depth_Y": 0.2201, "lowerleg_length": 0.2589, "torso_height_Z": 0.2178, "chest_depth_Y": 0.2218, "buttock_height_Z": 0.1914, "upperleg_length": 0.1722, "chest_girth": 0.7731, "neck_height_Z": 0.0178, "upperleg_top_girth": 0.468, "forearm_length": 0.1342, "waist_girth": 0.7327, "body_height_Z": 1.0, "buttock_girth": 0.8586, "shoulders_width": 0.1727, "hands_width": 0.0467, "lowerleg_calf_girth": 0.2557, "neck_girth": 0.2709, "head_height_Z": 0.1225, "head_width_X": 0.0785, "head_length": 0.1113, "feet_heel_width": 0.0398, "feet_width": 0.0522, "buttock_width_X": 0.2829, "elbow_girth": 0.156, "upperarm_axillary_girth": 0.267, "upperarm_length": 0.1796, "upperleg_bottom_girth": 0.3034, "lowerleg_bottom_girth": 0.1457, "wrist_girth": 0.0818, "hands_length": 0.1026, "chest_width_X": 0.2005}, "structural": {"Torso_Length": 0.3, "Waist_Size": 0.415, "Stomach_LocalFat": 0.51, "Arms_UpperarmMass": 1.24, "Torso_BreastMass": 0.87, "Legs_UpperlegLength": 0.62, "Stomach_Volume": 0.51, "Legs_LowerlegLength": 0.77, "Torso_SizeY": 0.71, "Shoulders_Mass": 1.03, "Legs_LowerlegsMass": 1.09, "Arms_UpperarmTone": 0.18, "Pelvis_GluteusTone": 0.21, "Pelvis_GluteusMass": 1.05, "Neck_Collarbone": 0.8, "Arms_ForearmTone": 0.27, "Cheeks_Mass": 1.0, "Shoulders_Size": 0.56, "Pelvis_SizeX": 0.05, "Legs_LowerlegSize": 0.29, "Wrists_Size": 0.525, "Legs_LowerlegsTone": 0.27, "Torso_Tone": 0.06, "Legs_UpperlegInCurve": 0.14, "Legs_UpperlegSize": 0.26, "Torso_Mass": 1.0, "Neck_Tone": 0.21, "Shoulders_SizeX": 0.71, "Shoulders_Tone": 0.15, "Hands_Mass": 1.0, "Pelvis_Length": 0.59, "Neck_Mass": 1.0, "Feet_Mass": 1.0, "Legs_UpperlegsMass": 1.09, "Legs_KneeSize": 0.6, "Torso_Dorsi": 0.71, "Pelvis_GluteusSize": 0.59, "Torso_SizeX": 0.0, "Cheeks_Tone": 0.0, "Legs_UpperlegsTone": 0.24, "Shoulders_PosZ": 0.56, "Torso_BreastTone": 1.02, "Neck_Length": 0.65, "Arms_UpperarmSize": 0.11, "Arms_ForearmMass": 1.15, "Pelvis_SizeY": 0.38, "Arms_ForearmSize": 0.17, "Legs_UpperThighGirth": 0.29}, "metaproperties": {"character_age": 0.0, "last_character_mass": 0.5, "last_character_tone": -0.5, "character_tone": -0.5, "character_mass": 0.5, "last_character_age": 0.0}}