{"manuellab_vers": [1, 5, 0], "materialproperties": {}, "proportions": {"feet_height_Z": 0.0399, "feet_length": 0.1324, "buttock_depth_Y": 0.1155, "lowerleg_length": 0.2723, "torso_height_Z": 0.1892, "chest_depth_Y": 0.114, "buttock_height_Z": 0.1435, "upperleg_length": 0.2063, "chest_girth": 0.4318, "neck_height_Z": 0.037, "upperleg_top_girth": 0.2593, "forearm_length": 0.1364, "waist_girth": 0.2906, "body_height_Z": 1.0, "buttock_girth": 0.4914, "shoulders_width": 0.1616, "hands_width": 0.043, "lowerleg_calf_girth": 0.1874, "neck_girth": 0.1586, "head_height_Z": 0.1201, "head_width_X": 0.0785, "head_length": 0.1113, "feet_heel_width": 0.0383, "feet_width": 0.0508, "buttock_width_X": 0.1762, "elbow_girth": 0.113, "upperarm_axillary_girth": 0.1668, "upperarm_length": 0.1691, "upperleg_bottom_girth": 0.1922, "lowerleg_bottom_girth": 0.1032, "wrist_girth": 0.0771, "hands_length": 0.1025, "chest_width_X": 0.1192}, "structural": {"Torso_Length": 0.3, "Waist_Size": 0.31, "Stomach_LocalFat": 0.45, "Arms_UpperarmMass": -0.26, "Torso_BreastMass": 0.12, "Legs_UpperlegLength": 0.62, "Stomach_Volume": 0.48, "Legs_LowerlegLength": 0.77, "Torso_SizeY": 0.71, "Shoulders_Mass": -0.47, "Legs_LowerlegsMass": -0.41, "Arms_UpperarmTone": 0.68, "Pelvis_GluteusTone": 0.71, "Torso_Tone": 0.56, "Neck_Collarbone": 0.8, "Arms_ForearmTone": 0.77, "Cheeks_Mass": -0.5, "Shoulders_Size": 0.56, "Pelvis_SizeX": 0.05, "Legs_LowerlegSize": 0.29, "Wrists_Size": 0.45, "Legs_LowerlegsTone": 0.77, "Legs_UpperlegInCurve": 0.14, "Legs_UpperlegSize": 0.26, "Torso_Mass": -0.5, "Neck_Tone": 0.71, "Shoulders_SizeX": 0.71, "Shoulders_Tone": 0.65, "Hands_Mass": -0.5, "Pelvis_Length": 0.59, "Neck_Mass": -0.5, "Feet_Mass": -0.5, "Legs_UpperlegsMass": -0.41, "Torso_Dorsi": 0.71, "Pelvis_GluteusSize": 0.59, "Torso_SizeX": 0.0, "Shoulders_PosZ": 0.56, "Legs_UpperlegsTone": 0.74, "Torso_BreastTone": 0.92, "Neck_Length": 0.65, "Arms_UpperarmSize": 0.11, "Arms_ForearmMass": -0.35, "Pelvis_SizeY": 0.38, "Pelvis_GluteusMass": -0.45, "Arms_ForearmSize": 0.17, "Legs_UpperThighGirth": 0.29}, "metaproperties": {"character_age": 0.0, "last_character_mass": -1.0, "last_character_tone": 0.0, "character_tone": 0.0, "character_mass": -1.0, "last_character_age": 0.0}}