{"manuellab_vers": [1, 5, 0], "materialproperties": {}, "proportions": {"feet_height_Z": 0.038, "feet_length": 0.1324, "buttock_depth_Y": 0.2201, "lowerleg_length": 0.2585, "torso_height_Z": 0.2178, "chest_depth_Y": 0.2217, "buttock_height_Z": 0.1914, "upperleg_length": 0.1726, "chest_girth": 0.7723, "neck_height_Z": 0.0178, "upperleg_top_girth": 0.468, "forearm_length": 0.1338, "waist_girth": 0.7322, "body_height_Z": 1.0, "buttock_girth": 0.8586, "shoulders_width": 0.1727, "hands_width": 0.0467, "lowerleg_calf_girth": 0.2575, "neck_girth": 0.2709, "head_height_Z": 0.1225, "head_width_X": 0.0785, "head_length": 0.1113, "feet_heel_width": 0.0399, "feet_width": 0.0522, "buttock_width_X": 0.2829, "elbow_girth": 0.1564, "upperarm_axillary_girth": 0.267, "upperarm_length": 0.1799, "upperleg_bottom_girth": 0.3034, "lowerleg_bottom_girth": 0.1478, "wrist_girth": 0.0809, "hands_length": 0.1026, "chest_width_X": 0.2004}, "structural": {"Torso_Length": 0.3, "Waist_Size": 0.41, "Stomach_LocalFat": 0.51, "Arms_UpperarmMass": 1.24, "Torso_BreastMass": 0.87, "Legs_UpperlegLength": 0.62, "Stomach_Volume": 0.51, "Legs_LowerlegLength": 0.77, "Torso_SizeY": 0.71, "Shoulders_Mass": 1.03, "Legs_LowerlegsMass": 1.09, "Arms_UpperarmTone": -0.32, "Pelvis_GluteusTone": -0.29, "Pelvis_GluteusMass": 1.05, "Neck_Collarbone": 0.8, "Arms_ForearmTone": -0.23, "Cheeks_Mass": 1.0, "Shoulders_Size": 0.56, "Pelvis_SizeX": 0.05, "Legs_LowerlegSize": 0.29, "Wrists_Size": 0.5, "Legs_LowerlegsTone": -0.23, "Torso_Tone": -0.44, "Legs_UpperlegInCurve": 0.14, "Legs_UpperlegSize": 0.26, "Torso_Mass": 1.0, "Neck_Tone": -0.29, "Shoulders_SizeX": 0.71, "Shoulders_Tone": -0.35, "Hands_Mass": 1.0, "Pelvis_Length": 0.59, "Neck_Mass": 1.0, "Feet_Mass": 1.0, "Legs_UpperlegsMass": 1.09, "Legs_KneeSize": 0.6, "Torso_Dorsi": 0.71, "Pelvis_GluteusSize": 0.59, "Torso_SizeX": 0.0, "Cheeks_Tone": -0.5, "Legs_UpperlegsTone": -0.26, "Shoulders_PosZ": 0.56, "Torso_BreastTone": 1.12, "Neck_Length": 0.65, "Arms_UpperarmSize": 0.11, "Arms_ForearmMass": 1.15, "Pelvis_SizeY": 0.38, "Arms_ForearmSize": 0.17, "Legs_UpperThighGirth": 0.29}, "metaproperties": {"character_age": 0.0, "last_character_mass": 0.5, "last_character_tone": -1.0, "character_tone": -1.0, "character_mass": 0.5, "last_character_age": 0.0}}