{"manuellab_vers": [1, 5, 0], "materialproperties": {}, "proportions": {"feet_height_Z": 0.0403, "feet_length": 0.1338, "buttock_depth_Y": 0.1251, "lowerleg_length": 0.27, "torso_height_Z": 0.2033, "chest_depth_Y": 0.186, "buttock_height_Z": 0.1569, "upperleg_length": 0.1949, "chest_girth": 0.6935, "neck_height_Z": 0.0231, "upperleg_top_girth": 0.3691, "forearm_length": 0.1441, "waist_girth": 0.3405, "body_height_Z": 1.0, "buttock_girth": 0.581, "shoulders_width": 0.1724, "hands_width": 0.0472, "lowerleg_calf_girth": 0.2443, "neck_girth": 0.2013, "head_height_Z": 0.1216, "head_width_X": 0.0794, "head_length": 0.1125, "feet_heel_width": 0.0397, "feet_width": 0.0528, "buttock_width_X": 0.2057, "elbow_girth": 0.1739, "upperarm_axillary_girth": 0.2531, "upperarm_length": 0.1701, "upperleg_bottom_girth": 0.2631, "lowerleg_bottom_girth": 0.1112, "wrist_girth": 0.0866, "hands_length": 0.1038, "chest_width_X": 0.148}, "structural": {"Torso_Mass": 1.0, "Neck_Tone": 0.71, "Waist_Size": 0.24, "Shoulders_SizeX": 0.53, "Shoulders_Tone": 0.62, "Arms_UpperarmMass": 1.0, "Hands_Mass": 1.0, "Legs_UpperlegLength": 0.56, "Abdomen_Mass": 0.62, "Neck_Mass": 1.0, "Stomach_Volume": 0.51, "Feet_Mass": 1.0, "Torso_Vshape": 0.53, "Torso_SizeY": 0.71, "Legs_LowerlegLength": 0.74, "Shoulders_Mass": 0.94, "Legs_UpperlegsMass": 1.03, "Legs_LowerlegsMass": 1.09, "Legs_KneeSize": 0.6, "Arms_UpperarmTone": 0.68, "Stomach_LocalFat": 0.51, "Pelvis_GluteusTone": 0.68, "Pelvis_GluteusSize": 0.53, "Torso_Tone": 0.8, "Torso_SizeX": 0.44, "Neck_Collarbone": 0.8, "Arms_ForearmTone": 0.77, "Shoulders_PosZ": 0.65, "Legs_UpperlegsTone": 0.92, "Torso_Dorsi": 0.62, "Cheeks_Mass": 1.0, "Torso_BreastMass": 0.9, "Torso_BreastTone": 0.71, "Neck_Length": 0.59, "Pelvis_Length": 0.56, "Arms_ForearmMass": 1.0, "Wrists_Size": 0.55, "Legs_LowerlegsTone": 0.79, "Pelvis_GluteusMass": 1.11, "Legs_UpperlegInCurve": 0.26, "Abdomen_Tone": 1.0, "Torso_BreastPosX": 0.65}, "metaproperties": {"character_age": 0.0, "last_character_mass": 0.5, "last_character_tone": 0.0, "character_tone": 0.0, "character_mass": 0.5, "last_character_age": 0.0}}