{"manuellab_vers": [1, 5, 0], "materialproperties": {}, "proportions": {"feet_height_Z": 0.0403, "feet_length": 0.1338, "buttock_depth_Y": 0.1208, "lowerleg_length": 0.2695, "torso_height_Z": 0.1944, "chest_depth_Y": 0.1504, "buttock_height_Z": 0.1482, "upperleg_length": 0.2033, "chest_girth": 0.5719, "neck_height_Z": 0.0329, "upperleg_top_girth": 0.3269, "forearm_length": 0.1395, "waist_girth": 0.3292, "body_height_Z": 1.0, "buttock_girth": 0.5473, "shoulders_width": 0.1671, "hands_width": 0.0447, "lowerleg_calf_girth": 0.2192, "neck_girth": 0.1676, "head_height_Z": 0.1214, "head_width_X": 0.0794, "head_length": 0.1125, "feet_heel_width": 0.0387, "feet_width": 0.0514, "buttock_width_X": 0.2001, "elbow_girth": 0.1372, "upperarm_axillary_girth": 0.183, "upperarm_length": 0.1691, "upperleg_bottom_girth": 0.2249, "lowerleg_bottom_girth": 0.1073, "wrist_girth": 0.0822, "hands_length": 0.1037, "chest_width_X": 0.1352}, "structural": {"Torso_BreastMass": 0.65, "Neck_Tone": 0.71, "Waist_Size": 0.14, "Shoulders_SizeX": 0.53, "Shoulders_Tone": 0.62, "Legs_UpperlegLength": 0.56, "Abdomen_Mass": 0.62, "Torso_Vshape": 0.53, "Torso_SizeY": 0.71, "Legs_LowerlegLength": 0.74, "Shoulders_Mass": 0.44, "Legs_UpperlegsMass": 0.53, "Legs_LowerlegsMass": 0.59, "Arms_UpperarmTone": 0.68, "Torso_Dorsi": 0.62, "Pelvis_GluteusSize": 0.53, "Torso_Tone": 0.8, "Torso_SizeX": 0.44, "Neck_Collarbone": 0.8, "Arms_ForearmTone": 0.77, "Shoulders_PosZ": 0.65, "Legs_UpperlegsTone": 0.92, "Pelvis_GluteusTone": 0.68, "Torso_BreastTone": 0.71, "Neck_Length": 0.59, "Pelvis_Length": 0.56, "Wrists_Size": 0.5, "Legs_LowerlegsTone": 0.79, "Pelvis_GluteusMass": 0.61, "Legs_UpperlegInCurve": 0.26, "Abdomen_Tone": 1.0, "Torso_BreastPosX": 0.65}, "metaproperties": {"character_age": 0.0, "last_character_mass": 0.0, "last_character_tone": 0.0, "character_tone": 0.0, "character_mass": 0.0, "last_character_age": 0.0}}