{"manuellab_vers": [1, 5, 0], "materialproperties": {}, "proportions": {"feet_height_Z": 0.0386, "feet_length": 0.1324, "buttock_depth_Y": 0.1594, "lowerleg_length": 0.263, "torso_height_Z": 0.2034, "chest_depth_Y": 0.167, "buttock_height_Z": 0.1725, "upperleg_length": 0.1851, "chest_girth": 0.5983, "neck_height_Z": 0.027, "upperleg_top_girth": 0.36, "forearm_length": 0.1345, "waist_girth": 0.4871, "body_height_Z": 1.0, "buttock_girth": 0.6563, "shoulders_width": 0.1672, "hands_width": 0.0442, "lowerleg_calf_girth": 0.221, "neck_girth": 0.2069, "head_height_Z": 0.1213, "head_width_X": 0.0785, "head_length": 0.1113, "feet_heel_width": 0.0387, "feet_width": 0.0508, "buttock_width_X": 0.222, "elbow_girth": 0.1505, "upperarm_axillary_girth": 0.2281, "upperarm_length": 0.176, "upperleg_bottom_girth": 0.255, "lowerleg_bottom_girth": 0.1306, "wrist_girth": 0.0786, "hands_length": 0.1025, "chest_width_X": 0.1577}, "structural": {"Pelvis_Length": 0.59, "Torso_BreastMass": 0.62, "Neck_Tone": -0.29, "Waist_Size": 0.31, "Shoulders_SizeX": 0.71, "Shoulders_Tone": -0.35, "Arms_UpperarmMass": 0.74, "Torso_Length": 0.3, "Legs_UpperlegLength": 0.62, "Wrists_Size": 0.45, "Legs_LowerlegLength": 0.77, "Torso_SizeY": 0.71, "Shoulders_Mass": 0.53, "Legs_UpperlegsMass": 0.59, "Legs_LowerlegsMass": 0.59, "Arms_UpperarmTone": -0.32, "Torso_Dorsi": 0.71, "Pelvis_GluteusSize": 0.59, "Torso_Tone": -0.44, "Torso_SizeX": 0.0, "Neck_Collarbone": 0.8, "Arms_ForearmTone": -0.23, "Pelvis_SizeX": 0.05, "Cheeks_Tone": -0.5, "Legs_UpperlegsTone": -0.26, "Pelvis_GluteusTone": -0.29, "Shoulders_PosZ": 0.56, "Shoulders_Size": 0.56, "Torso_BreastTone": 1.12, "Neck_Length": 0.65, "Legs_LowerlegSize": 0.29, "Arms_UpperarmSize": 0.11, "Arms_ForearmMass": 0.65, "Pelvis_SizeY": 0.38, "Legs_UpperlegInCurve": 0.14, "Legs_LowerlegsTone": -0.23, "Pelvis_GluteusMass": 0.55, "Arms_ForearmSize": 0.17, "Legs_UpperThighGirth": 0.29, "Legs_UpperlegSize": 0.26}, "metaproperties": {"character_age": 0.0, "last_character_mass": 0.0, "last_character_tone": -1.0, "character_tone": -1.0, "character_mass": 0.0, "last_character_age": 0.0}}