{"manuellab_vers": [1, 5, 0], "materialproperties": {}, "proportions": {"feet_height_Z": 0.0391, "feet_length": 0.1338, "buttock_depth_Y": 0.1692, "lowerleg_length": 0.2607, "torso_height_Z": 0.208, "chest_depth_Y": 0.1694, "buttock_height_Z": 0.1797, "upperleg_length": 0.1774, "chest_girth": 0.6332, "neck_height_Z": 0.0251, "upperleg_top_girth": 0.3844, "forearm_length": 0.1367, "waist_girth": 0.505, "body_height_Z": 1.0, "buttock_girth": 0.6925, "shoulders_width": 0.1712, "hands_width": 0.0447, "lowerleg_calf_girth": 0.2315, "neck_girth": 0.2089, "head_height_Z": 0.1226, "head_width_X": 0.0794, "head_length": 0.1125, "feet_heel_width": 0.0391, "feet_width": 0.0514, "buttock_width_X": 0.2324, "elbow_girth": 0.1474, "upperarm_axillary_girth": 0.2068, "upperarm_length": 0.1748, "upperleg_bottom_girth": 0.2431, "lowerleg_bottom_girth": 0.1338, "wrist_girth": 0.0805, "hands_length": 0.1037, "chest_width_X": 0.1658}, "structural": {"Torso_BreastMass": 0.65, "Neck_Tone": -0.29, "Waist_Size": 0.13, "Shoulders_SizeX": 0.53, "Shoulders_Tone": -0.38, "Legs_UpperlegLength": 0.56, "Abdomen_Mass": 0.62, "Torso_Vshape": 0.53, "Torso_SizeY": 0.71, "Legs_LowerlegLength": 0.74, "Shoulders_Mass": 0.44, "Legs_UpperlegsMass": 0.53, "Legs_LowerlegsMass": 0.59, "Arms_UpperarmTone": -0.32, "Torso_Dorsi": 0.62, "Pelvis_GluteusSize": 0.53, "Torso_Tone": -0.2, "Torso_SizeX": 0.44, "Neck_Collarbone": 0.8, "Arms_ForearmTone": -0.23, "Cheeks_Tone": -0.5, "Legs_UpperlegsTone": -0.08, "Pelvis_GluteusTone": -0.32, "Shoulders_PosZ": 0.65, "Torso_BreastTone": 0.91, "Neck_Length": 0.59, "Pelvis_Length": 0.56, "Wrists_Size": 0.45, "Legs_LowerlegsTone": -0.21, "Pelvis_GluteusMass": 0.61, "Legs_UpperlegInCurve": 0.26, "Abdomen_Tone": 1.0, "Torso_BreastPosX": 0.65}, "metaproperties": {"character_age": 0.0, "last_character_mass": 0.0, "last_character_tone": -1.0, "character_tone": -1.0, "character_mass": 0.0, "last_character_age": 0.0}}