{"manuellab_vers": [1, 5, 0], "materialproperties": {}, "proportions": {"feet_height_Z": 0.0413, "feet_length": 0.144, "buttock_depth_Y": 0.242, "lowerleg_length": 0.2242, "torso_height_Z": 0.2365, "chest_depth_Y": 0.2321, "buttock_height_Z": 0.2047, "upperleg_length": 0.1664, "chest_girth": 0.8427, "neck_height_Z": 0.0146, "upperleg_top_girth": 0.5353, "forearm_length": 0.1459, "waist_girth": 0.8403, "body_height_Z": 1.0, "buttock_girth": 0.9385, "shoulders_width": 0.1782, "hands_width": 0.0508, "lowerleg_calf_girth": 0.2842, "neck_girth": 0.2964, "head_height_Z": 0.1377, "head_width_X": 0.0883, "head_length": 0.1252, "feet_heel_width": 0.0434, "feet_width": 0.0568, "buttock_width_X": 0.3081, "elbow_girth": 0.1847, "upperarm_axillary_girth": 0.2896, "upperarm_length": 0.1942, "upperleg_bottom_girth": 0.3229, "lowerleg_bottom_girth": 0.1626, "wrist_girth": 0.0899, "hands_length": 0.1117, "chest_width_X": 0.2266}, "structural": {"Torso_Mass": 1.0, "Neck_Tone": 0.0, "Waist_Size": 0.595, "Stomach_LocalFat": 0.51, "Shoulders_Tone": 0.0, "Arms_UpperarmMass": 1.0, "Hands_Mass": 1.0, "Legs_UpperlegLength": 0.32, "Neck_Mass": 1.0, "Stomach_Volume": 0.51, "Feet_Mass": 1.0, "Torso_Vshape": 0.32, "Head_Size": 0.59, "Shoulders_Mass": 1.0, "Legs_UpperlegsMass": 1.0, "Legs_LowerlegsMass": 1.0, "Legs_KneeSize": 0.6, "Arms_UpperarmTone": 0.0, "Pelvis_GluteusTone": 0.0, "Torso_Tone": 0.0, "Arms_ForearmTone": 0.0, "Cheeks_Tone": 0.0, "Legs_UpperlegsTone": 0.0, "Cheeks_Mass": 1.0, "Torso_BreastMass": 0.75, "Torso_BreastTone": 0.6, "Arms_ForearmMass": 1.0, "Wrists_Size": 0.525, "Legs_LowerlegsTone": 0.0, "Pelvis_GluteusMass": 1.0, "Legs_LowerlegLength": 0.39}, "metaproperties": {"character_age": 0.0, "last_character_mass": 0.5, "last_character_tone": -0.5, "character_tone": -0.5, "character_mass": 0.5, "last_character_age": 0.0}}