{"manuellab_vers": [1, 5, 0], "materialproperties": {}, "proportions": {"feet_height_Z": 0.0433, "feet_length": 0.144, "buttock_depth_Y": 0.1819, "lowerleg_length": 0.2331, "torso_height_Z": 0.2282, "chest_depth_Y": 0.2185, "buttock_height_Z": 0.1821, "upperleg_length": 0.1787, "chest_girth": 0.8105, "neck_height_Z": 0.0156, "upperleg_top_girth": 0.4658, "forearm_length": 0.1507, "waist_girth": 0.613, "body_height_Z": 1.0, "buttock_girth": 0.7515, "shoulders_width": 0.1944, "hands_width": 0.0508, "lowerleg_calf_girth": 0.26, "neck_girth": 0.2556, "head_height_Z": 0.1364, "head_width_X": 0.0883, "head_length": 0.1252, "feet_heel_width": 0.0427, "feet_width": 0.0568, "buttock_width_X": 0.2578, "elbow_girth": 0.1939, "upperarm_axillary_girth": 0.2844, "upperarm_length": 0.1875, "upperleg_bottom_girth": 0.3084, "lowerleg_bottom_girth": 0.1195, "wrist_girth": 0.0951, "hands_length": 0.1118, "chest_width_X": 0.2014}, "structural": {"Torso_Mass": 1.74, "Torso_Vshape": 0.62, "Waist_Size": 0.7, "Stomach_LocalFat": 0.52, "Shoulders_Tone": 0.62, "Arms_UpperarmMass": 1.5, "Hands_Mass": 1.5, "Legs_UpperlegLength": 0.32, "Neck_Mass": 1.5, "Stomach_Volume": 0.52, "Feet_Mass": 1.5, "Legs_LowerlegLength": 0.39, "Shoulders_Mass": 1.62, "Legs_UpperlegsMass": 1.68, "Legs_LowerlegsMass": 1.89, "Legs_KneeSize": 0.7, "Torso_Tone": 0.53, "Torso_SizeX": 0.59, "Shoulders_PosZ": 0.74, "Legs_UpperlegsTone": 0.35, "Cheeks_Mass": 1.5, "Shoulders_Size": 0.56, "Head_Size": 0.59, "Arms_UpperarmSize": 0.71, "Arms_ForearmMass": 1.5, "Wrists_Size": 0.6, "Torso_BreastMass": 1.0, "Legs_LowerlegsTone": 0.95, "Pelvis_GluteusMass": 1.71, "Arms_ForearmSize": 0.71}, "metaproperties": {"character_age": 0.0, "last_character_mass": 1.0, "last_character_tone": 0.0, "character_tone": 0.0, "character_mass": 1.0, "last_character_age": 0.0}}