{"manuellab_vers": [1, 5, 0], "materialproperties": {}, "proportions": {"feet_height_Z": 0.0421, "feet_length": 0.1395, "buttock_depth_Y": 0.1373, "lowerleg_length": 0.2579, "torso_height_Z": 0.206, "chest_depth_Y": 0.1196, "buttock_height_Z": 0.1585, "upperleg_length": 0.1885, "chest_girth": 0.4905, "neck_height_Z": 0.0261, "upperleg_top_girth": 0.3005, "forearm_length": 0.1343, "waist_girth": 0.3768, "body_height_Z": 1.0, "buttock_girth": 0.5931, "shoulders_width": 0.1671, "hands_width": 0.0467, "lowerleg_calf_girth": 0.2165, "neck_girth": 0.1667, "head_height_Z": 0.1336, "head_width_X": 0.0873, "head_length": 0.1238, "feet_heel_width": 0.0409, "feet_width": 0.0536, "buttock_width_X": 0.2116, "elbow_girth": 0.1407, "upperarm_axillary_girth": 0.1805, "upperarm_length": 0.1854, "upperleg_bottom_girth": 0.2032, "lowerleg_bottom_girth": 0.1131, "wrist_girth": 0.0844, "hands_length": 0.1036, "chest_width_X": 0.1438}, "structural": {"Torso_Mass": 0.3, "Neck_Tone": 0.47, "Waist_Size": 0.495, "Stomach_LocalFat": 0.475, "Arms_UpperarmMass": 0.15, "Torso_BreastMass": 0.25, "Legs_UpperlegLength": 0.05, "Feet_Size": 0.29, "Neck_Mass": 0.24, "Stomach_Volume": 0.49, "Feet_Mass": 0.24, "Torso_Vshape": 0.26, "Arms_UpperarmLength": 0.44, "Shoulders_Mass": 0.0, "Legs_UpperlegsMass": 0.12, "Legs_LowerlegsMass": 0.3, "Arms_UpperarmTone": 0.44, "Neck_Length": 0.08, "Pelvis_SizeX": 0.86, "Torso_Tone": 0.44, "Arms_ForearmTone": 0.59, "Shoulders_PosZ": 0.35, "Legs_UpperlegsTone": 0.53, "Cheeks_Mass": 0.0, "Arms_ForearmLength": 0.2, "Head_Size": 0.47, "Hands_Size": 0.32, "Wrists_Size": 0.475, "Arms_ForearmMass": 0.12, "Pelvis_SizeY": 0.8, "Hands_FingersLength": 0.11, "Legs_LowerlegsTone": 0.74, "Pelvis_GluteusMass": 0.21}, "metaproperties": {"character_age": 0.0, "last_character_mass": -0.5, "last_character_tone": 0.0, "character_tone": 0.0, "character_mass": -0.5, "last_character_age": 0.0}}