{"manuellab_vers": [1, 5, 0], "materialproperties": {}, "proportions": {"feet_height_Z": 0.0395, "feet_length": 0.138, "buttock_depth_Y": 0.2593, "lowerleg_length": 0.2408, "torso_height_Z": 0.241, "chest_depth_Y": 0.2365, "buttock_height_Z": 0.208, "upperleg_length": 0.1526, "chest_girth": 0.8607, "neck_height_Z": 0.0109, "upperleg_top_girth": 0.5379, "forearm_length": 0.1584, "waist_girth": 0.8616, "body_height_Z": 1.0, "buttock_girth": 0.9975, "shoulders_width": 0.1872, "hands_width": 0.0489, "lowerleg_calf_girth": 0.2896, "neck_girth": 0.2972, "head_height_Z": 0.1348, "head_width_X": 0.0864, "head_length": 0.1225, "feet_heel_width": 0.0422, "feet_width": 0.0546, "buttock_width_X": 0.3273, "elbow_girth": 0.1882, "upperarm_axillary_girth": 0.2952, "upperarm_length": 0.2062, "upperleg_bottom_girth": 0.3212, "lowerleg_bottom_girth": 0.1616, "wrist_girth": 0.0863, "hands_length": 0.1026, "chest_width_X": 0.2332}, "structural": {"Torso_Mass": 1.09, "Neck_Tone": -0.03, "Waist_Size": 0.595, "Stomach_LocalFat": 0.51, "Shoulders_Tone": 0.0, "Arms_UpperarmMass": 1.0, "Hands_Mass": 1.5, "Legs_UpperlegLength": 0.05, "Feet_Size": 0.29, "Neck_Mass": 1.12, "Stomach_Volume": 0.51, "Feet_Mass": 1.24, "Torso_Vshape": 0.41, "Head_Size": 0.47, "Shoulders_Mass": 1.0, "Legs_UpperlegsMass": 0.73, "Legs_LowerlegsMass": 1.03, "Legs_KneeSize": 0.6, "Arms_UpperarmTone": 0.0, "Neck_Length": 0.35, "Pelvis_GluteusTone": 0.0, "Pelvis_SizeX": 0.86, "Torso_Tone": -0.09, "Arms_UpperarmLength": 0.59, "Arms_ForearmTone": 0.0, "Cheeks_Tone": 0.0, "Legs_UpperlegsTone": -0.15, "Cheeks_Mass": 1.0, "Torso_BreastMass": 0.75, "Torso_BreastTone": 0.6, "Hands_Size": 0.32, "Wrists_Size": 0.525, "Arms_ForearmMass": 1.0, "Pelvis_SizeY": 0.8, "Arms_ForearmLength": 0.65, "Hands_FingersLength": 0.11, "Legs_LowerlegsTone": 0.0, "Pelvis_GluteusMass": 0.85}, "metaproperties": {"character_age": 0.0, "last_character_mass": 0.5, "last_character_tone": -0.5, "character_tone": -0.5, "character_mass": 0.5, "last_character_age": 0.0}}