{"manuellab_vers": [1, 5, 0], "materialproperties": {}, "proportions": {"feet_height_Z": 0.0426, "feet_length": 0.1414, "buttock_depth_Y": 0.108, "lowerleg_length": 0.2429, "torso_height_Z": 0.1992, "chest_depth_Y": 0.1106, "buttock_height_Z": 0.1525, "upperleg_length": 0.2071, "chest_girth": 0.4564, "neck_height_Z": 0.0371, "upperleg_top_girth": 0.237, "forearm_length": 0.1459, "waist_girth": 0.3353, "body_height_Z": 1.0, "buttock_girth": 0.47, "shoulders_width": 0.1733, "hands_width": 0.0459, "lowerleg_calf_girth": 0.1727, "neck_girth": 0.1524, "head_height_Z": 0.1283, "head_width_X": 0.0839, "head_length": 0.1189, "feet_heel_width": 0.0409, "feet_width": 0.0543, "buttock_width_X": 0.1631, "elbow_girth": 0.1324, "upperarm_axillary_girth": 0.1599, "upperarm_length": 0.1792, "upperleg_bottom_girth": 0.1807, "lowerleg_bottom_girth": 0.1122, "wrist_girth": 0.0828, "hands_length": 0.1095, "chest_width_X": 0.1381}, "structural": {"Torso_Mass": 0.0, "Neck_Tone": -0.5, "Waist_Size": 0.485, "Stomach_LocalFat": 0.475, "Shoulders_Tone": -0.5, "Arms_UpperarmMass": 0.0, "Hands_Mass": 0.0, "Abdomen_Mass": 0.71, "Neck_Mass": 0.0, "Stomach_Volume": 0.49, "Feet_Mass": 0.0, "Shoulders_Mass": 0.0, "Legs_UpperlegsMass": 0.06, "Legs_LowerlegsMass": 0.0, "Legs_KneeSize": 0.5, "Arms_UpperarmTone": -0.5, "Pelvis_GluteusTone": -0.5, "Torso_Tone": -0.5, "Arms_ForearmTone": -0.5, "Cheeks_Tone": -0.5, "Legs_UpperlegsTone": -0.5, "Cheeks_Mass": 0.0, "Torso_BreastMass": 0.28, "Torso_BreastTone": 0.61, "Arms_ForearmMass": 0.0, "Wrists_Size": 0.425, "Legs_LowerlegsTone": -0.5, "Pelvis_GluteusMass": 0.0, "Abdomen_Tone": 1.0}, "metaproperties": {"character_age": 0.0, "last_character_mass": -0.5, "last_character_tone": -1.0, "character_tone": -1.0, "character_mass": -0.5, "last_character_age": 0.0}}