{"manuellab_vers": [1, 5, 0], "materialproperties": {}, "proportions": {"feet_height_Z": 0.0426, "feet_length": 0.1414, "buttock_depth_Y": 0.1434, "lowerleg_length": 0.2436, "torso_height_Z": 0.199, "chest_depth_Y": 0.1502, "buttock_height_Z": 0.1556, "upperleg_length": 0.2047, "chest_girth": 0.5876, "neck_height_Z": 0.0381, "upperleg_top_girth": 0.3461, "forearm_length": 0.1459, "waist_girth": 0.4425, "body_height_Z": 1.0, "buttock_girth": 0.6568, "shoulders_width": 0.1787, "hands_width": 0.0473, "lowerleg_calf_girth": 0.2088, "neck_girth": 0.1696, "head_height_Z": 0.1283, "head_width_X": 0.0839, "head_length": 0.1189, "feet_heel_width": 0.0409, "feet_width": 0.0543, "buttock_width_X": 0.2495, "elbow_girth": 0.1365, "upperarm_axillary_girth": 0.1851, "upperarm_length": 0.1838, "upperleg_bottom_girth": 0.2059, "lowerleg_bottom_girth": 0.1122, "wrist_girth": 0.0863, "hands_length": 0.1096, "chest_width_X": 0.1512}, "structural": {"Waist_Size": 0.0, "Torso_Mass": 0.62, "Shoulders_Length": 0.8, "Stomach_LocalFat": 0.74, "Torso_BreastMass": 0.68, "Wrists_Size": 0.5, "Pelvis_GluteusSize": 0.74, "Pelvis_SizeX": 0.59}, "metaproperties": {"character_age": 0.0, "last_character_mass": 0.0, "last_character_tone": 0.0, "character_tone": 0.0, "character_mass": 0.0, "last_character_age": 0.0}}