{"manuellab_vers": [1, 5, 0], "materialproperties": {}, "proportions": {"feet_height_Z": 0.0406, "feet_length": 0.1414, "buttock_depth_Y": 0.2058, "lowerleg_length": 0.2261, "torso_height_Z": 0.2214, "chest_depth_Y": 0.2241, "buttock_height_Z": 0.1969, "upperleg_length": 0.1804, "chest_girth": 0.8097, "neck_height_Z": 0.0263, "upperleg_top_girth": 0.4907, "forearm_length": 0.1458, "waist_girth": 0.7715, "body_height_Z": 1.0, "buttock_girth": 0.8628, "shoulders_width": 0.1776, "hands_width": 0.0473, "lowerleg_calf_girth": 0.2674, "neck_girth": 0.2643, "head_height_Z": 0.1291, "head_width_X": 0.0802, "head_length": 0.1137, "feet_heel_width": 0.0422, "feet_width": 0.0557, "buttock_width_X": 0.2892, "elbow_girth": 0.1618, "upperarm_axillary_girth": 0.2596, "upperarm_length": 0.1909, "upperleg_bottom_girth": 0.3079, "lowerleg_bottom_girth": 0.1558, "wrist_girth": 0.0843, "hands_length": 0.1146, "chest_width_X": 0.2168}, "structural": {"Torso_BreastMass": 1.0, "Waist_Size": 0.48, "Stomach_LocalFat": 0.52, "Arms_UpperarmMass": 1.38, "Torso_Length": 0.71, "Legs_UpperlegLength": 0.65, "Stomach_Volume": 0.52, "Legs_LowerlegLength": 0.54, "Torso_SizeY": 0.29, "Arms_UpperarmLength": 0.59, "Chin_Tone": 0.29, "Shoulders_Mass": 1.08, "Legs_LowerlegsMass": 1.17, "Arms_UpperarmTone": -0.65, "Neck_Angle": 0.29, "Pelvis_GluteusTone": -0.5, "Torso_Tone": -0.32, "Arms_ForearmTone": -0.5, "Cheeks_Mass": 1.5, "Arms_ForearmLength": 0.65, "Hands_FingersInterDist": 0.38, "Wrists_Size": 0.55, "Torso_ToracicCurve": 1.0, "Legs_LowerlegsTone": -0.68, "Pelvis_GluteusMass": 1.5, "Legs_UpperlegInCurve": 0.74, "Legs_UpperlegSize": 0.44, "Torso_Mass": 1.53, "Neck_Tone": -0.65, "Shoulders_Tone": -0.76, "Hands_Mass": 1.14, "Feet_Size": 0.62, "Neck_Mass": 1.23, "Feet_Mass": 1.23, "Legs_UpperlegsMass": 1.23, "Forehead_SizeZ": 0.62, "Legs_KneeSize": 0.7, "Cheeks_Tone": -0.5, "Legs_UpperlegsTone": -0.77, "Neck_Size": 0.35, "Shoulders_PosZ": 0.14, "Torso_BreastTone": 0.7, "Neck_Length": 0.56, "Arms_UpperarmSize": 0.17, "Arms_ForearmMass": 1.5, "Pelvis_SizeY": 0.02, "Hands_FingersLength": 1.0, "Arms_ForearmSize": 0.2}, "metaproperties": {"character_age": 0.0, "last_character_mass": 1.0, "last_character_tone": -1.0, "character_tone": -1.0, "character_mass": 1.0, "last_character_age": 0.0}}