{"manuellab_vers": [1, 5, 0], "materialproperties": {}, "proportions": {"feet_height_Z": 0.0424, "feet_length": 0.141, "buttock_depth_Y": 0.0893, "lowerleg_length": 0.239, "torso_height_Z": 0.1905, "chest_depth_Y": 0.0918, "buttock_height_Z": 0.1493, "upperleg_length": 0.2119, "chest_girth": 0.3981, "neck_height_Z": 0.045, "upperleg_top_girth": 0.2243, "forearm_length": 0.1483, "waist_girth": 0.3144, "body_height_Z": 1.0, "buttock_girth": 0.4478, "shoulders_width": 0.1583, "hands_width": 0.0434, "lowerleg_calf_girth": 0.1704, "neck_girth": 0.1423, "head_height_Z": 0.1305, "head_width_X": 0.0827, "head_length": 0.1173, "feet_heel_width": 0.0404, "feet_width": 0.0541, "buttock_width_X": 0.165, "elbow_girth": 0.1464, "upperarm_axillary_girth": 0.1468, "upperarm_length": 0.1794, "upperleg_bottom_girth": 0.1785, "lowerleg_bottom_girth": 0.1098, "wrist_girth": 0.0795, "hands_length": 0.1141, "chest_width_X": 0.1302}, "structural": {"Torso_BreastMass": 0.0, "Waist_Size": 0.49, "Stomach_LocalFat": 0.45, "Arms_UpperarmMass": -0.62, "Torso_Length": 0.71, "Legs_UpperlegLength": 0.65, "Stomach_Volume": 0.48, "Torso_Vshape": 0.38, "Torso_SizeY": 0.29, "Arms_UpperarmLength": 0.59, "Chin_Tone": 0.29, "Shoulders_Mass": -0.92, "Legs_LowerlegsMass": -0.83, "Arms_UpperarmTone": 0.35, "Neck_Angle": 0.29, "Torso_Tone": 0.35, "Cheeks_Mass": -0.5, "Arms_ForearmLength": 0.65, "Head_Size": 0.59, "Hands_FingersInterDist": 0.38, "Wrists_Size": 0.45, "Torso_ToracicCurve": 1.0, "Legs_LowerlegsTone": 0.32, "Pelvis_GluteusMass": -0.35, "Legs_UpperlegInCurve": 0.29, "Legs_UpperlegSize": 0.44, "Torso_Mass": -0.56, "Neck_Tone": 0.35, "Shoulders_Tone": 0.24, "Hands_Mass": -0.86, "Feet_Size": 0.62, "Neck_Mass": -0.77, "Feet_Mass": -0.77, "Legs_LowerlegLength": 0.54, "Legs_UpperlegsMass": -0.77, "Forehead_SizeZ": 0.62, "Pelvis_SizeX": 0.44, "Shoulders_PosZ": 0.14, "Legs_UpperlegsTone": 0.23, "Neck_Size": 0.35, "Neck_Length": 0.56, "Arms_UpperarmSize": 0.41, "Arms_ForearmMass": -0.5, "Pelvis_SizeY": 0.02, "Elbows_Size": 0.86, "Hands_FingersLength": 1.0}, "metaproperties": {"character_age": 0.0, "last_character_mass": -1.0, "last_character_tone": 0.0, "character_tone": 0.0, "character_mass": -1.0, "last_character_age": 0.0}}