{"manuellab_vers": [1, 5, 0], "materialproperties": {}, "proportions": {"feet_height_Z": 0.0426, "feet_length": 0.1414, "buttock_depth_Y": 0.1081, "lowerleg_length": 0.2429, "torso_height_Z": 0.1886, "chest_depth_Y": 0.099, "buttock_height_Z": 0.1556, "upperleg_length": 0.2062, "chest_girth": 0.4261, "neck_height_Z": 0.0458, "upperleg_top_girth": 0.2483, "forearm_length": 0.1459, "waist_girth": 0.4777, "body_height_Z": 1.0, "buttock_girth": 0.5143, "shoulders_width": 0.1661, "hands_width": 0.0459, "lowerleg_calf_girth": 0.1727, "neck_girth": 0.1518, "head_height_Z": 0.1283, "head_width_X": 0.0839, "head_length": 0.1189, "feet_heel_width": 0.0409, "feet_width": 0.0543, "buttock_width_X": 0.1871, "elbow_girth": 0.1324, "upperarm_axillary_girth": 0.1576, "upperarm_length": 0.1755, "upperleg_bottom_girth": 0.1843, "lowerleg_bottom_girth": 0.1122, "wrist_girth": 0.0828, "hands_length": 0.1095, "chest_width_X": 0.1417}, "structural": {"Torso_Mass": -0.5, "Neck_Tone": 0.0, "Waist_Size": 0.845, "Stomach_LocalFat": 0.87, "Shoulders_Tone": 0.0, "Arms_UpperarmMass": -0.32, "Hands_Mass": -0.5, "Neck_Mass": -0.5, "Stomach_Volume": 0.48, "Feet_Mass": -0.5, "Torso_Vshape": 0.38, "Shoulders_Mass": -0.5, "Legs_UpperlegsMass": -0.29, "Legs_LowerlegsMass": -0.5, "Arms_UpperarmTone": 0.0, "Pelvis_GluteusTone": 0.0, "Pelvis_GluteusSize": 0.59, "Torso_Tone": 0.0, "Arms_ForearmTone": 0.0, "Cheeks_Tone": 0.0, "Legs_UpperlegsTone": -0.24, "Shoulders_PosZ": 0.17, "Torso_BreastMass": 0.0, "Torso_BreastTone": 0.6, "Pelvis_SizeX": 0.8, "Arms_ForearmMass": -0.5, "Wrists_Size": 0.425, "Cheeks_Mass": -0.5, "Shoulders_Length": 0.32, "Legs_LowerlegsTone": 0.0, "Pelvis_GluteusMass": -0.5, "Legs_UpperlegInCurve": 0.23}, "metaproperties": {"character_age": 0.0, "last_character_mass": -1.0, "last_character_tone": -0.5, "character_tone": -0.5, "character_mass": -1.0, "last_character_age": 0.0}}