{"manuellab_vers": [1, 5, 0], "materialproperties": {}, "proportions": {"feet_height_Z": 0.0433, "feet_length": 0.1438, "buttock_depth_Y": 0.1205, "lowerleg_length": 0.2469, "torso_height_Z": 0.2102, "chest_depth_Y": 0.1071, "buttock_height_Z": 0.1587, "upperleg_length": 0.1844, "chest_girth": 0.4779, "neck_height_Z": 0.0379, "upperleg_top_girth": 0.2732, "forearm_length": 0.1483, "waist_girth": 0.4226, "body_height_Z": 1.0, "buttock_girth": 0.5021, "shoulders_width": 0.1799, "hands_width": 0.0467, "lowerleg_calf_girth": 0.1914, "neck_girth": 0.1713, "head_height_Z": 0.1304, "head_width_X": 0.0853, "head_length": 0.1209, "feet_heel_width": 0.0416, "feet_width": 0.0552, "buttock_width_X": 0.1753, "elbow_girth": 0.1358, "upperarm_axillary_girth": 0.1746, "upperarm_length": 0.1847, "upperleg_bottom_girth": 0.1922, "lowerleg_bottom_girth": 0.1138, "wrist_girth": 0.0848, "hands_length": 0.1113, "chest_width_X": 0.1531}, "structural": {"Torso_Mass": -0.5, "Torso_Vshape": 0.29, "Waist_Size": 0.85, "Stomach_LocalFat": 0.45, "Arms_UpperarmMass": -0.5, "Torso_BreastMass": 0.0, "Legs_UpperlegLength": 0.08, "Neck_Mass": -0.5, "Stomach_Volume": 0.54, "Feet_Mass": -0.5, "Shoulders_Mass": -0.44, "Legs_UpperlegsMass": -0.5, "Legs_LowerlegsMass": -0.5, "Pelvis_SizeX": 0.32, "Pelvis_GluteusMass": -0.5, "Torso_SizeX": 0.83, "Cheeks_Mass": -0.5, "Hands_Mass": -0.5, "Torso_Length": 0.68, "Arms_ForearmMass": -0.5, "Wrists_Size": 0.45, "Shoulders_Length": 0.65}, "metaproperties": {"character_age": 0.0, "last_character_mass": -1.0, "last_character_tone": 0.0, "character_tone": 0.0, "character_mass": -1.0, "last_character_age": 0.0}}