{"manuellab_vers": [1, 5, 0], "materialproperties": {}, "proportions": {"feet_height_Z": 0.0387, "feet_length": 0.1352, "buttock_depth_Y": 0.2335, "lowerleg_length": 0.2414, "torso_height_Z": 0.2255, "chest_depth_Y": 0.2285, "buttock_height_Z": 0.1772, "upperleg_length": 0.1956, "chest_girth": 0.8347, "neck_height_Z": 0.0138, "upperleg_top_girth": 0.5099, "forearm_length": 0.1388, "waist_girth": 0.7931, "body_height_Z": 1.0, "buttock_girth": 0.8909, "shoulders_width": 0.178, "hands_width": 0.0478, "lowerleg_calf_girth": 0.2722, "neck_girth": 0.2814, "head_height_Z": 0.1281, "head_width_X": 0.0821, "head_length": 0.1164, "feet_heel_width": 0.0408, "feet_width": 0.0534, "buttock_width_X": 0.3008, "elbow_girth": 0.1748, "upperarm_axillary_girth": 0.2763, "upperarm_length": 0.2035, "upperleg_bottom_girth": 0.323, "lowerleg_bottom_girth": 0.154, "wrist_girth": 0.0863, "hands_length": 0.1049, "chest_width_X": 0.2198}, "structural": {"Torso_Mass": 1.5, "Neck_Tone": 0.0, "Waist_Size": 0.455, "Stomach_LocalFat": 0.52, "Shoulders_Tone": 0.09, "Arms_UpperarmMass": 1.5, "Hands_Mass": 1.5, "Legs_UpperlegLength": 0.65, "Arms_ForearmLength": 0.53, "Neck_Mass": 1.5, "Stomach_Volume": 0.52, "Feet_Mass": 1.5, "Legs_LowerlegLength": 0.62, "Head_Size": 0.56, "Torso_Dorsi": 0.8, "Shoulders_Mass": 1.38, "Legs_UpperlegsMass": 1.5, "Legs_LowerlegsMass": 1.5, "Legs_KneeSize": 0.7, "Arms_UpperarmTone": 0.0, "Arms_UpperarmLength": 0.737, "Pelvis_GluteusTone": 0.42, "Pelvis_GluteusSize": 0.57, "Torso_Tone": 0.0, "Arms_ForearmTone": 0.0, "Pelvis_SizeX": 0.55, "Cheeks_Tone": 0.0, "Legs_UpperlegsTone": 0.21, "Body_Size": 0.46, "Shoulders_PosZ": 0.59, "Torso_BreastMass": 1.27, "Torso_BreastTone": 0.84, "Neck_Length": 0.56, "Arms_ForearmMass": 1.5, "Wrists_Size": 0.575, "Cheeks_Mass": 1.5, "Legs_LowerlegsTone": 0.0, "Pelvis_GluteusMass": 1.59, "Legs_UpperlegSize": 0.65}, "metaproperties": {"character_age": 0.0, "last_character_mass": 1.0, "last_character_tone": -0.5, "character_tone": -0.5, "character_mass": 1.0, "last_character_age": 0.0}}