{"manuellab_vers": [1, 5, 0], "materialproperties": {}, "proportions": {"feet_height_Z": 0.0416, "feet_length": 0.1414, "buttock_depth_Y": 0.171, "lowerleg_length": 0.2352, "torso_height_Z": 0.2165, "chest_depth_Y": 0.1631, "buttock_height_Z": 0.1759, "upperleg_length": 0.1887, "chest_girth": 0.6292, "neck_height_Z": 0.0265, "upperleg_top_girth": 0.3771, "forearm_length": 0.1445, "waist_girth": 0.5542, "body_height_Z": 1.0, "buttock_girth": 0.6903, "shoulders_width": 0.1795, "hands_width": 0.0473, "lowerleg_calf_girth": 0.2244, "neck_girth": 0.2192, "head_height_Z": 0.1296, "head_width_X": 0.0839, "head_length": 0.1189, "feet_heel_width": 0.0412, "feet_width": 0.0543, "buttock_width_X": 0.2328, "elbow_girth": 0.1558, "upperarm_axillary_girth": 0.2193, "upperarm_length": 0.1848, "upperleg_bottom_girth": 0.2451, "lowerleg_bottom_girth": 0.1346, "wrist_girth": 0.0851, "hands_length": 0.1096, "chest_width_X": 0.1826}, "structural": {"Neck_Tone": -0.5, "Waist_Size": 0.49, "Shoulders_Tone": -0.5, "Arms_ForearmTone": -0.5, "Cheeks_Tone": -0.5, "Legs_UpperlegsTone": -0.5, "Abdomen_Mass": 0.0, "Torso_BreastTone": 0.7, "Wrists_Size": 0.45, "Arms_UpperarmTone": -0.5, "Legs_LowerlegsTone": -0.5, "Pelvis_GluteusTone": -0.5, "Abdomen_Tone": 0.0, "Torso_Tone": -0.5}, "metaproperties": {"character_age": 0.0, "last_character_mass": 0.0, "last_character_tone": -1.0, "character_tone": -1.0, "character_mass": 0.0, "last_character_age": 0.0}}