{"manuellab_vers": [1, 5, 0], "materialproperties": {}, "proportions": {"feet_height_Z": 0.0433, "feet_length": 0.144, "buttock_depth_Y": 0.1067, "lowerleg_length": 0.2384, "torso_height_Z": 0.2039, "chest_depth_Y": 0.1113, "buttock_height_Z": 0.1546, "upperleg_length": 0.199, "chest_girth": 0.456, "neck_height_Z": 0.0363, "upperleg_top_girth": 0.241, "forearm_length": 0.1485, "waist_girth": 0.3302, "body_height_Z": 1.0, "buttock_girth": 0.4769, "shoulders_width": 0.1654, "hands_width": 0.0467, "lowerleg_calf_girth": 0.1758, "neck_girth": 0.1586, "head_height_Z": 0.1351, "head_width_X": 0.0883, "head_length": 0.1252, "feet_heel_width": 0.0416, "feet_width": 0.0553, "buttock_width_X": 0.1661, "elbow_girth": 0.1348, "upperarm_axillary_girth": 0.1627, "upperarm_length": 0.1824, "upperleg_bottom_girth": 0.1839, "lowerleg_bottom_girth": 0.1141, "wrist_girth": 0.085, "hands_length": 0.1115, "chest_width_X": 0.1361}, "structural": {"Torso_Mass": 0.0, "Neck_Tone": 0.0, "Waist_Size": 0.49, "Stomach_LocalFat": 0.475, "Shoulders_Tone": 0.0, "Arms_UpperarmMass": 0.0, "Hands_Mass": 0.0, "Legs_UpperlegLength": 0.32, "Neck_Mass": 0.0, "Stomach_Volume": 0.49, "Feet_Mass": 0.0, "Torso_Vshape": 0.32, "Head_Size": 0.59, "Shoulders_Mass": 0.0, "Legs_UpperlegsMass": 0.0, "Legs_LowerlegsMass": 0.0, "Arms_UpperarmTone": 0.0, "Pelvis_GluteusTone": 0.0, "Torso_Tone": 0.0, "Arms_ForearmTone": 0.0, "Cheeks_Tone": 0.0, "Legs_UpperlegsTone": 0.0, "Cheeks_Mass": 0.0, "Torso_BreastMass": 0.25, "Torso_BreastTone": 0.6, "Arms_ForearmMass": 0.0, "Wrists_Size": 0.45, "Legs_LowerlegsTone": 0.0, "Pelvis_GluteusMass": 0.0, "Legs_LowerlegLength": 0.39}, "metaproperties": {"character_age": 0.0, "last_character_mass": -0.5, "last_character_tone": -0.5, "character_tone": -0.5, "character_mass": -0.5, "last_character_age": 0.0}}