{"proportions": {}, "structural": {"Stomach_Volume": 0.4988, "Feet_Mass": 0.44, "Shoulders_Tone": 0.95, "Cheeks_Mass": 0.44, "Wrists_Size": 0.542, "Legs_KneeSize": 0.59, "Stomach_LocalFat": 0.497, "Cheeks_Tone": 0.95, "Hands_Mass": 0.44, "Shoulders_Mass": 0.44, "Torso_Mass": 0.44, "Arms_ForearmTone": 0.95, "Legs_LowerlegsTone": 0.95, "Neck_Tone": 0.95, "Legs_UpperlegsTone": 0.95, "Arms_ForearmMass": 0.44, "Pelvis_GluteusMass": 0.44, "Neck_Mass": 0.44, "Abdomen_Tone": 1.0, "Torso_Tone": 0.95, "Pelvis_GluteusTone": 0.95, "Waist_Size": 0.5894, "Arms_UpperarmTone": 0.95, "Arms_UpperarmMass": 0.44, "Legs_LowerlegsMass": 0.44, "Abdomen_Mass": 0.71}, "manuellab_vers": [1, 5, 0], "metaproperties": {"character_age": 0.0, "last_character_mass": -0.06, "character_mass": -0.06, "last_character_tone": 0.45, "character_tone": 0.45, "last_character_age": 0.0}, "materialproperties": {}}