{"manuellab_vers": [1, 4, 0], "materialproperties": {}, "structural": {"Neck_Length": 0.35, "Pelvis_GluteusMass": 0.35, "Legs_LowerlegsMass": 0.53, "Feet_Mass": 0.74, "Legs_UpperlegsMass": 0.23, "Hands_Mass": 1.0, "Torso_Mass": 0.59, "Legs_UpperlegLength": 0.05, "Arms_ForearmLength": 0.65, "Feet_Size": 0.29, "Torso_Vshape": 0.41, "Hands_Size": 0.32, "Legs_UpperlegsTone": 0.35, "Pelvis_SizeX": 0.86, "Neck_Tone": 0.47, "Neck_Mass": 0.62, "Pelvis_SizeY": 0.8, "Hands_FingersLength": 0.11, "Arms_UpperarmLength": 0.59, "Head_Size": 0.47, "Torso_Tone": 0.41}, "metaproperties": {"last_character_tone": 0.0, "last_character_age": 0.0, "character_age": 0.0, "character_tone": 0.0, "last_character_mass": 0.0, "character_mass": 0.0}, "proportions": {}}