{"manuellab_vers": [1, 5, 0], "materialproperties": {}, "proportions": {"feet_height_Z": 0.0393, "feet_length": 0.1337, "buttock_depth_Y": 0.2519, "lowerleg_length": 0.2404, "torso_height_Z": 0.2358, "chest_depth_Y": 0.2415, "buttock_height_Z": 0.176, "upperleg_length": 0.1902, "chest_girth": 0.8578, "neck_height_Z": 0.0103, "upperleg_top_girth": 0.4681, "forearm_length": 0.1488, "waist_girth": 0.8549, "body_height_Z": 1.0, "buttock_girth": 0.9325, "shoulders_width": 0.1693, "hands_width": 0.0474, "lowerleg_calf_girth": 0.2647, "neck_girth": 0.2481, "head_height_Z": 0.1293, "head_width_X": 0.0837, "head_length": 0.1187, "feet_heel_width": 0.0406, "feet_width": 0.0529, "buttock_width_X": 0.3141, "elbow_girth": 0.182, "upperarm_axillary_girth": 0.2753, "upperarm_length": 0.1852, "upperleg_bottom_girth": 0.2913, "lowerleg_bottom_girth": 0.135, "wrist_girth": 0.0874, "hands_length": 0.0995, "chest_width_X": 0.2163}, "structural": {"Torso_Mass": 1.65, "Torso_Vshape": 0.26, "Waist_Size": 0.7, "Stomach_LocalFat": 0.52, "Arms_UpperarmMass": 1.5, "Hands_Mass": 2.0, "Feet_Size": 0.29, "Neck_Mass": 1.83, "Stomach_Volume": 0.52, "Feet_Mass": 1.74, "Shoulders_Mass": 1.5, "Legs_UpperlegsMass": 1.5, "Legs_LowerlegsMass": 1.5, "Legs_KneeSize": 0.7, "Neck_Length": 0.38, "Pelvis_SizeX": 0.86, "Pelvis_GluteusMass": 1.71, "Shoulders_PosZ": 0.77, "Cheeks_Mass": 1.5, "Torso_BreastMass": 1.0, "Head_Size": 0.47, "Hands_Size": 0.32, "Arms_ForearmMass": 1.5, "Pelvis_SizeY": 0.8, "Hands_FingersLength": 0.11, "Wrists_Size": 0.6, "Torso_Tone": 0.23}, "metaproperties": {"character_age": 0.0, "last_character_mass": 1.0, "last_character_tone": 0.0, "character_tone": 0.0, "character_mass": 1.0, "last_character_age": 0.0}}