{"manuellab_vers": [1, 5, 0], "materialproperties": {}, "proportions": {"feet_height_Z": 0.0403, "feet_length": 0.1337, "buttock_depth_Y": 0.1967, "lowerleg_length": 0.2476, "torso_height_Z": 0.2178, "chest_depth_Y": 0.1738, "buttock_height_Z": 0.1607, "upperleg_length": 0.1971, "chest_girth": 0.6553, "neck_height_Z": 0.0227, "upperleg_top_girth": 0.355, "forearm_length": 0.1465, "waist_girth": 0.6124, "body_height_Z": 1.0, "buttock_girth": 0.7644, "shoulders_width": 0.1632, "hands_width": 0.0474, "lowerleg_calf_girth": 0.2099, "neck_girth": 0.2181, "head_height_Z": 0.1289, "head_width_X": 0.0837, "head_length": 0.1187, "feet_heel_width": 0.0397, "feet_width": 0.0521, "buttock_width_X": 0.2688, "elbow_girth": 0.1372, "upperarm_axillary_girth": 0.1886, "upperarm_length": 0.18, "upperleg_bottom_girth": 0.2071, "lowerleg_bottom_girth": 0.1097, "wrist_girth": 0.0827, "hands_length": 0.0994, "chest_width_X": 0.1778}, "structural": {"Torso_Mass": 0.65, "Torso_Vshape": 0.26, "Hands_Mass": 1.0, "Feet_Size": 0.29, "Neck_Mass": 0.83, "Shoulders_PosZ": 0.77, "Feet_Mass": 0.74, "Head_Size": 0.47, "Hands_Size": 0.32, "Pelvis_SizeY": 0.8, "Neck_Length": 0.38, "Hands_FingersLength": 0.11, "Wrists_Size": 0.5, "Pelvis_GluteusMass": 0.71, "Pelvis_SizeX": 0.86, "Torso_Tone": 0.23}, "metaproperties": {"character_age": 0.0, "last_character_mass": 0.0, "last_character_tone": 0.0, "character_tone": 0.0, "character_mass": 0.0, "last_character_age": 0.0}}