{"manuellab_vers": [1, 5, 0], "materialproperties": {}, "proportions": {"feet_height_Z": 0.0421, "feet_length": 0.1395, "buttock_depth_Y": 0.1891, "lowerleg_length": 0.2577, "torso_height_Z": 0.2129, "chest_depth_Y": 0.1753, "buttock_height_Z": 0.1688, "upperleg_length": 0.1766, "chest_girth": 0.6644, "neck_height_Z": 0.0239, "upperleg_top_girth": 0.3809, "forearm_length": 0.1354, "waist_girth": 0.5736, "body_height_Z": 1.0, "buttock_girth": 0.7586, "shoulders_width": 0.1696, "hands_width": 0.0494, "lowerleg_calf_girth": 0.2463, "neck_girth": 0.2152, "head_height_Z": 0.1343, "head_width_X": 0.0873, "head_length": 0.1238, "feet_heel_width": 0.0414, "feet_width": 0.0543, "buttock_width_X": 0.2681, "elbow_girth": 0.1543, "upperarm_axillary_girth": 0.2033, "upperarm_length": 0.1847, "upperleg_bottom_girth": 0.2326, "lowerleg_bottom_girth": 0.1164, "wrist_girth": 0.0869, "hands_length": 0.1037, "chest_width_X": 0.1779}, "structural": {"Torso_Mass": 0.8, "Neck_Tone": 0.47, "Arms_UpperarmMass": 0.65, "Hands_Mass": 1.0, "Legs_UpperlegLength": 0.05, "Feet_Size": 0.29, "Neck_Mass": 0.74, "Wrists_Size": 0.5, "Feet_Mass": 0.74, "Torso_Vshape": 0.26, "Arms_UpperarmLength": 0.44, "Legs_UpperlegsMass": 0.62, "Legs_LowerlegsMass": 0.8, "Arms_UpperarmTone": 0.44, "Neck_Length": 0.08, "Pelvis_SizeX": 0.86, "Pelvis_GluteusMass": 0.71, "Arms_ForearmTone": 0.59, "Shoulders_PosZ": 0.35, "Legs_UpperlegsTone": 0.53, "Arms_ForearmLength": 0.2, "Head_Size": 0.47, "Hands_Size": 0.32, "Arms_ForearmMass": 0.62, "Pelvis_SizeY": 0.8, "Hands_FingersLength": 0.11, "Legs_LowerlegsTone": 0.74, "Torso_Tone": 0.44}, "metaproperties": {"character_age": 0.0, "last_character_mass": 0.0, "last_character_tone": 0.0, "character_tone": 0.0, "character_mass": 0.0, "last_character_age": 0.0}}