{"manuellab_vers": [1, 5, 0], "materialproperties": {}, "proportions": {"feet_height_Z": 0.0408, "feet_length": 0.141, "buttock_depth_Y": 0.1789, "lowerleg_length": 0.2266, "torso_height_Z": 0.2158, "chest_depth_Y": 0.2123, "buttock_height_Z": 0.1754, "upperleg_length": 0.1997, "chest_girth": 0.7686, "neck_height_Z": 0.0255, "upperleg_top_girth": 0.4455, "forearm_length": 0.1492, "waist_girth": 0.6802, "body_height_Z": 1.0, "buttock_girth": 0.7565, "shoulders_width": 0.1697, "hands_width": 0.0471, "lowerleg_calf_girth": 0.2612, "neck_girth": 0.2474, "head_height_Z": 0.1324, "head_width_X": 0.0827, "head_length": 0.1173, "feet_heel_width": 0.0419, "feet_width": 0.0555, "buttock_width_X": 0.2628, "elbow_girth": 0.1594, "upperarm_axillary_girth": 0.2548, "upperarm_length": 0.187, "upperleg_bottom_girth": 0.3065, "lowerleg_bottom_girth": 0.1484, "wrist_girth": 0.0869, "hands_length": 0.1143, "chest_width_X": 0.1977}, "structural": {"Torso_BreastMass": 1.0, "Waist_Size": 0.7, "Stomach_LocalFat": 0.52, "Arms_UpperarmMass": 1.38, "Torso_Length": 0.71, "Legs_UpperlegLength": 0.65, "Stomach_Volume": 0.61, "Torso_Vshape": 0.38, "Torso_SizeY": 0.29, "Arms_UpperarmLength": 0.59, "Chin_Tone": 0.29, "Shoulders_Mass": 1.08, "Legs_LowerlegsMass": 1.17, "Arms_UpperarmTone": 0.35, "Neck_Angle": 0.29, "Torso_Tone": 0.38, "Cheeks_Mass": 1.5, "Arms_ForearmLength": 0.65, "Head_Size": 0.59, "Hands_FingersInterDist": 0.38, "Wrists_Size": 0.6, "Torso_ToracicCurve": 1.0, "Legs_LowerlegsTone": 0.32, "Legs_UpperlegInCurve": 0.74, "Legs_UpperlegSize": 0.44, "Torso_Mass": 1.44, "Neck_Tone": 0.35, "Shoulders_Tone": 0.24, "Hands_Mass": 1.14, "Feet_Size": 0.62, "Neck_Mass": 1.23, "Feet_Mass": 1.23, "Legs_LowerlegLength": 0.54, "Legs_UpperlegsMass": 1.23, "Forehead_SizeZ": 0.62, "Legs_KneeSize": 0.7, "Shoulders_PosZ": 0.14, "Legs_UpperlegsTone": 0.23, "Neck_Size": 0.35, "Neck_Length": 0.56, "Arms_UpperarmSize": 0.17, "Arms_ForearmMass": 1.5, "Pelvis_SizeY": 0.02, "Hands_FingersLength": 1.0, "Pelvis_GluteusMass": 1.5, "Arms_ForearmSize": 0.2}, "metaproperties": {"character_age": 0.0, "last_character_mass": 1.0, "last_character_tone": 0.0, "character_tone": 0.0, "character_mass": 1.0, "last_character_age": 0.0}}