{"manuellab_vers": [1, 5, 0], "materialproperties": {}, "proportions": {"feet_height_Z": 0.0393, "feet_length": 0.1337, "buttock_depth_Y": 0.2514, "lowerleg_length": 0.2401, "torso_height_Z": 0.2362, "chest_depth_Y": 0.2315, "buttock_height_Z": 0.1756, "upperleg_length": 0.1902, "chest_girth": 0.8326, "neck_height_Z": 0.0103, "upperleg_top_girth": 0.4681, "forearm_length": 0.1488, "waist_girth": 0.8382, "body_height_Z": 1.0, "buttock_girth": 0.9318, "shoulders_width": 0.1693, "hands_width": 0.0474, "lowerleg_calf_girth": 0.2645, "neck_girth": 0.2481, "head_height_Z": 0.1293, "head_width_X": 0.0837, "head_length": 0.1187, "feet_heel_width": 0.0406, "feet_width": 0.0529, "buttock_width_X": 0.3141, "elbow_girth": 0.182, "upperarm_axillary_girth": 0.2753, "upperarm_length": 0.1852, "upperleg_bottom_girth": 0.2897, "lowerleg_bottom_girth": 0.135, "wrist_girth": 0.0856, "hands_length": 0.0994, "chest_width_X": 0.2161}, "structural": {"Torso_Mass": 1.15, "Torso_Vshape": 0.26, "Waist_Size": 0.6, "Stomach_LocalFat": 0.51, "Arms_UpperarmMass": 1.0, "Hands_Mass": 1.5, "Feet_Size": 0.29, "Neck_Mass": 1.33, "Stomach_Volume": 0.51, "Feet_Mass": 1.24, "Shoulders_Mass": 1.0, "Legs_UpperlegsMass": 1.0, "Legs_LowerlegsMass": 1.0, "Legs_KneeSize": 0.6, "Neck_Length": 0.38, "Pelvis_SizeX": 0.86, "Pelvis_GluteusMass": 1.21, "Shoulders_PosZ": 0.77, "Cheeks_Mass": 1.0, "Torso_BreastMass": 0.75, "Head_Size": 0.47, "Hands_Size": 0.32, "Arms_ForearmMass": 1.0, "Pelvis_SizeY": 0.8, "Hands_FingersLength": 0.11, "Wrists_Size": 0.55, "Torso_Tone": 0.23}, "metaproperties": {"character_age": 0.0, "last_character_mass": 0.5, "last_character_tone": 0.0, "character_tone": 0.0, "character_mass": 0.5, "last_character_age": 0.0}}