{"manuellab_vers": [1, 5, 0], "materialproperties": {}, "proportions": {"feet_height_Z": 0.0426, "feet_length": 0.1414, "buttock_depth_Y": 0.125, "lowerleg_length": 0.243, "torso_height_Z": 0.1983, "chest_depth_Y": 0.1315, "buttock_height_Z": 0.1535, "upperleg_length": 0.2087, "chest_girth": 0.5317, "neck_height_Z": 0.0369, "upperleg_top_girth": 0.329, "forearm_length": 0.1459, "waist_girth": 0.3825, "body_height_Z": 1.0, "buttock_girth": 0.5584, "shoulders_width": 0.1736, "hands_width": 0.0473, "lowerleg_calf_girth": 0.2089, "neck_girth": 0.1685, "head_height_Z": 0.1283, "head_width_X": 0.0839, "head_length": 0.1189, "feet_heel_width": 0.0409, "feet_width": 0.0543, "buttock_width_X": 0.2051, "elbow_girth": 0.1365, "upperarm_axillary_girth": 0.1856, "upperarm_length": 0.1791, "upperleg_bottom_girth": 0.2148, "lowerleg_bottom_girth": 0.1122, "wrist_girth": 0.0863, "hands_length": 0.1096, "chest_width_X": 0.1454}, "structural": {"Torso_BreastMass": 0.53, "Waist_Size": 0.5, "Legs_UpperlegsMass": 0.56, "Legs_KneeSize": 0.5, "Abdomen_Mass": 0.71, "Wrists_Size": 0.5, "Abdomen_Tone": 1.0, "Torso_BreastTone": 0.41}, "metaproperties": {"character_age": 0.0, "last_character_mass": 0.0, "last_character_tone": 0.0, "character_tone": 0.0, "character_mass": 0.0, "last_character_age": 0.0}}