{"manuellab_vers": [1, 5, 0], "materialproperties": {}, "proportions": {"feet_height_Z": 0.0424, "feet_length": 0.141, "buttock_depth_Y": 0.0781, "lowerleg_length": 0.2389, "torso_height_Z": 0.1899, "chest_depth_Y": 0.0984, "buttock_height_Z": 0.1498, "upperleg_length": 0.212, "chest_girth": 0.4122, "neck_height_Z": 0.045, "upperleg_top_girth": 0.2242, "forearm_length": 0.1483, "waist_girth": 0.3057, "body_height_Z": 1.0, "buttock_girth": 0.4229, "shoulders_width": 0.1583, "hands_width": 0.0434, "lowerleg_calf_girth": 0.1652, "neck_girth": 0.1387, "head_height_Z": 0.1305, "head_width_X": 0.0827, "head_length": 0.1173, "feet_heel_width": 0.0404, "feet_width": 0.0541, "buttock_width_X": 0.154, "elbow_girth": 0.1456, "upperarm_axillary_girth": 0.146, "upperarm_length": 0.1794, "upperleg_bottom_girth": 0.1787, "lowerleg_bottom_girth": 0.11, "wrist_girth": 0.079, "hands_length": 0.1141, "chest_width_X": 0.1287}, "structural": {"Torso_BreastMass": 0.25, "Waist_Size": 0.485, "Stomach_LocalFat": 0.475, "Arms_UpperarmMass": -0.12, "Torso_Length": 0.71, "Legs_UpperlegLength": 0.65, "Stomach_Volume": 0.49, "Torso_Vshape": 0.38, "Torso_SizeY": 0.29, "Arms_UpperarmLength": 0.59, "Chin_Tone": 0.29, "Shoulders_Mass": -0.42, "Legs_LowerlegsMass": -0.33, "Arms_UpperarmTone": -0.65, "Neck_Angle": 0.29, "Pelvis_GluteusTone": -0.5, "Torso_Tone": -0.65, "Arms_ForearmTone": -0.5, "Cheeks_Mass": 0.0, "Arms_ForearmLength": 0.65, "Head_Size": 0.59, "Hands_FingersInterDist": 0.38, "Wrists_Size": 0.425, "Torso_ToracicCurve": 1.0, "Legs_LowerlegsTone": -0.68, "Pelvis_GluteusMass": 0.15, "Legs_UpperlegInCurve": 0.29, "Legs_UpperlegSize": 0.44, "Torso_Mass": -0.06, "Neck_Tone": -0.65, "Shoulders_Tone": -0.76, "Hands_Mass": -0.36, "Feet_Size": 0.62, "Neck_Mass": -0.27, "Feet_Mass": -0.27, "Legs_LowerlegLength": 0.54, "Legs_UpperlegsMass": -0.27, "Forehead_SizeZ": 0.62, "Pelvis_SizeX": 0.44, "Cheeks_Tone": -0.5, "Legs_UpperlegsTone": -0.77, "Neck_Size": 0.35, "Shoulders_PosZ": 0.14, "Torso_BreastTone": 0.7, "Neck_Length": 0.56, "Arms_UpperarmSize": 0.41, "Arms_ForearmMass": 0.0, "Pelvis_SizeY": 0.02, "Elbows_Size": 0.86, "Hands_FingersLength": 1.0}, "metaproperties": {"character_age": 0.0, "last_character_mass": -0.5, "last_character_tone": -1.0, "character_tone": -1.0, "character_mass": -0.5, "last_character_age": 0.0}}