{"manuellab_vers": [1, 5, 0], "materialproperties": {}, "proportions": {"feet_height_Z": 0.0406, "feet_length": 0.1414, "buttock_depth_Y": 0.2414, "lowerleg_length": 0.2292, "torso_height_Z": 0.2212, "chest_depth_Y": 0.2427, "buttock_height_Z": 0.2042, "upperleg_length": 0.1732, "chest_girth": 0.8684, "neck_height_Z": 0.0246, "upperleg_top_girth": 0.5341, "forearm_length": 0.1433, "waist_girth": 0.9372, "body_height_Z": 1.0, "buttock_girth": 0.967, "shoulders_width": 0.1786, "hands_width": 0.0499, "lowerleg_calf_girth": 0.2791, "neck_girth": 0.2872, "head_height_Z": 0.1309, "head_width_X": 0.0839, "head_length": 0.1189, "feet_heel_width": 0.0426, "feet_width": 0.0558, "buttock_width_X": 0.3257, "elbow_girth": 0.1814, "upperarm_axillary_girth": 0.2839, "upperarm_length": 0.1872, "upperleg_bottom_girth": 0.319, "lowerleg_bottom_girth": 0.1598, "wrist_girth": 0.0901, "hands_length": 0.1097, "chest_width_X": 0.2275}, "structural": {"Torso_Mass": 1.5, "Neck_Tone": 0.0, "Waist_Size": 1.055, "Stomach_LocalFat": 0.7, "Shoulders_Tone": 0.0, "Arms_UpperarmMass": 1.5, "Hands_Mass": 1.5, "Neck_Mass": 1.5, "Stomach_Volume": 0.52, "Feet_Mass": 1.5, "Torso_Vshape": 0.38, "Shoulders_Mass": 1.5, "Legs_UpperlegsMass": 1.5, "Legs_LowerlegsMass": 1.5, "Legs_KneeSize": 0.7, "Arms_UpperarmTone": 0.0, "Pelvis_GluteusTone": 0.0, "Pelvis_GluteusSize": 0.59, "Torso_Tone": 0.0, "Arms_ForearmTone": 0.0, "Cheeks_Tone": 0.0, "Legs_UpperlegsTone": 0.0, "Shoulders_PosZ": 0.17, "Torso_BreastMass": 1.0, "Torso_BreastTone": 0.6, "Pelvis_SizeX": 0.8, "Arms_ForearmMass": 1.5, "Wrists_Size": 0.575, "Cheeks_Mass": 1.5, "Shoulders_Length": 0.32, "Legs_LowerlegsTone": 0.0, "Pelvis_GluteusMass": 1.5}, "metaproperties": {"character_age": 0.0, "last_character_mass": 1.0, "last_character_tone": -0.5, "character_tone": -0.5, "character_mass": 1.0, "last_character_age": 0.0}}