{"manuellab_vers": [1, 5, 0], "materialproperties": {}, "proportions": {"feet_height_Z": 0.0393, "feet_length": 0.1337, "buttock_depth_Y": 0.2225, "lowerleg_length": 0.2393, "torso_height_Z": 0.2301, "chest_depth_Y": 0.1883, "buttock_height_Z": 0.1949, "upperleg_length": 0.1717, "chest_girth": 0.706, "neck_height_Z": 0.0123, "upperleg_top_girth": 0.4219, "forearm_length": 0.1452, "waist_girth": 0.6999, "body_height_Z": 1.0, "buttock_girth": 0.8744, "shoulders_width": 0.1687, "hands_width": 0.0474, "lowerleg_calf_girth": 0.2255, "neck_girth": 0.2839, "head_height_Z": 0.1306, "head_width_X": 0.0837, "head_length": 0.1187, "feet_heel_width": 0.04, "feet_width": 0.0521, "buttock_width_X": 0.289, "elbow_girth": 0.1566, "upperarm_axillary_girth": 0.224, "upperarm_length": 0.1857, "upperleg_bottom_girth": 0.2467, "lowerleg_bottom_girth": 0.1323, "wrist_girth": 0.0815, "hands_length": 0.0994, "chest_width_X": 0.1978}, "structural": {"Torso_Mass": 0.65, "Neck_Tone": -0.5, "Waist_Size": 0.49, "Shoulders_Tone": -0.5, "Hands_Mass": 1.0, "Feet_Size": 0.29, "Neck_Mass": 0.83, "Wrists_Size": 0.45, "Feet_Mass": 0.74, "Torso_Vshape": 0.26, "Head_Size": 0.47, "Arms_UpperarmTone": -0.5, "Neck_Length": 0.38, "Pelvis_GluteusTone": -0.5, "Pelvis_SizeX": 0.86, "Torso_Tone": -0.77, "Arms_ForearmTone": -0.5, "Shoulders_PosZ": 0.77, "Legs_UpperlegsTone": -0.5, "Cheeks_Tone": -0.5, "Torso_BreastTone": 0.7, "Hands_Size": 0.32, "Pelvis_SizeY": 0.8, "Hands_FingersLength": 0.11, "Legs_LowerlegsTone": -0.5, "Pelvis_GluteusMass": 0.71}, "metaproperties": {"character_age": 0.0, "last_character_mass": 0.0, "last_character_tone": -1.0, "character_tone": -1.0, "character_mass": 0.0, "last_character_age": 0.0}}