{"manuellab_vers": [1, 5, 0], "materialproperties": {}, "proportions": {"feet_height_Z": 0.0416, "feet_length": 0.1414, "buttock_depth_Y": 0.1833, "lowerleg_length": 0.236, "torso_height_Z": 0.2204, "chest_depth_Y": 0.2135, "buttock_height_Z": 0.1769, "upperleg_length": 0.1887, "chest_girth": 0.8231, "neck_height_Z": 0.0216, "upperleg_top_girth": 0.4451, "forearm_length": 0.1481, "waist_girth": 0.5965, "body_height_Z": 1.0, "buttock_girth": 0.731, "shoulders_width": 0.2005, "hands_width": 0.0499, "lowerleg_calf_girth": 0.2632, "neck_girth": 0.2449, "head_height_Z": 0.1296, "head_width_X": 0.0839, "head_length": 0.1189, "feet_heel_width": 0.0423, "feet_width": 0.0558, "buttock_width_X": 0.2475, "elbow_girth": 0.1811, "upperarm_axillary_girth": 0.2715, "upperarm_length": 0.1858, "upperleg_bottom_girth": 0.2882, "lowerleg_bottom_girth": 0.1384, "wrist_girth": 0.0904, "hands_length": 0.1097, "chest_width_X": 0.2139}, "structural": {"Torso_Mass": 1.0, "Torso_Vshape": 0.89, "Waist_Size": 0.6, "Stomach_LocalFat": 0.51, "Arms_UpperarmMass": 1.0, "Hands_Mass": 1.0, "Feet_Mass": 1.0, "Neck_Mass": 1.0, "Arms_ForearmMass": 1.0, "Torso_BreastMass": 0.75, "Shoulders_Mass": 1.0, "Legs_UpperlegsMass": 1.0, "Legs_LowerlegsMass": 1.0, "Legs_KneeSize": 0.6, "Cheeks_Mass": 1.0, "Wrists_Size": 0.55, "Stomach_Volume": 0.51, "Pelvis_SizeX": 0.11, "Pelvis_GluteusMass": 1.0}, "metaproperties": {"character_age": 0.0, "last_character_mass": 0.5, "last_character_tone": 0.0, "character_tone": 0.0, "character_mass": 0.5, "last_character_age": 0.0}}