{"manuellab_vers": [1, 5, 0], "materialproperties": {}, "proportions": {"feet_height_Z": 0.0397, "feet_length": 0.1352, "buttock_depth_Y": 0.18, "lowerleg_length": 0.2519, "torso_height_Z": 0.2127, "chest_depth_Y": 0.2097, "buttock_height_Z": 0.1461, "upperleg_length": 0.2146, "chest_girth": 0.7697, "neck_height_Z": 0.0206, "upperleg_top_girth": 0.4085, "forearm_length": 0.1435, "waist_girth": 0.5733, "body_height_Z": 1.0, "buttock_girth": 0.7193, "shoulders_width": 0.1742, "hands_width": 0.0478, "lowerleg_calf_girth": 0.256, "neck_girth": 0.2387, "head_height_Z": 0.1268, "head_width_X": 0.0821, "head_length": 0.1164, "feet_heel_width": 0.0405, "feet_width": 0.0534, "buttock_width_X": 0.2556, "elbow_girth": 0.1744, "upperarm_axillary_girth": 0.2631, "upperarm_length": 0.1967, "upperleg_bottom_girth": 0.2816, "lowerleg_bottom_girth": 0.133, "wrist_girth": 0.0882, "hands_length": 0.105, "chest_width_X": 0.1842}, "structural": {"Torso_Mass": 1.5, "Waist_Size": 0.46, "Stomach_LocalFat": 0.52, "Shoulders_Tone": 0.59, "Arms_UpperarmMass": 1.5, "Hands_Mass": 1.5, "Legs_UpperlegLength": 0.65, "Arms_ForearmLength": 0.53, "Neck_Mass": 1.5, "Stomach_Volume": 0.52, "Feet_Mass": 1.5, "Legs_LowerlegLength": 0.62, "Head_Size": 0.56, "Shoulders_Mass": 1.38, "Legs_UpperlegsMass": 1.5, "Legs_LowerlegsMass": 1.5, "Legs_KneeSize": 0.7, "Arms_UpperarmLength": 0.737, "Pelvis_GluteusTone": 0.92, "Pelvis_GluteusSize": 0.57, "Pelvis_GluteusMass": 1.59, "Pelvis_SizeX": 0.55, "Shoulders_PosZ": 0.59, "Legs_UpperlegsTone": 0.71, "Torso_Dorsi": 0.8, "Cheeks_Mass": 1.5, "Torso_BreastMass": 1.27, "Torso_BreastTone": 0.74, "Body_Size": 0.46, "Neck_Length": 0.56, "Arms_ForearmMass": 1.5, "Wrists_Size": 0.6, "Legs_UpperlegSize": 0.65}, "metaproperties": {"character_age": 0.0, "last_character_mass": 1.0, "last_character_tone": 0.0, "character_tone": 0.0, "character_mass": 1.0, "last_character_age": 0.0}}