{"manuellab_vers": [1, 5, 0], "materialproperties": {}, "proportions": {"feet_height_Z": 0.0406, "feet_length": 0.1414, "buttock_depth_Y": 0.2382, "lowerleg_length": 0.2292, "torso_height_Z": 0.2308, "chest_depth_Y": 0.2392, "buttock_height_Z": 0.2022, "upperleg_length": 0.1743, "chest_girth": 0.8559, "neck_height_Z": 0.0159, "upperleg_top_girth": 0.5257, "forearm_length": 0.1433, "waist_girth": 0.8783, "body_height_Z": 1.0, "buttock_girth": 0.914, "shoulders_width": 0.1732, "hands_width": 0.0499, "lowerleg_calf_girth": 0.2791, "neck_girth": 0.2866, "head_height_Z": 0.1309, "head_width_X": 0.0839, "head_length": 0.1189, "feet_heel_width": 0.0426, "feet_width": 0.0558, "buttock_width_X": 0.298, "elbow_girth": 0.1814, "upperarm_axillary_girth": 0.2845, "upperarm_length": 0.1907, "upperleg_bottom_girth": 0.319, "lowerleg_bottom_girth": 0.1598, "wrist_girth": 0.0892, "hands_length": 0.1097, "chest_width_X": 0.2221}, "structural": {"Torso_Mass": 1.5, "Neck_Tone": -0.5, "Waist_Size": 1.05, "Stomach_LocalFat": 0.52, "Shoulders_Tone": -0.5, "Arms_UpperarmMass": 1.5, "Hands_Mass": 1.5, "Neck_Mass": 1.5, "Stomach_Volume": 0.52, "Feet_Mass": 1.5, "Torso_Vshape": 0.29, "Shoulders_Mass": 1.5, "Legs_UpperlegsMass": 1.5, "Legs_LowerlegsMass": 1.5, "Legs_KneeSize": 0.7, "Arms_UpperarmTone": -0.5, "Pelvis_GluteusTone": -0.5, "Pelvis_SizeX": 0.32, "Torso_Tone": -0.5, "Arms_ForearmTone": -0.5, "Cheeks_Tone": -0.5, "Legs_UpperlegsTone": -0.5, "Cheeks_Mass": 1.5, "Torso_BreastMass": 1.0, "Torso_BreastTone": 0.7, "Arms_ForearmMass": 1.5, "Wrists_Size": 0.55, "Legs_LowerlegsTone": -0.5, "Pelvis_GluteusMass": 1.5}, "metaproperties": {"character_age": 0.0, "last_character_mass": 1.0, "last_character_tone": -1.0, "character_tone": -1.0, "character_mass": 1.0, "last_character_age": 0.0}}