{"manuellab_vers": [1, 5, 0], "materialproperties": {}, "proportions": {"feet_height_Z": 0.0424, "feet_length": 0.144, "buttock_depth_Y": 0.2325, "lowerleg_length": 0.2286, "torso_height_Z": 0.2347, "chest_depth_Y": 0.2096, "buttock_height_Z": 0.1989, "upperleg_length": 0.1652, "chest_girth": 0.8021, "neck_height_Z": 0.0173, "upperleg_top_girth": 0.4927, "forearm_length": 0.147, "waist_girth": 0.801, "body_height_Z": 1.0, "buttock_girth": 0.8975, "shoulders_width": 0.1936, "hands_width": 0.0481, "lowerleg_calf_girth": 0.258, "neck_girth": 0.2344, "head_height_Z": 0.1364, "head_width_X": 0.0883, "head_length": 0.1252, "feet_heel_width": 0.0419, "feet_width": 0.0553, "buttock_width_X": 0.2962, "elbow_girth": 0.1679, "upperarm_axillary_girth": 0.2452, "upperarm_length": 0.1891, "upperleg_bottom_girth": 0.296, "lowerleg_bottom_girth": 0.1367, "wrist_girth": 0.0885, "hands_length": 0.1116, "chest_width_X": 0.2319}, "structural": {"Torso_Mass": 0.74, "Neck_Tone": 0.0, "Waist_Size": 0.495, "Shoulders_Tone": 0.12, "Legs_UpperlegLength": 0.32, "Torso_Vshape": 0.62, "Head_Size": 0.59, "Shoulders_Mass": 0.62, "Legs_UpperlegsMass": 0.68, "Legs_LowerlegsMass": 0.89, "Arms_UpperarmTone": 0.0, "Pelvis_GluteusTone": 0.0, "Torso_Tone": 0.03, "Torso_SizeX": 0.59, "Arms_ForearmTone": 0.0, "Cheeks_Tone": 0.0, "Legs_UpperlegsTone": -0.15, "Shoulders_PosZ": 0.74, "Shoulders_Size": 0.56, "Torso_BreastTone": 0.6, "Arms_UpperarmSize": 0.71, "Wrists_Size": 0.475, "Legs_LowerlegsTone": 0.45, "Pelvis_GluteusMass": 0.71, "Arms_ForearmSize": 0.71, "Legs_LowerlegLength": 0.39}, "metaproperties": {"character_age": 0.0, "last_character_mass": 0.0, "last_character_tone": -0.5, "character_tone": -0.5, "character_mass": 0.0, "last_character_age": 0.0}}