{"manuellab_vers": [1, 5, 0], "materialproperties": {}, "proportions": {"feet_height_Z": 0.0406, "feet_length": 0.136, "buttock_depth_Y": 0.1441, "lowerleg_length": 0.2524, "torso_height_Z": 0.2076, "chest_depth_Y": 0.1632, "buttock_height_Z": 0.1645, "upperleg_length": 0.1935, "chest_girth": 0.6333, "neck_height_Z": 0.0287, "upperleg_top_girth": 0.3589, "forearm_length": 0.1424, "waist_girth": 0.4339, "body_height_Z": 1.0, "buttock_girth": 0.6352, "shoulders_width": 0.1873, "hands_width": 0.0469, "lowerleg_calf_girth": 0.225, "neck_girth": 0.1962, "head_height_Z": 0.1239, "head_width_X": 0.0807, "head_length": 0.1144, "feet_heel_width": 0.0401, "feet_width": 0.0531, "buttock_width_X": 0.2216, "elbow_girth": 0.154, "upperarm_axillary_girth": 0.2159, "upperarm_length": 0.1754, "upperleg_bottom_girth": 0.238, "lowerleg_bottom_girth": 0.1173, "wrist_girth": 0.0857, "hands_length": 0.1055, "chest_width_X": 0.1666}, "structural": {"Torso_Mass": 0.79, "Neck_Tone": 0.56, "Waist_Size": 0.4899, "Shoulders_SizeX": 0.74, "Shoulders_Tone": 0.29, "Arms_UpperarmMass": 0.79, "Hands_Mass": 0.79, "Legs_UpperlegLength": 0.59, "Neck_Mass": 0.79, "Stomach_Volume": 0.5058, "Feet_Mass": 0.79, "Torso_Vshape": 0.56, "Legs_LowerlegLength": 0.62, "Shoulders_Mass": 0.64, "Legs_UpperlegsMass": 0.79, "Legs_LowerlegsMass": 0.79, "Legs_KneeSize": 0.402, "Arms_UpperarmTone": 0.56, "Stomach_LocalFat": 0.4995, "Pelvis_GluteusTone": 0.56, "Torso_Tone": 0.56, "Neck_Collarbone": 0.59, "Arms_ForearmTone": 0.56, "Shoulders_PosZ": 0.71, "Legs_UpperlegsTone": 0.56, "Abdomen_Tone": 0.8, "Cheeks_Mass": 0.73, "Torso_BreastMass": 0.645, "Torso_BreastTone": 0.512, "Neck_Length": 0.68, "Legs_LowerlegSize": 0.38, "Arms_UpperarmSize": 0.44, "Arms_ForearmMass": 0.79, "Wrists_Size": 0.5455, "Legs_LowerlegsTone": 0.56, "Pelvis_GluteusMass": 0.97, "Arms_ForearmSize": 0.38, "Legs_UpperlegSize": 0.32}, "metaproperties": {"character_age": 0.0, "last_character_mass": 0.5, "last_character_tone": 0.0, "character_tone": 0.0, "character_mass": 0.5, "last_character_age": 0.0}}