{"manuellab_vers": [1, 5, 0], "materialproperties": {}, "proportions": {"feet_height_Z": 0.0426, "feet_length": 0.1414, "buttock_depth_Y": 0.1253, "lowerleg_length": 0.2436, "torso_height_Z": 0.1982, "chest_depth_Y": 0.1258, "buttock_height_Z": 0.1534, "upperleg_length": 0.2084, "chest_girth": 0.5173, "neck_height_Z": 0.0369, "upperleg_top_girth": 0.32, "forearm_length": 0.1459, "waist_girth": 0.3845, "body_height_Z": 1.0, "buttock_girth": 0.5582, "shoulders_width": 0.1736, "hands_width": 0.0473, "lowerleg_calf_girth": 0.2088, "neck_girth": 0.1685, "head_height_Z": 0.1283, "head_width_X": 0.0839, "head_length": 0.1189, "feet_heel_width": 0.0409, "feet_width": 0.0543, "buttock_width_X": 0.2051, "elbow_girth": 0.1365, "upperarm_axillary_girth": 0.1856, "upperarm_length": 0.1791, "upperleg_bottom_girth": 0.2059, "lowerleg_bottom_girth": 0.1122, "wrist_girth": 0.0863, "hands_length": 0.1096, "chest_width_X": 0.1454}, "structural": {"Abdomen_Mass": 1.0, "Waist_Size": 0.5, "Abdomen_Tone": 1.0, "Legs_KneeSize": 0.5}, "metaproperties": {"character_age": 0.0, "last_character_mass": 0.0, "last_character_tone": 0.0, "character_tone": 0.0, "character_mass": 0.0, "last_character_age": 0.0}}