{"manuellab_vers": [1, 5, 0], "materialproperties": {}, "proportions": {"feet_height_Z": 0.0424, "feet_length": 0.141, "buttock_depth_Y": 0.0814, "lowerleg_length": 0.2389, "torso_height_Z": 0.19, "chest_depth_Y": 0.0899, "buttock_height_Z": 0.1497, "upperleg_length": 0.2119, "chest_girth": 0.39, "neck_height_Z": 0.045, "upperleg_top_girth": 0.215, "forearm_length": 0.148, "waist_girth": 0.3125, "body_height_Z": 1.0, "buttock_girth": 0.4273, "shoulders_width": 0.1583, "hands_width": 0.0434, "lowerleg_calf_girth": 0.1652, "neck_girth": 0.1387, "head_height_Z": 0.1305, "head_width_X": 0.0827, "head_length": 0.1173, "feet_heel_width": 0.0404, "feet_width": 0.0541, "buttock_width_X": 0.1555, "elbow_girth": 0.1151, "upperarm_axillary_girth": 0.1403, "upperarm_length": 0.1793, "upperleg_bottom_girth": 0.1752, "lowerleg_bottom_girth": 0.11, "wrist_girth": 0.078, "hands_length": 0.1141, "chest_width_X": 0.1284}, "structural": {"Torso_BreastMass": 0.0, "Waist_Size": 0.485, "Stomach_LocalFat": 0.45, "Arms_UpperarmMass": -0.62, "Torso_Length": 0.71, "Legs_UpperlegLength": 0.65, "Stomach_Volume": 0.57, "Torso_Vshape": 0.38, "Torso_SizeY": 0.29, "Arms_UpperarmLength": 0.59, "Chin_Tone": 0.29, "Shoulders_Mass": -0.92, "Legs_LowerlegsMass": -0.83, "Arms_UpperarmTone": -0.15, "Neck_Angle": 0.29, "Pelvis_GluteusTone": 0.0, "Torso_Tone": -0.12, "Arms_ForearmTone": 0.0, "Cheeks_Mass": -0.5, "Arms_ForearmLength": 0.65, "Head_Size": 0.59, "Hands_FingersInterDist": 0.38, "Wrists_Size": 0.425, "Torso_ToracicCurve": 1.0, "Legs_LowerlegsTone": -0.18, "Pelvis_GluteusMass": -0.5, "Legs_UpperlegInCurve": 0.74, "Legs_UpperlegSize": 0.44, "Torso_Mass": -0.56, "Neck_Tone": -0.15, "Shoulders_Tone": -0.26, "Hands_Mass": -0.86, "Feet_Size": 0.62, "Neck_Mass": -0.77, "Feet_Mass": -0.77, "Legs_LowerlegLength": 0.54, "Legs_UpperlegsMass": -0.77, "Forehead_SizeZ": 0.62, "Cheeks_Tone": 0.0, "Legs_UpperlegsTone": -0.27, "Neck_Size": 0.35, "Shoulders_PosZ": 0.14, "Torso_BreastTone": 0.6, "Neck_Length": 0.56, "Arms_UpperarmSize": 0.17, "Arms_ForearmMass": -0.5, "Pelvis_SizeY": 0.02, "Hands_FingersLength": 1.0, "Arms_ForearmSize": 0.2}, "metaproperties": {"character_age": 0.0, "last_character_mass": -1.0, "last_character_tone": -0.5, "character_tone": -0.5, "character_mass": -1.0, "last_character_age": 0.0}}