{"manuellab_vers": [1, 5, 0], "materialproperties": {}, "proportions": {"feet_height_Z": 0.0393, "feet_length": 0.136, "buttock_depth_Y": 0.2165, "lowerleg_length": 0.2422, "torso_height_Z": 0.2232, "chest_depth_Y": 0.2034, "buttock_height_Z": 0.1906, "upperleg_length": 0.1765, "chest_girth": 0.7586, "neck_height_Z": 0.0212, "upperleg_top_girth": 0.471, "forearm_length": 0.138, "waist_girth": 0.7273, "body_height_Z": 1.0, "buttock_girth": 0.8476, "shoulders_width": 0.1918, "hands_width": 0.0469, "lowerleg_calf_girth": 0.257, "neck_girth": 0.2623, "head_height_Z": 0.1256, "head_width_X": 0.0807, "head_length": 0.1144, "feet_heel_width": 0.0405, "feet_width": 0.0531, "buttock_width_X": 0.2801, "elbow_girth": 0.1668, "upperarm_axillary_girth": 0.2495, "upperarm_length": 0.1822, "upperleg_bottom_girth": 0.2899, "lowerleg_bottom_girth": 0.1464, "wrist_girth": 0.084, "hands_length": 0.1055, "chest_width_X": 0.2116}, "structural": {"Torso_Mass": 0.79, "Neck_Tone": 0.06, "Waist_Size": 0.4849, "Shoulders_SizeX": 0.74, "Shoulders_Tone": -0.21, "Arms_UpperarmMass": 0.79, "Hands_Mass": 0.79, "Legs_UpperlegLength": 0.59, "Neck_Mass": 0.79, "Stomach_Volume": 0.5058, "Feet_Mass": 0.79, "Torso_Vshape": 0.56, "Legs_LowerlegLength": 0.62, "Shoulders_Mass": 0.64, "Legs_UpperlegsMass": 0.79, "Legs_LowerlegsMass": 0.79, "Legs_KneeSize": 0.402, "Arms_UpperarmTone": 0.06, "Stomach_LocalFat": 0.4995, "Pelvis_GluteusTone": 0.06, "Torso_Tone": 0.06, "Neck_Collarbone": 0.59, "Arms_ForearmTone": 0.06, "Cheeks_Tone": 0.0, "Legs_UpperlegsTone": 0.06, "Abdomen_Tone": 0.8, "Shoulders_PosZ": 0.71, "Torso_BreastMass": 0.645, "Torso_BreastTone": 0.612, "Neck_Length": 0.68, "Legs_LowerlegSize": 0.38, "Arms_UpperarmSize": 0.44, "Arms_ForearmMass": 0.79, "Wrists_Size": 0.5205, "Cheeks_Mass": 0.73, "Legs_LowerlegsTone": 0.06, "Pelvis_GluteusMass": 0.97, "Arms_ForearmSize": 0.38, "Legs_UpperlegSize": 0.32}, "metaproperties": {"character_age": 0.0, "last_character_mass": 0.5, "last_character_tone": -0.5, "character_tone": -0.5, "character_mass": 0.5, "last_character_age": 0.0}}