{"manuellab_vers": [1, 5, 0], "materialproperties": {}, "proportions": {"feet_height_Z": 0.0416, "feet_length": 0.1414, "buttock_depth_Y": 0.1743, "lowerleg_length": 0.2322, "torso_height_Z": 0.2047, "chest_depth_Y": 0.1657, "buttock_height_Z": 0.1818, "upperleg_length": 0.1907, "chest_girth": 0.6371, "neck_height_Z": 0.0352, "upperleg_top_girth": 0.4646, "forearm_length": 0.1447, "waist_girth": 0.7319, "body_height_Z": 1.0, "buttock_girth": 0.7423, "shoulders_width": 0.1724, "hands_width": 0.0473, "lowerleg_calf_girth": 0.225, "neck_girth": 0.2184, "head_height_Z": 0.1296, "head_width_X": 0.0839, "head_length": 0.1189, "feet_heel_width": 0.0412, "feet_width": 0.0543, "buttock_width_X": 0.259, "elbow_girth": 0.1651, "upperarm_axillary_girth": 0.2326, "upperarm_length": 0.1817, "upperleg_bottom_girth": 0.3043, "lowerleg_bottom_girth": 0.1346, "wrist_girth": 0.0857, "hands_length": 0.1096, "chest_width_X": 0.1873}, "structural": {"Neck_Tone": 0.0, "Waist_Size": 0.855, "Stomach_LocalFat": 0.92, "Shoulders_Tone": 0.0, "Arms_UpperarmMass": 0.68, "Cheeks_Tone": 0.0, "Legs_UpperlegsTone": -0.24, "Shoulders_PosZ": 0.17, "Torso_BreastTone": 0.6, "Pelvis_SizeX": 0.8, "Wrists_Size": 0.475, "Torso_Vshape": 0.38, "Shoulders_Length": 0.32, "Legs_UpperlegsMass": 0.71, "Legs_UpperlegInCurve": 0.23, "Arms_UpperarmTone": 0.0, "Legs_LowerlegsTone": 0.0, "Arms_ForearmTone": 0.0, "Pelvis_GluteusTone": 0.0, "Pelvis_GluteusSize": 0.59, "Torso_Tone": 0.0}, "metaproperties": {"character_age": 0.0, "last_character_mass": 0.0, "last_character_tone": -0.5, "character_tone": -0.5, "character_mass": 0.0, "last_character_age": 0.0}}