{"manuellab_vers": [1, 5, 0], "materialproperties": {}, "proportions": {"feet_height_Z": 0.0412, "feet_length": 0.1438, "buttock_depth_Y": 0.2452, "lowerleg_length": 0.233, "torso_height_Z": 0.2414, "chest_depth_Y": 0.2466, "buttock_height_Z": 0.2102, "upperleg_length": 0.1515, "chest_girth": 0.9076, "neck_height_Z": 0.0167, "upperleg_top_girth": 0.5344, "forearm_length": 0.1456, "waist_girth": 0.9224, "body_height_Z": 1.0, "buttock_girth": 0.9329, "shoulders_width": 0.1922, "hands_width": 0.0507, "lowerleg_calf_girth": 0.2837, "neck_girth": 0.3007, "head_height_Z": 0.133, "head_width_X": 0.0853, "head_length": 0.1209, "feet_heel_width": 0.0433, "feet_width": 0.0567, "buttock_width_X": 0.3029, "elbow_girth": 0.1844, "upperarm_axillary_girth": 0.2891, "upperarm_length": 0.1963, "upperleg_bottom_girth": 0.324, "lowerleg_bottom_girth": 0.1624, "wrist_girth": 0.0916, "hands_length": 0.1116, "chest_width_X": 0.2401}, "structural": {"Torso_Mass": 1.5, "Neck_Tone": 0.0, "Waist_Size": 1.055, "Stomach_LocalFat": 0.52, "Shoulders_Tone": 0.0, "Arms_UpperarmMass": 1.5, "Hands_Mass": 1.5, "Legs_UpperlegLength": 0.08, "Neck_Mass": 1.5, "Stomach_Volume": 0.58, "Feet_Mass": 1.5, "Torso_Vshape": 0.29, "Shoulders_Mass": 1.56, "Legs_UpperlegsMass": 1.5, "Legs_LowerlegsMass": 1.5, "Legs_KneeSize": 0.7, "Arms_UpperarmTone": 0.0, "Pelvis_GluteusTone": 0.0, "Pelvis_SizeX": 0.32, "Torso_Tone": 0.0, "Torso_SizeX": 0.83, "Arms_ForearmTone": 0.0, "Cheeks_Tone": 0.0, "Legs_UpperlegsTone": 0.0, "Cheeks_Mass": 1.5, "Torso_BreastMass": 1.0, "Torso_BreastTone": 0.6, "Torso_Length": 0.68, "Arms_ForearmMass": 1.5, "Wrists_Size": 0.575, "Shoulders_Length": 0.65, "Legs_LowerlegsTone": 0.0, "Pelvis_GluteusMass": 1.5}, "metaproperties": {"character_age": 0.0, "last_character_mass": 1.0, "last_character_tone": -0.5, "character_tone": -0.5, "character_mass": 1.0, "last_character_age": 0.0}}