{"manuellab_vers": [1, 5, 0], "materialproperties": {}, "proportions": {"feet_height_Z": 0.0418, "feet_length": 0.1442, "buttock_depth_Y": 0.2137, "lowerleg_length": 0.2318, "torso_height_Z": 0.2187, "chest_depth_Y": 0.2165, "buttock_height_Z": 0.1958, "upperleg_length": 0.1822, "chest_girth": 0.7877, "neck_height_Z": 0.0251, "upperleg_top_girth": 0.491, "forearm_length": 0.1489, "waist_girth": 0.8053, "body_height_Z": 1.0, "buttock_girth": 0.8801, "shoulders_width": 0.1647, "hands_width": 0.0464, "lowerleg_calf_girth": 0.2522, "neck_girth": 0.2725, "head_height_Z": 0.1253, "head_width_X": 0.0776, "head_length": 0.1101, "feet_heel_width": 0.0423, "feet_width": 0.056, "buttock_width_X": 0.2939, "elbow_girth": 0.1757, "upperarm_axillary_girth": 0.2422, "upperarm_length": 0.1913, "upperleg_bottom_girth": 0.3049, "lowerleg_bottom_girth": 0.149, "wrist_girth": 0.0842, "hands_length": 0.1168, "chest_width_X": 0.2111}, "structural": {"Torso_BreastMass": 0.75, "Waist_Size": 0.59, "Stomach_LocalFat": 0.51, "Arms_UpperarmMass": 0.88, "Legs_UpperlegLength": 0.65, "Stomach_Volume": 0.6, "Torso_Vshape": 0.26, "Torso_SizeY": 0.29, "Arms_UpperarmLength": 0.59, "Chin_Tone": 0.29, "Shoulders_Mass": 0.58, "Legs_LowerlegsMass": 0.67, "Arms_UpperarmTone": -0.65, "Pelvis_GluteusTone": -0.5, "Torso_Tone": -0.38, "Arms_ForearmTone": -0.5, "Cheeks_Mass": 1.0, "Arms_ForearmLength": 0.65, "Head_Size": 0.29, "Hands_FingersInterDist": 0.38, "Wrists_Size": 0.5, "Torso_ToracicCurve": 1.0, "Legs_LowerlegsTone": -0.68, "Legs_UpperlegInCurve": 0.74, "Legs_UpperlegSize": 0.44, "Torso_Mass": 1.12, "Neck_Tone": -0.5, "Shoulders_Tone": -0.76, "Hands_Mass": 0.64, "Feet_Size": 0.62, "Neck_Mass": 1.0, "Feet_Mass": 0.73, "Legs_LowerlegLength": 0.54, "Legs_UpperlegsMass": 0.73, "Forehead_SizeZ": 0.62, "Legs_KneeSize": 0.6, "Cheeks_Tone": -0.5, "Legs_UpperlegsTone": -0.77, "Shoulders_PosZ": 0.41, "Torso_BreastTone": 0.7, "Arms_UpperarmSize": 0.47, "Arms_ForearmMass": 1.0, "Pelvis_SizeY": 0.02, "Hands_FingersLength": 1.0, "Pelvis_GluteusMass": 1.0, "Arms_ForearmSize": 0.44}, "metaproperties": {"character_age": 0.0, "last_character_mass": 0.5, "last_character_tone": -1.0, "character_tone": -1.0, "character_mass": 0.5, "last_character_age": 0.0}}