{"manuellab_vers": [1, 5, 0], "materialproperties": {}, "proportions": {"feet_height_Z": 0.0416, "feet_length": 0.1414, "buttock_depth_Y": 0.1808, "lowerleg_length": 0.2363, "torso_height_Z": 0.2201, "chest_depth_Y": 0.2171, "buttock_height_Z": 0.1773, "upperleg_length": 0.189, "chest_girth": 0.7858, "neck_height_Z": 0.0216, "upperleg_top_girth": 0.4451, "forearm_length": 0.1481, "waist_girth": 0.6175, "body_height_Z": 1.0, "buttock_girth": 0.7729, "shoulders_width": 0.1825, "hands_width": 0.0499, "lowerleg_calf_girth": 0.2633, "neck_girth": 0.2449, "head_height_Z": 0.1296, "head_width_X": 0.0839, "head_length": 0.1189, "feet_heel_width": 0.0423, "feet_width": 0.0558, "buttock_width_X": 0.2576, "elbow_girth": 0.1811, "upperarm_axillary_girth": 0.2715, "upperarm_length": 0.1843, "upperleg_bottom_girth": 0.2898, "lowerleg_bottom_girth": 0.1384, "wrist_girth": 0.0921, "hands_length": 0.1098, "chest_width_X": 0.1927}, "structural": {"Torso_Mass": 1.5, "Waist_Size": 0.7, "Stomach_LocalFat": 0.52, "Arms_UpperarmMass": 1.5, "Hands_Mass": 1.5, "Feet_Mass": 1.5, "Neck_Mass": 1.5, "Arms_ForearmMass": 1.5, "Torso_BreastMass": 1.0, "Abdomen_Mass": 1.0, "Shoulders_Mass": 1.5, "Legs_UpperlegsMass": 1.5, "Legs_LowerlegsMass": 1.5, "Legs_KneeSize": 0.7, "Cheeks_Mass": 1.5, "Wrists_Size": 0.6, "Stomach_Volume": 0.52, "Abdomen_Tone": 0.0, "Pelvis_GluteusMass": 1.5}, "metaproperties": {"character_age": 0.0, "last_character_mass": 1.0, "last_character_tone": 0.0, "character_tone": 0.0, "character_mass": 1.0, "last_character_age": 0.0}}