{"manuellab_vers": [1, 5, 0], "materialproperties": {}, "proportions": {"feet_height_Z": 0.0433, "feet_length": 0.144, "buttock_depth_Y": 0.1187, "lowerleg_length": 0.2387, "torso_height_Z": 0.2118, "chest_depth_Y": 0.108, "buttock_height_Z": 0.1536, "upperleg_length": 0.1992, "chest_girth": 0.4808, "neck_height_Z": 0.029, "upperleg_top_girth": 0.2562, "forearm_length": 0.1483, "waist_girth": 0.3596, "body_height_Z": 1.0, "buttock_girth": 0.5087, "shoulders_width": 0.1865, "hands_width": 0.0467, "lowerleg_calf_girth": 0.2094, "neck_girth": 0.1705, "head_height_Z": 0.1351, "head_width_X": 0.0883, "head_length": 0.1252, "feet_heel_width": 0.0416, "feet_width": 0.0553, "buttock_width_X": 0.179, "elbow_girth": 0.145, "upperarm_axillary_girth": 0.1869, "upperarm_length": 0.1833, "upperleg_bottom_girth": 0.1872, "lowerleg_bottom_girth": 0.1141, "wrist_girth": 0.0863, "hands_length": 0.1116, "chest_width_X": 0.1547}, "structural": {"Torso_Mass": -0.26, "Torso_Vshape": 0.62, "Waist_Size": 0.49, "Stomach_LocalFat": 0.45, "Shoulders_Tone": 0.62, "Arms_UpperarmMass": -0.5, "Hands_Mass": -0.5, "Legs_UpperlegLength": 0.32, "Neck_Mass": -0.5, "Stomach_Volume": 0.48, "Feet_Mass": -0.5, "Legs_LowerlegLength": 0.39, "Shoulders_Mass": -0.38, "Legs_UpperlegsMass": -0.32, "Legs_LowerlegsMass": -0.11, "Torso_Tone": 0.53, "Torso_SizeX": 0.59, "Shoulders_PosZ": 0.74, "Legs_UpperlegsTone": 0.35, "Cheeks_Mass": -0.5, "Shoulders_Size": 0.56, "Head_Size": 0.59, "Arms_UpperarmSize": 0.71, "Arms_ForearmMass": -0.5, "Wrists_Size": 0.45, "Torso_BreastMass": 0.0, "Legs_LowerlegsTone": 0.95, "Pelvis_GluteusMass": -0.29, "Arms_ForearmSize": 0.71}, "metaproperties": {"character_age": 0.0, "last_character_mass": -1.0, "last_character_tone": 0.0, "character_tone": 0.0, "character_mass": -1.0, "last_character_age": 0.0}}