{"manuellab_vers": [1, 5, 0], "materialproperties": {}, "proportions": {"feet_height_Z": 0.0426, "feet_length": 0.1414, "buttock_depth_Y": 0.125, "lowerleg_length": 0.2436, "torso_height_Z": 0.1885, "chest_depth_Y": 0.1259, "buttock_height_Z": 0.1555, "upperleg_length": 0.2074, "chest_girth": 0.5128, "neck_height_Z": 0.0456, "upperleg_top_girth": 0.3281, "forearm_length": 0.1459, "waist_girth": 0.4704, "body_height_Z": 1.0, "buttock_girth": 0.6031, "shoulders_width": 0.1665, "hands_width": 0.0473, "lowerleg_calf_girth": 0.2088, "neck_girth": 0.1678, "head_height_Z": 0.1283, "head_width_X": 0.0839, "head_length": 0.1189, "feet_heel_width": 0.0409, "feet_width": 0.0543, "buttock_width_X": 0.2282, "elbow_girth": 0.1365, "upperarm_axillary_girth": 0.1834, "upperarm_length": 0.1755, "upperleg_bottom_girth": 0.2059, "lowerleg_bottom_girth": 0.1122, "wrist_girth": 0.0863, "hands_length": 0.1096, "chest_width_X": 0.1457}, "structural": {"Waist_Size": 0.86, "Torso_Vshape": 0.38, "Shoulders_Length": 0.32, "Stomach_LocalFat": 0.68, "Shoulders_PosZ": 0.17, "Wrists_Size": 0.5, "Pelvis_GluteusSize": 0.59, "Pelvis_SizeX": 0.8}, "metaproperties": {"character_age": 0.0, "last_character_mass": 0.0, "last_character_tone": 0.0, "character_tone": 0.0, "character_mass": 0.0, "last_character_age": 0.0}}