{"manuellab_vers": [1, 5, 0], "materialproperties": {}, "proportions": {"feet_height_Z": 0.0424, "feet_length": 0.141, "buttock_depth_Y": 0.1, "lowerleg_length": 0.2391, "torso_height_Z": 0.1897, "chest_depth_Y": 0.1175, "buttock_height_Z": 0.1571, "upperleg_length": 0.2057, "chest_girth": 0.477, "neck_height_Z": 0.045, "upperleg_top_girth": 0.269, "forearm_length": 0.1483, "waist_girth": 0.3517, "body_height_Z": 1.0, "buttock_girth": 0.5256, "shoulders_width": 0.1584, "hands_width": 0.0437, "lowerleg_calf_girth": 0.1766, "neck_girth": 0.146, "head_height_Z": 0.1305, "head_width_X": 0.0827, "head_length": 0.1173, "feet_heel_width": 0.0404, "feet_width": 0.0541, "buttock_width_X": 0.1972, "elbow_girth": 0.1493, "upperarm_axillary_girth": 0.1526, "upperarm_length": 0.1793, "upperleg_bottom_girth": 0.1897, "lowerleg_bottom_girth": 0.11, "wrist_girth": 0.0811, "hands_length": 0.1142, "chest_width_X": 0.1365}, "structural": {"Torso_Mass": 0.44, "Neck_Tone": 0.35, "Shoulders_Mass": 0.08, "Shoulders_Tone": 0.24, "Arms_UpperarmMass": 0.38, "Hands_Mass": 0.14, "Legs_UpperlegLength": 0.65, "Feet_Size": 0.62, "Neck_Mass": 0.23, "Wrists_Size": 0.5, "Feet_Mass": 0.23, "Torso_Vshape": 0.38, "Torso_SizeY": 0.29, "Arms_UpperarmLength": 0.59, "Chin_Tone": 0.29, "Legs_UpperlegsMass": 0.23, "Legs_LowerlegsMass": 0.17, "Arms_UpperarmTone": 0.35, "Neck_Angle": 0.29, "Legs_LowerlegLength": 0.54, "Pelvis_SizeX": 0.44, "Torso_Tone": 0.35, "Forehead_SizeZ": 0.62, "Shoulders_PosZ": 0.14, "Legs_UpperlegsTone": 0.23, "Neck_Size": 0.35, "Arms_ForearmLength": 0.65, "Head_Size": 0.59, "Neck_Length": 0.56, "Torso_Length": 0.71, "Arms_UpperarmSize": 0.41, "Hands_FingersInterDist": 0.38, "Pelvis_SizeY": 0.02, "Elbows_Size": 0.86, "Torso_ToracicCurve": 1.0, "Hands_FingersLength": 1.0, "Legs_LowerlegsTone": 0.32, "Pelvis_GluteusMass": 0.65, "Legs_UpperlegInCurve": 0.29, "Legs_UpperlegSize": 0.44}, "metaproperties": {"character_age": 0.0, "last_character_mass": 0.0, "last_character_tone": 0.0, "character_tone": 0.0, "character_mass": 0.0, "last_character_age": 0.0}}