{"manuellab_vers": [1, 5, 0], "materialproperties": {}, "proportions": {"feet_height_Z": 0.0426, "feet_length": 0.1414, "buttock_depth_Y": 0.108, "lowerleg_length": 0.2429, "torso_height_Z": 0.1895, "chest_depth_Y": 0.1095, "buttock_height_Z": 0.1547, "upperleg_length": 0.2061, "chest_girth": 0.4495, "neck_height_Z": 0.0458, "upperleg_top_girth": 0.2446, "forearm_length": 0.1459, "waist_girth": 0.4176, "body_height_Z": 1.0, "buttock_girth": 0.5129, "shoulders_width": 0.1661, "hands_width": 0.0459, "lowerleg_calf_girth": 0.1727, "neck_girth": 0.1518, "head_height_Z": 0.1283, "head_width_X": 0.0839, "head_length": 0.1189, "feet_heel_width": 0.0409, "feet_width": 0.0543, "buttock_width_X": 0.1861, "elbow_girth": 0.1324, "upperarm_axillary_girth": 0.1576, "upperarm_length": 0.1755, "upperleg_bottom_girth": 0.1807, "lowerleg_bottom_girth": 0.1122, "wrist_girth": 0.0835, "hands_length": 0.1095, "chest_width_X": 0.1381}, "structural": {"Torso_Mass": 0.0, "Neck_Tone": 0.0, "Waist_Size": 0.85, "Stomach_LocalFat": 0.655, "Shoulders_Tone": 0.0, "Arms_UpperarmMass": 0.0, "Hands_Mass": 0.0, "Neck_Mass": 0.0, "Stomach_Volume": 0.49, "Feet_Mass": 0.0, "Torso_Vshape": 0.38, "Shoulders_Mass": 0.0, "Legs_UpperlegsMass": 0.0, "Legs_LowerlegsMass": 0.0, "Arms_UpperarmTone": 0.0, "Pelvis_GluteusTone": 0.0, "Pelvis_GluteusSize": 0.59, "Torso_Tone": 0.0, "Arms_ForearmTone": 0.0, "Cheeks_Tone": 0.0, "Legs_UpperlegsTone": 0.0, "Shoulders_PosZ": 0.17, "Torso_BreastMass": 0.25, "Torso_BreastTone": 0.6, "Pelvis_SizeX": 0.8, "Arms_ForearmMass": 0.0, "Wrists_Size": 0.45, "Cheeks_Mass": 0.0, "Shoulders_Length": 0.32, "Legs_LowerlegsTone": 0.0, "Pelvis_GluteusMass": 0.0}, "metaproperties": {"character_age": 0.0, "last_character_mass": -0.5, "last_character_tone": -0.5, "character_tone": -0.5, "character_mass": -0.5, "last_character_age": 0.0}}