{"manuellab_vers": [1, 5, 0], "materialproperties": {}, "proportions": {"feet_height_Z": 0.0433, "feet_length": 0.144, "buttock_depth_Y": 0.124, "lowerleg_length": 0.2391, "torso_height_Z": 0.203, "chest_depth_Y": 0.1281, "buttock_height_Z": 0.1553, "upperleg_length": 0.2003, "chest_girth": 0.5225, "neck_height_Z": 0.0361, "upperleg_top_girth": 0.3257, "forearm_length": 0.1485, "waist_girth": 0.3762, "body_height_Z": 1.0, "buttock_girth": 0.5671, "shoulders_width": 0.1658, "hands_width": 0.0481, "lowerleg_calf_girth": 0.2126, "neck_girth": 0.1749, "head_height_Z": 0.1351, "head_width_X": 0.0883, "head_length": 0.1252, "feet_heel_width": 0.0416, "feet_width": 0.0553, "buttock_width_X": 0.2088, "elbow_girth": 0.139, "upperarm_axillary_girth": 0.1889, "upperarm_length": 0.1824, "upperleg_bottom_girth": 0.2096, "lowerleg_bottom_girth": 0.1141, "wrist_girth": 0.0878, "hands_length": 0.1116, "chest_width_X": 0.1435}, "structural": {"Legs_UpperlegLength": 0.32, "Torso_Vshape": 0.32, "Wrists_Size": 0.5, "Head_Size": 0.59, "Legs_LowerlegLength": 0.39}, "metaproperties": {"character_age": 0.0, "last_character_mass": 0.0, "last_character_tone": 0.0, "character_tone": 0.0, "character_mass": 0.0, "last_character_age": 0.0}}