{"manuellab_vers": [1, 5, 0], "materialproperties": {}, "proportions": {"feet_height_Z": 0.0423, "feet_length": 0.1438, "buttock_depth_Y": 0.1898, "lowerleg_length": 0.2402, "torso_height_Z": 0.2294, "chest_depth_Y": 0.2207, "buttock_height_Z": 0.186, "upperleg_length": 0.1649, "chest_girth": 0.8219, "neck_height_Z": 0.0225, "upperleg_top_girth": 0.4523, "forearm_length": 0.1505, "waist_girth": 0.6946, "body_height_Z": 1.0, "buttock_girth": 0.7568, "shoulders_width": 0.1888, "hands_width": 0.0507, "lowerleg_calf_girth": 0.2677, "neck_girth": 0.2571, "head_height_Z": 0.1317, "head_width_X": 0.0853, "head_length": 0.1209, "feet_heel_width": 0.043, "feet_width": 0.0567, "buttock_width_X": 0.2571, "elbow_girth": 0.1841, "upperarm_axillary_girth": 0.2759, "upperarm_length": 0.1898, "upperleg_bottom_girth": 0.2944, "lowerleg_bottom_girth": 0.1407, "wrist_girth": 0.0936, "hands_length": 0.1116, "chest_width_X": 0.205}, "structural": {"Torso_Mass": 1.5, "Torso_Vshape": 0.29, "Waist_Size": 1.06, "Stomach_LocalFat": 0.52, "Arms_UpperarmMass": 1.5, "Hands_Mass": 1.5, "Legs_UpperlegLength": 0.08, "Neck_Mass": 1.5, "Stomach_Volume": 0.58, "Feet_Mass": 1.5, "Shoulders_Mass": 1.56, "Legs_UpperlegsMass": 1.5, "Legs_LowerlegsMass": 1.5, "Legs_KneeSize": 0.7, "Pelvis_SizeX": 0.32, "Pelvis_GluteusMass": 1.5, "Torso_SizeX": 0.83, "Cheeks_Mass": 1.5, "Torso_BreastMass": 1.0, "Torso_Length": 0.68, "Arms_ForearmMass": 1.5, "Wrists_Size": 0.6, "Shoulders_Length": 0.65}, "metaproperties": {"character_age": 0.0, "last_character_mass": 1.0, "last_character_tone": 0.0, "character_tone": 0.0, "character_mass": 1.0, "last_character_age": 0.0}}