{"manuellab_vers": [1, 4, 0], "materialproperties": {}, "structural": {"Neck_Length": 0.38, "Pelvis_GluteusMass": 0.71, "Feet_Mass": 0.74, "Hands_Mass": 1.0, "Shoulders_PosZ": 0.77, "Torso_Vshape": 0.26, "Feet_Size": 0.29, "Pelvis_SizeX": 0.86, "Hands_Size": 0.32, "Torso_Mass": 0.65, "Neck_Mass": 0.83, "Pelvis_SizeY": 0.8, "Torso_Tone": 0.23, "Head_Size": 0.47, "Hands_FingersLength": 0.11}, "metaproperties": {"last_character_tone": 0.0, "last_character_age": 0.0, "character_age": 0.0, "character_tone": 0.0, "last_character_mass": 0.0, "character_mass": 0.0}, "proportions": {}}