{"manuellab_vers": [1, 5, 0], "materialproperties": {}, "proportions": {"feet_height_Z": 0.0424, "feet_length": 0.1474, "buttock_depth_Y": 0.2419, "lowerleg_length": 0.2262, "torso_height_Z": 0.2218, "chest_depth_Y": 0.2338, "buttock_height_Z": 0.2004, "upperleg_length": 0.1738, "chest_girth": 0.8423, "neck_height_Z": 0.0201, "upperleg_top_girth": 0.524, "forearm_length": 0.1522, "waist_girth": 0.8432, "body_height_Z": 1.0, "buttock_girth": 0.9334, "shoulders_width": 0.178, "hands_width": 0.0493, "lowerleg_calf_girth": 0.2782, "neck_girth": 0.279, "head_height_Z": 0.139, "head_width_X": 0.0865, "head_length": 0.1226, "feet_heel_width": 0.044, "feet_width": 0.0581, "buttock_width_X": 0.306, "elbow_girth": 0.1797, "upperarm_axillary_girth": 0.2781, "upperarm_length": 0.199, "upperleg_bottom_girth": 0.3179, "lowerleg_bottom_girth": 0.1624, "wrist_girth": 0.0887, "hands_length": 0.1195, "chest_width_X": 0.2235}, "structural": {"Torso_BreastMass": 1.0, "Waist_Size": 0.69, "Stomach_LocalFat": 0.52, "Arms_UpperarmMass": 1.38, "Hands_FingersInterDist": 0.38, "Stomach_Volume": 0.61, "Torso_Vshape": 0.38, "Torso_SizeY": 0.29, "Arms_UpperarmLength": 0.59, "Chin_Tone": 0.29, "Shoulders_Mass": 1.08, "Legs_LowerlegsMass": 1.5, "Arms_UpperarmTone": -0.65, "Neck_Angle": 0.29, "Pelvis_GluteusTone": -0.5, "Torso_Tone": -0.62, "Arms_ForearmTone": -0.5, "Cheeks_Mass": 1.5, "Arms_ForearmLength": 0.65, "Head_Size": 0.59, "Wrists_Size": 0.55, "Torso_ToracicCurve": 1.0, "Legs_LowerlegsTone": -0.5, "Pelvis_GluteusMass": 1.5, "Torso_Mass": 1.44, "Neck_Tone": -0.65, "Shoulders_Tone": -0.76, "Hands_Mass": 1.14, "Feet_Size": 0.62, "Neck_Mass": 1.32, "Feet_Mass": 1.23, "Legs_UpperlegsMass": 1.5, "Forehead_SizeZ": 0.62, "Legs_KneeSize": 0.7, "Pelvis_SizeX": 0.62, "Cheeks_Tone": -0.5, "Legs_UpperlegsTone": -0.65, "Neck_Size": 0.35, "Shoulders_PosZ": 0.14, "Torso_BreastTone": 0.7, "Neck_Length": 0.41, "Arms_UpperarmSize": 0.47, "Arms_ForearmMass": 1.5, "Hands_FingersLength": 1.0, "Arms_ForearmSize": 0.44}, "metaproperties": {"character_age": 0.0, "last_character_mass": 1.0, "last_character_tone": -1.0, "character_tone": -1.0, "character_mass": 1.0, "last_character_age": 0.0}}