{"manuellab_vers": [1, 5, 0], "materialproperties": {}, "proportions": {"feet_height_Z": 0.0408, "feet_length": 0.1395, "buttock_depth_Y": 0.2591, "lowerleg_length": 0.2479, "torso_height_Z": 0.2319, "chest_depth_Y": 0.2225, "buttock_height_Z": 0.2036, "upperleg_length": 0.1535, "chest_girth": 0.8175, "neck_height_Z": 0.0124, "upperleg_top_girth": 0.4877, "forearm_length": 0.1328, "waist_girth": 0.8547, "body_height_Z": 1.0, "buttock_girth": 0.9819, "shoulders_width": 0.1762, "hands_width": 0.0494, "lowerleg_calf_girth": 0.2615, "neck_girth": 0.2943, "head_height_Z": 0.1362, "head_width_X": 0.0873, "head_length": 0.1238, "feet_heel_width": 0.0418, "feet_width": 0.0543, "buttock_width_X": 0.3234, "elbow_girth": 0.1745, "upperarm_axillary_girth": 0.2439, "upperarm_length": 0.1918, "upperleg_bottom_girth": 0.2841, "lowerleg_bottom_girth": 0.1428, "wrist_girth": 0.0857, "hands_length": 0.1037, "chest_width_X": 0.2252}, "structural": {"Torso_Mass": 0.8, "Neck_Tone": -0.03, "Waist_Size": 0.495, "Shoulders_Tone": 0.0, "Arms_UpperarmMass": 0.65, "Hands_Mass": 1.0, "Legs_UpperlegLength": 0.05, "Feet_Size": 0.29, "Neck_Mass": 0.74, "Wrists_Size": 0.475, "Feet_Mass": 0.74, "Torso_Vshape": 0.26, "Head_Size": 0.47, "Legs_UpperlegsMass": 0.62, "Legs_LowerlegsMass": 0.8, "Arms_UpperarmTone": -0.06, "Neck_Length": 0.08, "Pelvis_GluteusTone": 0.0, "Pelvis_SizeX": 0.86, "Torso_Tone": -0.06, "Arms_UpperarmLength": 0.44, "Arms_ForearmTone": 0.09, "Cheeks_Tone": 0.0, "Legs_UpperlegsTone": 0.03, "Shoulders_PosZ": 0.35, "Arms_ForearmLength": 0.2, "Torso_BreastTone": 0.6, "Hands_Size": 0.32, "Arms_ForearmMass": 0.62, "Pelvis_SizeY": 0.8, "Hands_FingersLength": 0.11, "Legs_LowerlegsTone": 0.24, "Pelvis_GluteusMass": 0.71}, "metaproperties": {"character_age": 0.0, "last_character_mass": 0.0, "last_character_tone": -0.5, "character_tone": -0.5, "character_mass": 0.0, "last_character_age": 0.0}}