{"proportions": {}, "structural": {"Stomach_Volume": 0.4958, "Feet_Mass": 0.29, "Shoulders_Tone": 0.29, "Cheeks_Mass": 0.23, "Legs_UpperlegsTone": 0.56, "Wrists_Size": 0.4955, "Legs_UpperlegLength": 0.59, "Neck_Length": 0.68, "Stomach_LocalFat": 0.4895, "Hands_Mass": 0.29, "Shoulders_Mass": 0.14, "Neck_Collarbone": 0.59, "Torso_Mass": 0.29, "Arms_ForearmTone": 0.56, "Legs_LowerlegsTone": 0.56, "Neck_Tone": 0.56, "Shoulders_SizeX": 0.74, "Torso_Vshape": 0.56, "Legs_UpperlegSize": 0.32, "Arms_ForearmMass": 0.29, "Abdomen_Tone": 0.8, "Arms_ForearmSize": 0.38, "Torso_BreastMass": 0.395, "Pelvis_GluteusMass": 0.47, "Neck_Mass": 0.29, "Torso_BreastTone": 0.512, "Torso_Tone": 0.56, "Arms_UpperarmSize": 0.44, "Pelvis_GluteusTone": 0.56, "Shoulders_PosZ": 0.71, "Legs_UpperlegsMass": 0.29, "Waist_Size": 0.3899, "Arms_UpperarmTone": 0.56, "Arms_UpperarmMass": 0.29, "Legs_LowerlegsMass": 0.29, "Legs_LowerlegLength": 0.62, "Legs_KneeSize": 0.302, "Legs_LowerlegSize": 0.38}, "manuellab_vers": [1, 5, 0], "metaproperties": {"character_age": 0.0, "last_character_mass": 0.0, "character_mass": 0.0, "last_character_tone": 0.0, "character_tone": 0.0, "last_character_age": 0.0}, "materialproperties": {}}