{"manuellab_vers": [1, 5, 0], "materialproperties": {}, "proportions": {"feet_height_Z": 0.0402, "feet_length": 0.136, "buttock_depth_Y": 0.1675, "lowerleg_length": 0.2493, "torso_height_Z": 0.2191, "chest_depth_Y": 0.2034, "buttock_height_Z": 0.1664, "upperleg_length": 0.1937, "chest_girth": 0.7548, "neck_height_Z": 0.0193, "upperleg_top_girth": 0.4, "forearm_length": 0.1432, "waist_girth": 0.5398, "body_height_Z": 1.0, "buttock_girth": 0.6971, "shoulders_width": 0.1923, "hands_width": 0.048, "lowerleg_calf_girth": 0.2477, "neck_girth": 0.2284, "head_height_Z": 0.1244, "head_width_X": 0.0807, "head_length": 0.1144, "feet_heel_width": 0.0406, "feet_width": 0.0537, "buttock_width_X": 0.2404, "elbow_girth": 0.1726, "upperarm_axillary_girth": 0.2638, "upperarm_length": 0.1793, "upperleg_bottom_girth": 0.2729, "lowerleg_bottom_girth": 0.1282, "wrist_girth": 0.0883, "hands_length": 0.1056, "chest_width_X": 0.1893}, "structural": {"Torso_Mass": 1.29, "Neck_Tone": 0.56, "Waist_Size": 0.5899, "Shoulders_SizeX": 0.74, "Shoulders_Tone": 0.29, "Arms_UpperarmMass": 1.29, "Hands_Mass": 1.29, "Legs_UpperlegLength": 0.59, "Neck_Mass": 1.29, "Stomach_Volume": 0.5158, "Feet_Mass": 1.29, "Torso_Vshape": 0.56, "Legs_LowerlegLength": 0.62, "Shoulders_Mass": 1.14, "Legs_UpperlegsMass": 1.29, "Legs_LowerlegsMass": 1.29, "Legs_KneeSize": 0.502, "Arms_UpperarmTone": 0.56, "Stomach_LocalFat": 0.5095, "Pelvis_GluteusTone": 0.56, "Torso_Tone": 0.56, "Neck_Collarbone": 0.59, "Arms_ForearmTone": 0.56, "Shoulders_PosZ": 0.71, "Legs_UpperlegsTone": 0.56, "Abdomen_Tone": 0.8, "Cheeks_Mass": 1.23, "Torso_BreastMass": 0.895, "Torso_BreastTone": 0.512, "Neck_Length": 0.68, "Legs_LowerlegSize": 0.38, "Arms_UpperarmSize": 0.44, "Arms_ForearmMass": 1.29, "Wrists_Size": 0.5955, "Legs_LowerlegsTone": 0.56, "Pelvis_GluteusMass": 1.47, "Arms_ForearmSize": 0.38, "Legs_UpperlegSize": 0.32}, "metaproperties": {"character_age": 0.0, "last_character_mass": 1.0, "last_character_tone": 0.0, "character_tone": 0.0, "character_mass": 1.0, "last_character_age": 0.0}}