{"manuellab_vers": [1, 5, 0], "materialproperties": {}, "proportions": {"feet_height_Z": 0.0421, "feet_length": 0.144, "buttock_depth_Y": 0.242, "lowerleg_length": 0.227, "torso_height_Z": 0.2431, "chest_depth_Y": 0.2324, "buttock_height_Z": 0.2047, "upperleg_length": 0.1634, "chest_girth": 0.868, "neck_height_Z": 0.008, "upperleg_top_girth": 0.5353, "forearm_length": 0.1458, "waist_girth": 0.8452, "body_height_Z": 1.0, "buttock_girth": 0.9385, "shoulders_width": 0.1987, "hands_width": 0.0508, "lowerleg_calf_girth": 0.2708, "neck_girth": 0.3001, "head_height_Z": 0.1377, "head_width_X": 0.0883, "head_length": 0.1252, "feet_heel_width": 0.0431, "feet_width": 0.0568, "buttock_width_X": 0.3081, "elbow_girth": 0.1943, "upperarm_axillary_girth": 0.2979, "upperarm_length": 0.1948, "upperleg_bottom_girth": 0.3226, "lowerleg_bottom_girth": 0.1443, "wrist_girth": 0.0912, "hands_length": 0.1117, "chest_width_X": 0.2415}, "structural": {"Torso_Mass": 1.24, "Neck_Tone": 0.0, "Waist_Size": 0.595, "Stomach_LocalFat": 0.51, "Shoulders_Tone": 0.12, "Arms_UpperarmMass": 1.0, "Hands_Mass": 1.0, "Legs_UpperlegLength": 0.32, "Neck_Mass": 1.0, "Stomach_Volume": 0.51, "Feet_Mass": 1.0, "Torso_Vshape": 0.62, "Head_Size": 0.59, "Shoulders_Mass": 1.12, "Legs_UpperlegsMass": 1.18, "Legs_LowerlegsMass": 1.39, "Legs_KneeSize": 0.6, "Arms_UpperarmTone": 0.0, "Pelvis_GluteusTone": 0.0, "Torso_Tone": 0.03, "Torso_SizeX": 0.59, "Arms_ForearmTone": 0.0, "Cheeks_Tone": 0.0, "Legs_UpperlegsTone": -0.15, "Shoulders_PosZ": 0.74, "Shoulders_Size": 0.56, "Torso_BreastTone": 0.6, "Arms_UpperarmSize": 0.71, "Arms_ForearmMass": 1.0, "Wrists_Size": 0.525, "Torso_BreastMass": 0.75, "Legs_LowerlegsTone": 0.45, "Pelvis_GluteusMass": 1.21, "Arms_ForearmSize": 0.71, "Cheeks_Mass": 1.0, "Legs_LowerlegLength": 0.39}, "metaproperties": {"character_age": 0.0, "last_character_mass": 0.5, "last_character_tone": -0.5, "character_tone": -0.5, "character_mass": 0.5, "last_character_age": 0.0}}