{"manuellab_vers": [1, 5, 0], "materialproperties": {}, "proportions": {"feet_height_Z": 0.0434, "feet_length": 0.1442, "buttock_depth_Y": 0.1705, "lowerleg_length": 0.2442, "torso_height_Z": 0.2041, "chest_depth_Y": 0.1722, "buttock_height_Z": 0.1694, "upperleg_length": 0.1908, "chest_girth": 0.6498, "neck_height_Z": 0.0374, "upperleg_top_girth": 0.2757, "forearm_length": 0.15, "waist_girth": 0.6469, "body_height_Z": 1.0, "buttock_girth": 0.7018, "shoulders_width": 0.158, "hands_width": 0.0447, "lowerleg_calf_girth": 0.169, "neck_girth": 0.2075, "head_height_Z": 0.1241, "head_width_X": 0.0776, "head_length": 0.1101, "feet_heel_width": 0.0413, "feet_width": 0.0553, "buttock_width_X": 0.2402, "elbow_girth": 0.1453, "upperarm_axillary_girth": 0.1613, "upperarm_length": 0.1844, "upperleg_bottom_girth": 0.1795, "lowerleg_bottom_girth": 0.1125, "wrist_girth": 0.0816, "hands_length": 0.1167, "chest_width_X": 0.1814}, "structural": {"Torso_Mass": 0.62, "Neck_Tone": -0.5, "Waist_Size": 0.49, "Shoulders_Tone": -0.76, "Arms_UpperarmMass": 0.38, "Hands_Mass": 0.14, "Legs_UpperlegLength": 0.65, "Feet_Size": 0.62, "Stomach_Volume": 0.59, "Feet_Mass": 0.23, "Torso_Vshape": 0.26, "Torso_SizeY": 0.29, "Head_Size": 0.29, "Chin_Tone": 0.29, "Shoulders_Mass": 0.08, "Legs_UpperlegsMass": 0.23, "Legs_LowerlegsMass": 0.17, "Arms_UpperarmTone": -0.65, "Arms_UpperarmLength": 0.59, "Pelvis_GluteusTone": -0.5, "Legs_LowerlegLength": 0.54, "Torso_Tone": -0.38, "Forehead_SizeZ": 0.62, "Arms_ForearmTone": -0.5, "Cheeks_Tone": -0.5, "Legs_UpperlegsTone": -0.77, "Shoulders_PosZ": 0.41, "Arms_ForearmLength": 0.65, "Torso_BreastTone": 0.7, "Arms_UpperarmSize": 0.47, "Hands_FingersInterDist": 0.38, "Pelvis_SizeY": 0.02, "Wrists_Size": 0.45, "Hands_FingersLength": 1.0, "Legs_LowerlegsTone": -0.68, "Legs_UpperlegInCurve": 0.74, "Arms_ForearmSize": 0.44, "Torso_ToracicCurve": 1.0, "Legs_UpperlegSize": 0.44}, "metaproperties": {"character_age": 0.0, "last_character_mass": 0.0, "last_character_tone": -1.0, "character_tone": -1.0, "character_mass": 0.0, "last_character_age": 0.0}}