{"manuellab_vers": [1, 5, 0], "materialproperties": {}, "proportions": {"feet_height_Z": 0.0426, "feet_length": 0.1414, "buttock_depth_Y": 0.1198, "lowerleg_length": 0.2431, "torso_height_Z": 0.1897, "chest_depth_Y": 0.1055, "buttock_height_Z": 0.1549, "upperleg_length": 0.2059, "chest_girth": 0.4492, "neck_height_Z": 0.0454, "upperleg_top_girth": 0.25, "forearm_length": 0.1459, "waist_girth": 0.5022, "body_height_Z": 1.0, "buttock_girth": 0.5446, "shoulders_width": 0.1665, "hands_width": 0.0459, "lowerleg_calf_girth": 0.1887, "neck_girth": 0.1599, "head_height_Z": 0.1283, "head_width_X": 0.0839, "head_length": 0.1189, "feet_heel_width": 0.0409, "feet_width": 0.0543, "buttock_width_X": 0.1987, "elbow_girth": 0.1336, "upperarm_axillary_girth": 0.1695, "upperarm_length": 0.1756, "upperleg_bottom_girth": 0.1843, "lowerleg_bottom_girth": 0.1119, "wrist_girth": 0.0835, "hands_length": 0.1095, "chest_width_X": 0.1453}, "structural": {"Torso_Mass": -0.5, "Torso_Vshape": 0.38, "Waist_Size": 0.85, "Stomach_LocalFat": 0.87, "Arms_UpperarmMass": -0.32, "Hands_Mass": -0.5, "Neck_Mass": -0.5, "Stomach_Volume": 0.48, "Feet_Mass": -0.5, "Shoulders_Mass": -0.5, "Legs_UpperlegsMass": -0.29, "Legs_LowerlegsMass": -0.5, "Pelvis_SizeX": 0.8, "Pelvis_GluteusMass": -0.5, "Shoulders_PosZ": 0.17, "Legs_UpperlegsTone": 0.26, "Cheeks_Mass": -0.5, "Torso_BreastMass": 0.0, "Pelvis_GluteusSize": 0.59, "Arms_ForearmMass": -0.5, "Wrists_Size": 0.45, "Shoulders_Length": 0.32, "Legs_UpperlegInCurve": 0.23}, "metaproperties": {"character_age": 0.0, "last_character_mass": -1.0, "last_character_tone": 0.0, "character_tone": 0.0, "character_mass": -1.0, "last_character_age": 0.0}}