{"manuellab_vers": [1, 5, 0], "materialproperties": {}, "proportions": {"feet_height_Z": 0.0414, "feet_length": 0.1442, "buttock_depth_Y": 0.2142, "lowerleg_length": 0.2306, "torso_height_Z": 0.2238, "chest_depth_Y": 0.2287, "buttock_height_Z": 0.1964, "upperleg_length": 0.184, "chest_girth": 0.8226, "neck_height_Z": 0.0197, "upperleg_top_girth": 0.5004, "forearm_length": 0.1489, "waist_girth": 0.8215, "body_height_Z": 1.0, "buttock_girth": 0.8852, "shoulders_width": 0.1671, "hands_width": 0.0482, "lowerleg_calf_girth": 0.2727, "neck_girth": 0.2731, "head_height_Z": 0.1253, "head_width_X": 0.0776, "head_length": 0.1101, "feet_heel_width": 0.043, "feet_width": 0.0568, "buttock_width_X": 0.295, "elbow_girth": 0.1757, "upperarm_axillary_girth": 0.2719, "upperarm_length": 0.1941, "upperleg_bottom_girth": 0.314, "lowerleg_bottom_girth": 0.1588, "wrist_girth": 0.0868, "hands_length": 0.1169, "chest_width_X": 0.2157}, "structural": {"Torso_BreastMass": 1.0, "Waist_Size": 0.69, "Stomach_LocalFat": 0.52, "Arms_UpperarmMass": 1.38, "Legs_UpperlegLength": 0.65, "Stomach_Volume": 0.61, "Torso_Vshape": 0.26, "Torso_SizeY": 0.29, "Arms_UpperarmLength": 0.59, "Chin_Tone": 0.29, "Shoulders_Mass": 1.08, "Legs_LowerlegsMass": 1.17, "Arms_UpperarmTone": -0.65, "Pelvis_GluteusTone": -0.5, "Torso_Tone": -0.38, "Arms_ForearmTone": -0.5, "Cheeks_Mass": 1.5, "Arms_ForearmLength": 0.65, "Head_Size": 0.29, "Hands_FingersInterDist": 0.38, "Wrists_Size": 0.55, "Torso_ToracicCurve": 1.0, "Legs_LowerlegsTone": -0.68, "Legs_UpperlegInCurve": 0.74, "Legs_UpperlegSize": 0.44, "Torso_Mass": 1.62, "Neck_Tone": -0.5, "Shoulders_Tone": -0.76, "Hands_Mass": 1.14, "Feet_Size": 0.62, "Neck_Mass": 1.5, "Feet_Mass": 1.23, "Legs_LowerlegLength": 0.54, "Legs_UpperlegsMass": 1.23, "Forehead_SizeZ": 0.62, "Legs_KneeSize": 0.7, "Cheeks_Tone": -0.5, "Legs_UpperlegsTone": -0.77, "Shoulders_PosZ": 0.41, "Torso_BreastTone": 0.7, "Arms_UpperarmSize": 0.47, "Arms_ForearmMass": 1.5, "Pelvis_SizeY": 0.02, "Hands_FingersLength": 1.0, "Pelvis_GluteusMass": 1.5, "Arms_ForearmSize": 0.44}, "metaproperties": {"character_age": 0.0, "last_character_mass": 1.0, "last_character_tone": -1.0, "character_tone": -1.0, "character_mass": 1.0, "last_character_age": 0.0}}