{"manuellab_vers": [1, 5, 0], "materialproperties": {}, "proportions": {"feet_height_Z": 0.0407, "feet_length": 0.1353, "buttock_depth_Y": 0.1021, "lowerleg_length": 0.2553, "torso_height_Z": 0.194, "chest_depth_Y": 0.1041, "buttock_height_Z": 0.1461, "upperleg_length": 0.2126, "chest_girth": 0.4421, "neck_height_Z": 0.0346, "upperleg_top_girth": 0.2516, "forearm_length": 0.1414, "waist_girth": 0.2845, "body_height_Z": 1.0, "buttock_girth": 0.4661, "shoulders_width": 0.1657, "hands_width": 0.0439, "lowerleg_calf_girth": 0.1674, "neck_girth": 0.1484, "head_height_Z": 0.1256, "head_width_X": 0.0821, "head_length": 0.1164, "feet_heel_width": 0.0391, "feet_width": 0.0519, "buttock_width_X": 0.1653, "elbow_girth": 0.1265, "upperarm_axillary_girth": 0.1518, "upperarm_length": 0.1924, "upperleg_bottom_girth": 0.1872, "lowerleg_bottom_girth": 0.1072, "wrist_girth": 0.0785, "hands_length": 0.1047, "chest_width_X": 0.1284}, "structural": {"Torso_Mass": -0.5, "Neck_Tone": -0.5, "Waist_Size": 0.24, "Stomach_LocalFat": 0.45, "Shoulders_Tone": -0.41, "Arms_UpperarmMass": -0.5, "Hands_Mass": -0.5, "Legs_UpperlegLength": 0.65, "Arms_ForearmLength": 0.53, "Neck_Mass": -0.5, "Stomach_Volume": 0.48, "Feet_Mass": -0.5, "Legs_LowerlegLength": 0.62, "Head_Size": 0.56, "Torso_Dorsi": 0.8, "Shoulders_Mass": -0.62, "Legs_UpperlegsMass": -0.5, "Legs_LowerlegsMass": -0.5, "Arms_UpperarmTone": -0.5, "Arms_UpperarmLength": 0.737, "Pelvis_GluteusTone": -0.08, "Pelvis_GluteusSize": 0.57, "Torso_Tone": -0.5, "Arms_ForearmTone": -0.5, "Pelvis_SizeX": 0.55, "Cheeks_Tone": -0.5, "Legs_UpperlegsTone": -0.29, "Body_Size": 0.46, "Shoulders_PosZ": 0.59, "Torso_BreastMass": 0.27, "Torso_BreastTone": 0.94, "Neck_Length": 0.56, "Arms_ForearmMass": -0.5, "Wrists_Size": 0.4, "Cheeks_Mass": -0.5, "Legs_LowerlegsTone": -0.5, "Pelvis_GluteusMass": -0.41, "Legs_UpperlegSize": 0.65}, "metaproperties": {"character_age": 0.0, "last_character_mass": -1.0, "last_character_tone": -1.0, "character_tone": -1.0, "character_mass": -1.0, "last_character_age": 0.0}}