{"manuellab_vers": [1, 5, 0], "materialproperties": {}, "proportions": {"feet_height_Z": 0.039, "feet_length": 0.136, "buttock_depth_Y": 0.2299, "lowerleg_length": 0.2407, "torso_height_Z": 0.2287, "chest_depth_Y": 0.2293, "buttock_height_Z": 0.1938, "upperleg_length": 0.176, "chest_girth": 0.8337, "neck_height_Z": 0.0168, "upperleg_top_girth": 0.4917, "forearm_length": 0.1378, "waist_girth": 0.7955, "body_height_Z": 1.0, "buttock_girth": 0.8885, "shoulders_width": 0.1941, "hands_width": 0.048, "lowerleg_calf_girth": 0.2658, "neck_girth": 0.2766, "head_height_Z": 0.1259, "head_width_X": 0.0807, "head_length": 0.1144, "feet_heel_width": 0.041, "feet_width": 0.0537, "buttock_width_X": 0.291, "elbow_girth": 0.1724, "upperarm_axillary_girth": 0.2749, "upperarm_length": 0.1846, "upperleg_bottom_girth": 0.3047, "lowerleg_bottom_girth": 0.1526, "wrist_girth": 0.0861, "hands_length": 0.1055, "chest_width_X": 0.2231}, "structural": {"Torso_Mass": 1.29, "Neck_Tone": 0.06, "Waist_Size": 0.5849, "Shoulders_SizeX": 0.74, "Shoulders_Tone": -0.21, "Arms_UpperarmMass": 1.29, "Hands_Mass": 1.29, "Legs_UpperlegLength": 0.59, "Neck_Mass": 1.29, "Stomach_Volume": 0.5158, "Feet_Mass": 1.29, "Torso_Vshape": 0.56, "Legs_LowerlegLength": 0.62, "Shoulders_Mass": 1.14, "Legs_UpperlegsMass": 1.29, "Legs_LowerlegsMass": 1.29, "Legs_KneeSize": 0.502, "Arms_UpperarmTone": 0.06, "Stomach_LocalFat": 0.5095, "Pelvis_GluteusTone": 0.06, "Torso_Tone": 0.06, "Neck_Collarbone": 0.59, "Arms_ForearmTone": 0.06, "Cheeks_Tone": 0.0, "Legs_UpperlegsTone": 0.06, "Abdomen_Tone": 0.8, "Shoulders_PosZ": 0.71, "Torso_BreastMass": 0.895, "Torso_BreastTone": 0.612, "Neck_Length": 0.68, "Legs_LowerlegSize": 0.38, "Arms_UpperarmSize": 0.44, "Arms_ForearmMass": 1.29, "Wrists_Size": 0.5705, "Cheeks_Mass": 1.23, "Legs_LowerlegsTone": 0.06, "Pelvis_GluteusMass": 1.47, "Arms_ForearmSize": 0.38, "Legs_UpperlegSize": 0.32}, "metaproperties": {"character_age": 0.0, "last_character_mass": 1.0, "last_character_tone": -0.5, "character_tone": -0.5, "character_mass": 1.0, "last_character_age": 0.0}}