{"manuellab_vers": [1, 5, 0], "materialproperties": {}, "proportions": {"feet_height_Z": 0.0434, "feet_length": 0.1475, "buttock_depth_Y": 0.1645, "lowerleg_length": 0.2325, "torso_height_Z": 0.1963, "chest_depth_Y": 0.1482, "buttock_height_Z": 0.1756, "upperleg_length": 0.1884, "chest_girth": 0.5759, "neck_height_Z": 0.0402, "upperleg_top_girth": 0.3724, "forearm_length": 0.1534, "waist_girth": 0.5169, "body_height_Z": 1.0, "buttock_girth": 0.6713, "shoulders_width": 0.1668, "hands_width": 0.0457, "lowerleg_calf_girth": 0.2236, "neck_girth": 0.1685, "head_height_Z": 0.1369, "head_width_X": 0.0865, "head_length": 0.1226, "feet_heel_width": 0.0426, "feet_width": 0.0566, "buttock_width_X": 0.2274, "elbow_girth": 0.1486, "upperarm_axillary_girth": 0.165, "upperarm_length": 0.1892, "upperleg_bottom_girth": 0.2443, "lowerleg_bottom_girth": 0.1374, "wrist_girth": 0.0834, "hands_length": 0.1193, "chest_width_X": 0.1657}, "structural": {"Torso_Mass": 0.44, "Neck_Tone": -0.65, "Waist_Size": 0.49, "Shoulders_Tone": -0.76, "Arms_UpperarmMass": 0.38, "Hands_Mass": 0.14, "Hands_FingersInterDist": 0.38, "Feet_Size": 0.62, "Neck_Mass": 0.32, "Stomach_Volume": 0.59, "Feet_Mass": 0.23, "Torso_Vshape": 0.38, "Torso_SizeY": 0.29, "Head_Size": 0.59, "Chin_Tone": 0.29, "Shoulders_Mass": 0.08, "Forehead_SizeZ": 0.62, "Arms_UpperarmTone": -0.65, "Neck_Angle": 0.29, "Arms_UpperarmLength": 0.59, "Pelvis_GluteusTone": -0.5, "Pelvis_SizeX": 0.62, "Torso_Tone": -0.62, "Arms_ForearmTone": -0.5, "Shoulders_PosZ": 0.14, "Legs_UpperlegsTone": -0.65, "Neck_Size": 0.35, "Cheeks_Tone": -0.5, "Arms_ForearmLength": 0.65, "Torso_BreastTone": 0.7, "Neck_Length": 0.41, "Arms_UpperarmSize": 0.47, "Wrists_Size": 0.45, "Torso_ToracicCurve": 1.0, "Hands_FingersLength": 1.0, "Legs_LowerlegsTone": -0.5, "Arms_ForearmSize": 0.44}, "metaproperties": {"character_age": 0.0, "last_character_mass": 0.0, "last_character_tone": -1.0, "character_tone": -1.0, "character_mass": 0.0, "last_character_age": 0.0}}