{"manuellab_vers": [1, 5, 0], "materialproperties": {}, "proportions": {"feet_height_Z": 0.0444, "feet_length": 0.1475, "buttock_depth_Y": 0.1079, "lowerleg_length": 0.24, "torso_height_Z": 0.1903, "chest_depth_Y": 0.0955, "buttock_height_Z": 0.1509, "upperleg_length": 0.2064, "chest_girth": 0.4113, "neck_height_Z": 0.0412, "upperleg_top_girth": 0.2362, "forearm_length": 0.1549, "waist_girth": 0.3228, "body_height_Z": 1.0, "buttock_girth": 0.4776, "shoulders_width": 0.1655, "hands_width": 0.0453, "lowerleg_calf_girth": 0.1721, "neck_girth": 0.1442, "head_height_Z": 0.1365, "head_width_X": 0.0865, "head_length": 0.1226, "feet_heel_width": 0.0423, "feet_width": 0.0566, "buttock_width_X": 0.167, "elbow_girth": 0.1309, "upperarm_axillary_girth": 0.1542, "upperarm_length": 0.1875, "upperleg_bottom_girth": 0.1801, "lowerleg_bottom_girth": 0.115, "wrist_girth": 0.0818, "hands_length": 0.1193, "chest_width_X": 0.1343}, "structural": {"Torso_BreastMass": 0.0, "Waist_Size": 0.48, "Stomach_LocalFat": 0.45, "Arms_UpperarmMass": -0.62, "Hands_FingersInterDist": 0.38, "Stomach_Volume": 0.57, "Torso_Vshape": 0.38, "Torso_SizeY": 0.29, "Arms_UpperarmLength": 0.59, "Chin_Tone": 0.29, "Shoulders_Mass": -0.92, "Legs_LowerlegsMass": -0.5, "Arms_UpperarmTone": -0.65, "Neck_Angle": 0.29, "Pelvis_GluteusTone": -0.5, "Torso_Tone": -0.62, "Arms_ForearmTone": -0.5, "Cheeks_Mass": -0.5, "Arms_ForearmLength": 0.65, "Head_Size": 0.59, "Wrists_Size": 0.4, "Torso_ToracicCurve": 1.0, "Legs_LowerlegsTone": -0.5, "Pelvis_GluteusMass": -0.5, "Torso_Mass": -0.56, "Neck_Tone": -0.65, "Shoulders_Tone": -0.76, "Hands_Mass": -0.86, "Feet_Size": 0.62, "Neck_Mass": -0.68, "Feet_Mass": -0.77, "Legs_UpperlegsMass": -0.5, "Forehead_SizeZ": 0.62, "Pelvis_SizeX": 0.62, "Cheeks_Tone": -0.5, "Legs_UpperlegsTone": -0.65, "Neck_Size": 0.35, "Shoulders_PosZ": 0.14, "Torso_BreastTone": 0.7, "Neck_Length": 0.41, "Arms_UpperarmSize": 0.47, "Arms_ForearmMass": -0.5, "Hands_FingersLength": 1.0, "Arms_ForearmSize": 0.44}, "metaproperties": {"character_age": 0.0, "last_character_mass": -1.0, "last_character_tone": -1.0, "character_tone": -1.0, "character_mass": -1.0, "last_character_age": 0.0}}