{"manuellab_vers": [1, 5, 0], "materialproperties": {}, "proportions": {"feet_height_Z": 0.0433, "feet_length": 0.144, "buttock_depth_Y": 0.1187, "lowerleg_length": 0.2383, "torso_height_Z": 0.205, "chest_depth_Y": 0.1073, "buttock_height_Z": 0.1533, "upperleg_length": 0.2006, "chest_girth": 0.4516, "neck_height_Z": 0.0358, "upperleg_top_girth": 0.2739, "forearm_length": 0.1485, "waist_girth": 0.3524, "body_height_Z": 1.0, "buttock_girth": 0.5105, "shoulders_width": 0.1659, "hands_width": 0.0467, "lowerleg_calf_girth": 0.1917, "neck_girth": 0.1668, "head_height_Z": 0.1351, "head_width_X": 0.0883, "head_length": 0.1252, "feet_heel_width": 0.0416, "feet_width": 0.0553, "buttock_width_X": 0.1803, "elbow_girth": 0.136, "upperarm_axillary_girth": 0.1748, "upperarm_length": 0.1825, "upperleg_bottom_girth": 0.1926, "lowerleg_bottom_girth": 0.1138, "wrist_girth": 0.085, "hands_length": 0.1115, "chest_width_X": 0.1395}, "structural": {"Arms_ForearmMass": -0.5, "Torso_Mass": -0.5, "Torso_Vshape": 0.32, "Waist_Size": 0.49, "Stomach_LocalFat": 0.45, "Arms_UpperarmMass": -0.5, "Torso_BreastMass": 0.0, "Legs_UpperlegLength": 0.32, "Neck_Mass": -0.5, "Hands_Mass": -0.5, "Feet_Mass": -0.5, "Head_Size": 0.59, "Legs_LowerlegLength": 0.39, "Shoulders_Mass": -0.5, "Legs_UpperlegsMass": -0.5, "Legs_LowerlegsMass": -0.5, "Cheeks_Mass": -0.5, "Wrists_Size": 0.45, "Stomach_Volume": 0.48, "Pelvis_GluteusMass": -0.5}, "metaproperties": {"character_age": 0.0, "last_character_mass": -1.0, "last_character_tone": 0.0, "character_tone": 0.0, "character_mass": -1.0, "last_character_age": 0.0}}