{"manuellab_vers": [1, 5, 0], "materialproperties": {"skin_age": 0.2, "skin_reflection": 0.9, "skin_sss": 1.0, "eyes_value": 0.5, "eyes_saturation": 1.0, "skin_bump": 0.5, "skin_oil": 0.1, "eyes_hue": 0.5, "skin_complexion": 0.1, "skin_fresnel": 1.0}, "structural": {"Stomach_Volume": 0.48, "Legs_UpperlegsMass": -0.5, "Cheeks_Tone": -0.5, "Arms_ForearmMass": -0.5, "Shoulders_Mass": -0.5, "Hands_Mass": -0.5, "Legs_LowerlegsTone": -0.5, "Legs_UpperlegsTone": -0.5, "Shoulders_Tone": -0.5, "Legs_LowerlegsMass": -0.5, "Arms_ForearmTone": -0.5, "Wrists_Size": 0.4, "Pelvis_GluteusTone": -0.5, "Torso_BreastMass": 0.0, "Stomach_LocalFat": 0.45, "Waist_Size": 0.48, "Arms_UpperarmTone": -0.5, "Torso_Mass": -0.5, "Neck_Mass": -0.5, "Neck_Tone": -0.5, "Feet_Mass": -0.5, "Torso_BreastTone": 0.7, "Torso_Tone": -0.5, "Pelvis_GluteusMass": -0.5, "Abdomen_Tone": 0.0, "Cheeks_Mass": -0.5, "Arms_UpperarmMass": -0.5, "Abdomen_Mass": 0.0}, "metaproperties": {"last_character_tone": -1.0, "character_mass": -1.0, "last_character_mass": -1.0, "last_character_age": 0.0, "character_tone": -1.0, "character_age": 0.0}, "proportions": {}}