{"manuellab_vers": [1, 5, 0], "materialproperties": {}, "proportions": {"feet_height_Z": 0.0405, "feet_length": 0.141, "buttock_depth_Y": 0.2052, "lowerleg_length": 0.2255, "torso_height_Z": 0.2201, "chest_depth_Y": 0.2236, "buttock_height_Z": 0.1971, "upperleg_length": 0.18, "chest_girth": 0.8055, "neck_height_Z": 0.0248, "upperleg_top_girth": 0.4998, "forearm_length": 0.1459, "waist_girth": 0.7937, "body_height_Z": 1.0, "buttock_girth": 0.8577, "shoulders_width": 0.1702, "hands_width": 0.0471, "lowerleg_calf_girth": 0.2667, "neck_girth": 0.2669, "head_height_Z": 0.1329, "head_width_X": 0.0827, "head_length": 0.1173, "feet_heel_width": 0.042, "feet_width": 0.0555, "buttock_width_X": 0.287, "elbow_girth": 0.1923, "upperarm_axillary_girth": 0.2645, "upperarm_length": 0.1903, "upperleg_bottom_girth": 0.3109, "lowerleg_bottom_girth": 0.1553, "wrist_girth": 0.085, "hands_length": 0.1143, "chest_width_X": 0.2138}, "structural": {"Torso_BreastMass": 1.0, "Waist_Size": 0.69, "Stomach_LocalFat": 0.52, "Arms_UpperarmMass": 1.38, "Torso_Length": 0.71, "Legs_UpperlegLength": 0.65, "Stomach_Volume": 0.52, "Torso_Vshape": 0.38, "Torso_SizeY": 0.29, "Arms_UpperarmLength": 0.59, "Chin_Tone": 0.29, "Shoulders_Mass": 1.08, "Legs_LowerlegsMass": 1.17, "Arms_UpperarmTone": -0.65, "Neck_Angle": 0.29, "Pelvis_GluteusTone": -0.5, "Torso_Tone": -0.65, "Arms_ForearmTone": -0.5, "Cheeks_Mass": 1.5, "Arms_ForearmLength": 0.65, "Head_Size": 0.59, "Hands_FingersInterDist": 0.38, "Wrists_Size": 0.55, "Torso_ToracicCurve": 1.0, "Legs_LowerlegsTone": -0.68, "Pelvis_GluteusMass": 1.65, "Legs_UpperlegInCurve": 0.29, "Legs_UpperlegSize": 0.44, "Torso_Mass": 1.44, "Neck_Tone": -0.65, "Shoulders_Tone": -0.76, "Hands_Mass": 1.14, "Feet_Size": 0.62, "Neck_Mass": 1.23, "Feet_Mass": 1.23, "Legs_LowerlegLength": 0.54, "Legs_UpperlegsMass": 1.23, "Forehead_SizeZ": 0.62, "Legs_KneeSize": 0.7, "Pelvis_SizeX": 0.44, "Cheeks_Tone": -0.5, "Legs_UpperlegsTone": -0.77, "Neck_Size": 0.35, "Shoulders_PosZ": 0.14, "Torso_BreastTone": 0.7, "Neck_Length": 0.56, "Arms_UpperarmSize": 0.41, "Arms_ForearmMass": 1.5, "Pelvis_SizeY": 0.02, "Elbows_Size": 0.86, "Hands_FingersLength": 1.0}, "metaproperties": {"character_age": 0.0, "last_character_mass": 1.0, "last_character_tone": -1.0, "character_tone": -1.0, "character_mass": 1.0, "last_character_age": 0.0}}