{"manuellab_vers": [1, 5, 0], "materialproperties": {}, "proportions": {"feet_height_Z": 0.0413, "feet_length": 0.144, "buttock_depth_Y": 0.2362, "lowerleg_length": 0.2251, "torso_height_Z": 0.2369, "chest_depth_Y": 0.2098, "buttock_height_Z": 0.1988, "upperleg_length": 0.1692, "chest_girth": 0.8063, "neck_height_Z": 0.0156, "upperleg_top_girth": 0.4939, "forearm_length": 0.147, "waist_girth": 0.815, "body_height_Z": 1.0, "buttock_girth": 0.9079, "shoulders_width": 0.1943, "hands_width": 0.0481, "lowerleg_calf_girth": 0.2841, "neck_girth": 0.2349, "head_height_Z": 0.1364, "head_width_X": 0.0883, "head_length": 0.1252, "feet_heel_width": 0.0423, "feet_width": 0.0553, "buttock_width_X": 0.2993, "elbow_girth": 0.1679, "upperarm_axillary_girth": 0.2506, "upperarm_length": 0.19, "upperleg_bottom_girth": 0.2964, "lowerleg_bottom_girth": 0.1605, "wrist_girth": 0.0879, "hands_length": 0.1116, "chest_width_X": 0.2354}, "structural": {"Torso_Mass": 0.74, "Neck_Tone": -0.5, "Waist_Size": 0.49, "Shoulders_Tone": -0.38, "Legs_UpperlegLength": 0.32, "Torso_Vshape": 0.62, "Head_Size": 0.59, "Shoulders_Mass": 0.62, "Legs_UpperlegsMass": 0.68, "Legs_LowerlegsMass": 0.89, "Arms_UpperarmTone": -0.5, "Pelvis_GluteusTone": -0.5, "Torso_Tone": -0.47, "Torso_SizeX": 0.59, "Arms_ForearmTone": -0.5, "Cheeks_Tone": -0.5, "Legs_UpperlegsTone": -0.65, "Shoulders_PosZ": 0.74, "Shoulders_Size": 0.56, "Torso_BreastTone": 0.7, "Arms_UpperarmSize": 0.71, "Wrists_Size": 0.45, "Legs_LowerlegsTone": -0.05, "Pelvis_GluteusMass": 0.71, "Arms_ForearmSize": 0.71, "Legs_LowerlegLength": 0.39}, "metaproperties": {"character_age": 0.0, "last_character_mass": 0.0, "last_character_tone": -1.0, "character_tone": -1.0, "character_mass": 0.0, "last_character_age": 0.0}}