{"manuellab_vers": [1, 5, 0], "materialproperties": {}, "proportions": {"feet_height_Z": 0.0426, "feet_length": 0.1414, "buttock_depth_Y": 0.1166, "lowerleg_length": 0.2429, "torso_height_Z": 0.2001, "chest_depth_Y": 0.1055, "buttock_height_Z": 0.1515, "upperleg_length": 0.2085, "chest_girth": 0.4428, "neck_height_Z": 0.0367, "upperleg_top_girth": 0.2692, "forearm_length": 0.1459, "waist_girth": 0.3869, "body_height_Z": 1.0, "buttock_girth": 0.4928, "shoulders_width": 0.1611, "hands_width": 0.0459, "lowerleg_calf_girth": 0.1883, "neck_girth": 0.1593, "head_height_Z": 0.1283, "head_width_X": 0.0839, "head_length": 0.1189, "feet_heel_width": 0.0409, "feet_width": 0.0543, "buttock_width_X": 0.1725, "elbow_girth": 0.1336, "upperarm_axillary_girth": 0.1717, "upperarm_length": 0.1793, "upperleg_bottom_girth": 0.1893, "lowerleg_bottom_girth": 0.1119, "wrist_girth": 0.0835, "hands_length": 0.1095, "chest_width_X": 0.1365}, "structural": {"Arms_ForearmMass": -0.5, "Torso_Mass": -0.5, "Torso_Vshape": 0.29, "Waist_Size": 0.85, "Stomach_LocalFat": 0.45, "Arms_UpperarmMass": -0.5, "Torso_BreastMass": 0.0, "Neck_Mass": -0.5, "Hands_Mass": -0.5, "Feet_Mass": -0.5, "Shoulders_Mass": -0.5, "Legs_UpperlegsMass": -0.5, "Legs_LowerlegsMass": -0.5, "Cheeks_Mass": -0.5, "Wrists_Size": 0.45, "Stomach_Volume": 0.48, "Pelvis_SizeX": 0.32, "Pelvis_GluteusMass": -0.5}, "metaproperties": {"character_age": 0.0, "last_character_mass": -1.0, "last_character_tone": 0.0, "character_tone": 0.0, "character_mass": -1.0, "last_character_age": 0.0}}