{"manuellab_vers": [1, 5, 0], "materialproperties": {}, "proportions": {"feet_height_Z": 0.0409, "feet_length": 0.136, "buttock_depth_Y": 0.1153, "lowerleg_length": 0.2542, "torso_height_Z": 0.1982, "chest_depth_Y": 0.1108, "buttock_height_Z": 0.1645, "upperleg_length": 0.1908, "chest_girth": 0.4607, "neck_height_Z": 0.0371, "upperleg_top_girth": 0.251, "forearm_length": 0.1402, "waist_girth": 0.3194, "body_height_Z": 1.0, "buttock_girth": 0.5297, "shoulders_width": 0.1822, "hands_width": 0.0449, "lowerleg_calf_girth": 0.1688, "neck_girth": 0.1523, "head_height_Z": 0.1235, "head_width_X": 0.0807, "head_length": 0.1144, "feet_heel_width": 0.0394, "feet_width": 0.0522, "buttock_width_X": 0.1825, "elbow_girth": 0.1269, "upperarm_axillary_girth": 0.1565, "upperarm_length": 0.1737, "upperleg_bottom_girth": 0.1795, "lowerleg_bottom_girth": 0.1079, "wrist_girth": 0.0813, "hands_length": 0.1054, "chest_width_X": 0.1385}, "structural": {"Torso_Mass": 0.29, "Neck_Tone": 0.06, "Waist_Size": 0.3849, "Shoulders_SizeX": 0.74, "Shoulders_Tone": -0.21, "Arms_UpperarmMass": 0.29, "Hands_Mass": 0.29, "Legs_UpperlegLength": 0.59, "Neck_Mass": 0.29, "Stomach_Volume": 0.4958, "Feet_Mass": 0.29, "Torso_Vshape": 0.56, "Legs_LowerlegLength": 0.62, "Shoulders_Mass": 0.14, "Legs_UpperlegsMass": 0.29, "Legs_LowerlegsMass": 0.29, "Legs_KneeSize": 0.302, "Arms_UpperarmTone": 0.06, "Stomach_LocalFat": 0.4895, "Pelvis_GluteusTone": 0.06, "Torso_Tone": 0.06, "Neck_Collarbone": 0.59, "Arms_ForearmTone": 0.06, "Cheeks_Tone": 0.0, "Legs_UpperlegsTone": 0.06, "Abdomen_Tone": 0.8, "Shoulders_PosZ": 0.71, "Torso_BreastMass": 0.395, "Torso_BreastTone": 0.612, "Neck_Length": 0.68, "Legs_LowerlegSize": 0.38, "Arms_UpperarmSize": 0.44, "Arms_ForearmMass": 0.29, "Wrists_Size": 0.4705, "Cheeks_Mass": 0.23, "Legs_LowerlegsTone": 0.06, "Pelvis_GluteusMass": 0.47, "Arms_ForearmSize": 0.38, "Legs_UpperlegSize": 0.32}, "metaproperties": {"character_age": 0.0, "last_character_mass": 0.0, "last_character_tone": -0.5, "character_tone": -0.5, "character_mass": 0.0, "last_character_age": 0.0}}