{"manuellab_vers": [1, 4, 0], "materialproperties": {}, "structural": {"Torso_Mass": 0.44, "Shoulders_Tone": 0.24, "Feet_Mass": 0.23, "Torso_Tone": 0.38, "Shoulders_PosZ": 0.14, "Forehead_SizeZ": 0.62, "Torso_Vshape": 0.38, "Arms_ForearmSize": 0.44, "Arms_UpperarmSize": 0.47, "Neck_Mass": 0.32, "Arms_UpperarmTone": 0.35, "Torso_ToracicCurve": 1.0, "Hands_FingersLength": 1.0, "Neck_Length": 0.41, "Chin_Tone": 0.29, "Neck_Size": 0.35, "Arms_UpperarmMass": 0.38, "Stomach_Volume": 0.59, "Hands_Mass": 0.14, "Torso_SizeY": 0.29, "Hands_FingersInterDist": 0.38, "Arms_ForearmLength": 0.65, "Feet_Size": 0.62, "Legs_UpperlegsTone": 0.35, "Pelvis_SizeX": 0.62, "Neck_Tone": 0.35, "Shoulders_Mass": 0.08, "Head_Size": 0.59, "Neck_Angle": 0.29, "Arms_UpperarmLength": 0.59}, "metaproperties": {"last_character_tone": 0.0, "last_character_age": 0.0, "character_age": 0.0, "character_tone": 0.0, "last_character_mass": 0.0, "character_mass": 0.0}, "proportions": {}}