{"manuellab_vers": [1, 5, 0], "materialproperties": {}, "proportions": {"feet_height_Z": 0.0426, "feet_length": 0.1414, "buttock_depth_Y": 0.1464, "lowerleg_length": 0.2395, "torso_height_Z": 0.1979, "chest_depth_Y": 0.154, "buttock_height_Z": 0.1713, "upperleg_length": 0.1874, "chest_girth": 0.5928, "neck_height_Z": 0.0466, "upperleg_top_girth": 0.2646, "forearm_length": 0.147, "waist_girth": 0.5307, "body_height_Z": 1.0, "buttock_girth": 0.6419, "shoulders_width": 0.1662, "hands_width": 0.0438, "lowerleg_calf_girth": 0.1657, "neck_girth": 0.1407, "head_height_Z": 0.1266, "head_width_X": 0.0802, "head_length": 0.1137, "feet_heel_width": 0.0405, "feet_width": 0.0542, "buttock_width_X": 0.2229, "elbow_girth": 0.1321, "upperarm_axillary_girth": 0.1508, "upperarm_length": 0.1813, "upperleg_bottom_girth": 0.176, "lowerleg_bottom_girth": 0.1103, "wrist_girth": 0.0793, "hands_length": 0.1144, "chest_width_X": 0.1681}, "structural": {"Torso_Mass": 0.53, "Neck_Tone": -0.65, "Waist_Size": 0.28, "Shoulders_Tone": -0.76, "Arms_UpperarmMass": 0.38, "Hands_Mass": 0.14, "Legs_UpperlegLength": 0.65, "Feet_Size": 0.62, "Neck_Mass": 0.23, "Wrists_Size": 0.45, "Feet_Mass": 0.23, "Legs_LowerlegLength": 0.54, "Torso_SizeY": 0.29, "Arms_UpperarmLength": 0.59, "Chin_Tone": 0.29, "Shoulders_Mass": 0.08, "Legs_UpperlegsMass": 0.23, "Legs_LowerlegsMass": 0.17, "Arms_UpperarmTone": -0.65, "Neck_Angle": 0.29, "Pelvis_GluteusTone": -0.5, "Torso_Tone": -0.32, "Forehead_SizeZ": 0.62, "Arms_ForearmTone": -0.5, "Cheeks_Tone": -0.5, "Legs_UpperlegsTone": -0.77, "Neck_Size": 0.35, "Shoulders_PosZ": 0.14, "Arms_ForearmLength": 0.65, "Torso_BreastTone": 0.7, "Neck_Length": 0.56, "Torso_Length": 0.71, "Arms_UpperarmSize": 0.17, "Hands_FingersInterDist": 0.38, "Pelvis_SizeY": 0.02, "Torso_ToracicCurve": 1.0, "Hands_FingersLength": 1.0, "Legs_LowerlegsTone": -0.68, "Legs_UpperlegInCurve": 0.74, "Arms_ForearmSize": 0.2, "Legs_UpperlegSize": 0.44}, "metaproperties": {"character_age": 0.0, "last_character_mass": 0.0, "last_character_tone": -1.0, "character_tone": -1.0, "character_mass": 0.0, "last_character_age": 0.0}}