{"manuellab_vers": [1, 5, 0], "materialproperties": {}, "proportions": {"feet_height_Z": 0.0433, "feet_length": 0.144, "buttock_depth_Y": 0.1067, "lowerleg_length": 0.2385, "torso_height_Z": 0.2106, "chest_depth_Y": 0.1, "buttock_height_Z": 0.1545, "upperleg_length": 0.1987, "chest_girth": 0.4533, "neck_height_Z": 0.0296, "upperleg_top_girth": 0.241, "forearm_length": 0.1483, "waist_girth": 0.3326, "body_height_Z": 1.0, "buttock_girth": 0.4769, "shoulders_width": 0.1859, "hands_width": 0.0467, "lowerleg_calf_girth": 0.1895, "neck_girth": 0.1621, "head_height_Z": 0.1351, "head_width_X": 0.0883, "head_length": 0.1252, "feet_heel_width": 0.0416, "feet_width": 0.0553, "buttock_width_X": 0.1661, "elbow_girth": 0.1438, "upperarm_axillary_girth": 0.1706, "upperarm_length": 0.1832, "upperleg_bottom_girth": 0.1836, "lowerleg_bottom_girth": 0.1138, "wrist_girth": 0.0856, "hands_length": 0.1115, "chest_width_X": 0.1506}, "structural": {"Torso_Mass": -0.26, "Neck_Tone": 0.0, "Waist_Size": 0.485, "Stomach_LocalFat": 0.45, "Shoulders_Tone": 0.12, "Arms_UpperarmMass": -0.5, "Hands_Mass": -0.5, "Legs_UpperlegLength": 0.32, "Neck_Mass": -0.5, "Stomach_Volume": 0.48, "Feet_Mass": -0.5, "Torso_Vshape": 0.62, "Head_Size": 0.59, "Shoulders_Mass": -0.38, "Legs_UpperlegsMass": -0.32, "Legs_LowerlegsMass": -0.11, "Arms_UpperarmTone": 0.0, "Pelvis_GluteusTone": 0.0, "Torso_Tone": 0.03, "Torso_SizeX": 0.59, "Arms_ForearmTone": 0.0, "Cheeks_Tone": 0.0, "Legs_UpperlegsTone": -0.15, "Shoulders_PosZ": 0.74, "Shoulders_Size": 0.56, "Torso_BreastTone": 0.6, "Arms_UpperarmSize": 0.71, "Arms_ForearmMass": -0.5, "Wrists_Size": 0.425, "Torso_BreastMass": 0.0, "Legs_LowerlegsTone": 0.45, "Pelvis_GluteusMass": -0.29, "Arms_ForearmSize": 0.71, "Cheeks_Mass": -0.5, "Legs_LowerlegLength": 0.39}, "metaproperties": {"character_age": 0.0, "last_character_mass": -1.0, "last_character_tone": -0.5, "character_tone": -0.5, "character_mass": -1.0, "last_character_age": 0.0}}