{"manuellab_vers": [1, 5, 0], "materialproperties": {}, "proportions": {"feet_height_Z": 0.0427, "feet_length": 0.1442, "buttock_depth_Y": 0.1388, "lowerleg_length": 0.2382, "torso_height_Z": 0.205, "chest_depth_Y": 0.1896, "buttock_height_Z": 0.1735, "upperleg_length": 0.1989, "chest_girth": 0.7034, "neck_height_Z": 0.0299, "upperleg_top_girth": 0.3933, "forearm_length": 0.1522, "waist_girth": 0.4991, "body_height_Z": 1.0, "buttock_girth": 0.6603, "shoulders_width": 0.1621, "hands_width": 0.0464, "lowerleg_calf_girth": 0.2276, "neck_girth": 0.2292, "head_height_Z": 0.1241, "head_width_X": 0.0776, "head_length": 0.1101, "feet_heel_width": 0.042, "feet_width": 0.056, "buttock_width_X": 0.2341, "elbow_girth": 0.1665, "upperarm_axillary_girth": 0.2223, "upperarm_length": 0.1865, "upperleg_bottom_girth": 0.26, "lowerleg_bottom_girth": 0.1291, "wrist_girth": 0.0871, "hands_length": 0.1168, "chest_width_X": 0.1694}, "structural": {"Torso_Mass": 1.12, "Torso_Vshape": 0.26, "Waist_Size": 0.6, "Stomach_LocalFat": 0.51, "Shoulders_Tone": 0.24, "Arms_UpperarmMass": 0.88, "Hands_Mass": 0.64, "Legs_UpperlegLength": 0.65, "Feet_Size": 0.62, "Neck_Mass": 1.0, "Stomach_Volume": 0.6, "Feet_Mass": 0.73, "Legs_LowerlegLength": 0.54, "Torso_SizeY": 0.29, "Arms_UpperarmLength": 0.59, "Chin_Tone": 0.29, "Shoulders_Mass": 0.58, "Legs_UpperlegsMass": 0.73, "Legs_LowerlegsMass": 0.67, "Legs_KneeSize": 0.6, "Arms_UpperarmTone": 0.35, "Arms_ForearmLength": 0.65, "Torso_Tone": 0.62, "Forehead_SizeZ": 0.62, "Shoulders_PosZ": 0.41, "Legs_UpperlegsTone": 0.23, "Cheeks_Mass": 1.0, "Torso_BreastMass": 0.75, "Head_Size": 0.29, "Arms_UpperarmSize": 0.47, "Hands_FingersInterDist": 0.38, "Arms_ForearmMass": 1.0, "Pelvis_SizeY": 0.02, "Legs_UpperlegInCurve": 0.74, "Wrists_Size": 0.55, "Hands_FingersLength": 1.0, "Legs_LowerlegsTone": 0.32, "Pelvis_GluteusMass": 1.0, "Arms_ForearmSize": 0.44, "Torso_ToracicCurve": 1.0, "Legs_UpperlegSize": 0.44}, "metaproperties": {"character_age": 0.0, "last_character_mass": 0.5, "last_character_tone": 0.0, "character_tone": 0.0, "character_mass": 0.5, "last_character_age": 0.0}}