{"manuellab_vers": [1, 5, 0], "materialproperties": {}, "proportions": {"feet_height_Z": 0.0406, "feet_length": 0.138, "buttock_depth_Y": 0.2176, "lowerleg_length": 0.2483, "torso_height_Z": 0.2311, "chest_depth_Y": 0.2267, "buttock_height_Z": 0.1751, "upperleg_length": 0.1737, "chest_girth": 0.8239, "neck_height_Z": 0.0166, "upperleg_top_girth": 0.4285, "forearm_length": 0.1634, "waist_girth": 0.6992, "body_height_Z": 1.0, "buttock_girth": 0.8428, "shoulders_width": 0.184, "hands_width": 0.0489, "lowerleg_calf_girth": 0.273, "neck_girth": 0.2573, "head_height_Z": 0.1336, "head_width_X": 0.0864, "head_length": 0.1225, "feet_heel_width": 0.0419, "feet_width": 0.0546, "buttock_width_X": 0.2907, "elbow_girth": 0.1879, "upperarm_axillary_girth": 0.2815, "upperarm_length": 0.1995, "upperleg_bottom_girth": 0.2642, "lowerleg_bottom_girth": 0.1394, "wrist_girth": 0.0884, "hands_length": 0.1027, "chest_width_X": 0.2062}, "structural": {"Torso_Mass": 1.09, "Neck_Tone": 0.47, "Waist_Size": 0.6, "Stomach_LocalFat": 0.51, "Arms_UpperarmMass": 1.0, "Hands_Mass": 1.5, "Legs_UpperlegLength": 0.05, "Feet_Size": 0.29, "Neck_Mass": 1.12, "Stomach_Volume": 0.51, "Feet_Mass": 1.24, "Torso_Vshape": 0.41, "Arms_UpperarmLength": 0.59, "Shoulders_Mass": 1.0, "Legs_UpperlegsMass": 0.73, "Legs_LowerlegsMass": 1.03, "Legs_KneeSize": 0.6, "Neck_Length": 0.35, "Pelvis_SizeX": 0.86, "Torso_Tone": 0.41, "Cheeks_Mass": 1.0, "Legs_UpperlegsTone": 0.35, "Torso_BreastMass": 0.75, "Head_Size": 0.47, "Hands_Size": 0.32, "Wrists_Size": 0.55, "Arms_ForearmMass": 1.0, "Pelvis_SizeY": 0.8, "Hands_FingersLength": 0.11, "Arms_ForearmLength": 0.65, "Pelvis_GluteusMass": 0.85}, "metaproperties": {"character_age": 0.0, "last_character_mass": 0.5, "last_character_tone": 0.0, "character_tone": 0.0, "character_mass": 0.5, "last_character_age": 0.0}}