{"manuellab_vers": [1, 5, 0], "materialproperties": {}, "proportions": {"feet_height_Z": 0.0444, "feet_length": 0.1475, "buttock_depth_Y": 0.1258, "lowerleg_length": 0.2394, "torso_height_Z": 0.1894, "chest_depth_Y": 0.1197, "buttock_height_Z": 0.1522, "upperleg_length": 0.2082, "chest_girth": 0.49, "neck_height_Z": 0.0412, "upperleg_top_girth": 0.3215, "forearm_length": 0.1549, "waist_girth": 0.3612, "body_height_Z": 1.0, "buttock_girth": 0.5652, "shoulders_width": 0.1656, "hands_width": 0.0457, "lowerleg_calf_girth": 0.2083, "neck_girth": 0.1543, "head_height_Z": 0.1365, "head_width_X": 0.0865, "head_length": 0.1226, "feet_heel_width": 0.0423, "feet_width": 0.0566, "buttock_width_X": 0.2081, "elbow_girth": 0.1348, "upperarm_axillary_girth": 0.1613, "upperarm_length": 0.1875, "upperleg_bottom_girth": 0.2159, "lowerleg_bottom_girth": 0.115, "wrist_girth": 0.0846, "hands_length": 0.1194, "chest_width_X": 0.1403}, "structural": {"Torso_Mass": 0.44, "Neck_Tone": 0.35, "Shoulders_Mass": 0.08, "Shoulders_Tone": 0.24, "Arms_UpperarmMass": 0.38, "Hands_Mass": 0.14, "Hands_FingersInterDist": 0.38, "Feet_Size": 0.62, "Neck_Mass": 0.32, "Stomach_Volume": 0.59, "Feet_Mass": 0.23, "Torso_Vshape": 0.38, "Torso_SizeY": 0.29, "Arms_UpperarmLength": 0.59, "Chin_Tone": 0.29, "Forehead_SizeZ": 0.62, "Arms_UpperarmTone": 0.35, "Neck_Angle": 0.29, "Pelvis_SizeX": 0.62, "Torso_Tone": 0.38, "Shoulders_PosZ": 0.14, "Legs_UpperlegsTone": 0.35, "Neck_Size": 0.35, "Arms_ForearmLength": 0.65, "Head_Size": 0.59, "Neck_Length": 0.41, "Arms_UpperarmSize": 0.47, "Wrists_Size": 0.5, "Torso_ToracicCurve": 1.0, "Hands_FingersLength": 1.0, "Arms_ForearmSize": 0.44}, "metaproperties": {"character_age": 0.0, "last_character_mass": 0.0, "last_character_tone": 0.0, "character_tone": 0.0, "character_mass": 0.0, "last_character_age": 0.0}}