{"manuellab_vers": [1, 5, 0], "materialproperties": {}, "proportions": {"feet_height_Z": 0.0423, "feet_length": 0.1438, "buttock_depth_Y": 0.1769, "lowerleg_length": 0.2391, "torso_height_Z": 0.227, "chest_depth_Y": 0.1659, "buttock_height_Z": 0.1848, "upperleg_length": 0.1646, "chest_girth": 0.664, "neck_height_Z": 0.0261, "upperleg_top_girth": 0.3832, "forearm_length": 0.1469, "waist_girth": 0.6442, "body_height_Z": 1.0, "buttock_girth": 0.697, "shoulders_width": 0.1864, "hands_width": 0.048, "lowerleg_calf_girth": 0.2281, "neck_girth": 0.2309, "head_height_Z": 0.1317, "head_width_X": 0.0853, "head_length": 0.1209, "feet_heel_width": 0.0419, "feet_width": 0.0552, "buttock_width_X": 0.2322, "elbow_girth": 0.1584, "upperarm_axillary_girth": 0.2309, "upperarm_length": 0.191, "upperleg_bottom_girth": 0.249, "lowerleg_bottom_girth": 0.1369, "wrist_girth": 0.0865, "hands_length": 0.1114, "chest_width_X": 0.1961}, "structural": {"Torso_Length": 0.68, "Neck_Tone": -0.5, "Waist_Size": 0.85, "Shoulders_Tone": -0.5, "Arms_ForearmTone": -0.5, "Cheeks_Tone": -0.5, "Legs_UpperlegsTone": -0.5, "Stomach_Volume": 0.56, "Torso_BreastTone": 0.7, "Legs_UpperlegLength": 0.08, "Torso_Vshape": 0.29, "Shoulders_Mass": 0.56, "Wrists_Size": 0.45, "Torso_SizeX": 0.83, "Arms_UpperarmTone": -0.5, "Shoulders_Length": 0.65, "Legs_LowerlegsTone": -0.5, "Pelvis_GluteusTone": -0.5, "Pelvis_SizeX": 0.32, "Torso_Tone": -0.5}, "metaproperties": {"character_age": 0.0, "last_character_mass": 0.0, "last_character_tone": -1.0, "character_tone": -1.0, "character_mass": 0.0, "last_character_age": 0.0}}