{"manuellab_vers": [1, 5, 0], "materialproperties": {}, "proportions": {"feet_height_Z": 0.0421, "feet_length": 0.1395, "buttock_depth_Y": 0.137, "lowerleg_length": 0.2578, "torso_height_Z": 0.2078, "chest_depth_Y": 0.1192, "buttock_height_Z": 0.1584, "upperleg_length": 0.1858, "chest_girth": 0.4836, "neck_height_Z": 0.0266, "upperleg_top_girth": 0.2609, "forearm_length": 0.1343, "waist_girth": 0.4052, "body_height_Z": 1.0, "buttock_girth": 0.5698, "shoulders_width": 0.1668, "hands_width": 0.0467, "lowerleg_calf_girth": 0.1989, "neck_girth": 0.1564, "head_height_Z": 0.1336, "head_width_X": 0.0873, "head_length": 0.1238, "feet_heel_width": 0.0409, "feet_width": 0.0536, "buttock_width_X": 0.1961, "elbow_girth": 0.1393, "upperarm_axillary_girth": 0.167, "upperarm_length": 0.1852, "upperleg_bottom_girth": 0.1908, "lowerleg_bottom_girth": 0.1134, "wrist_girth": 0.0838, "hands_length": 0.1036, "chest_width_X": 0.1486}, "structural": {"Torso_Mass": 0.3, "Neck_Tone": -0.03, "Waist_Size": 0.49, "Stomach_LocalFat": 0.475, "Shoulders_Tone": 0.0, "Arms_UpperarmMass": 0.15, "Torso_BreastMass": 0.25, "Legs_UpperlegLength": 0.05, "Feet_Size": 0.29, "Neck_Mass": 0.24, "Stomach_Volume": 0.49, "Feet_Mass": 0.24, "Torso_Vshape": 0.26, "Head_Size": 0.47, "Shoulders_Mass": 0.0, "Legs_UpperlegsMass": 0.12, "Legs_LowerlegsMass": 0.3, "Arms_UpperarmTone": -0.06, "Neck_Length": 0.08, "Pelvis_GluteusTone": 0.0, "Pelvis_SizeX": 0.86, "Torso_Tone": -0.06, "Arms_UpperarmLength": 0.44, "Arms_ForearmTone": 0.09, "Cheeks_Tone": 0.0, "Legs_UpperlegsTone": 0.03, "Shoulders_PosZ": 0.35, "Arms_ForearmLength": 0.2, "Torso_BreastTone": 0.6, "Hands_Size": 0.32, "Wrists_Size": 0.45, "Arms_ForearmMass": 0.12, "Pelvis_SizeY": 0.8, "Cheeks_Mass": 0.0, "Hands_FingersLength": 0.11, "Legs_LowerlegsTone": 0.24, "Pelvis_GluteusMass": 0.21}, "metaproperties": {"character_age": 0.0, "last_character_mass": -0.5, "last_character_tone": -0.5, "character_tone": -0.5, "character_mass": -0.5, "last_character_age": 0.0}}