{"manuellab_vers": [1, 5, 0], "materialproperties": {}, "proportions": {"feet_height_Z": 0.0434, "feet_length": 0.1442, "buttock_depth_Y": 0.1007, "lowerleg_length": 0.2446, "torso_height_Z": 0.1919, "chest_depth_Y": 0.1258, "buttock_height_Z": 0.149, "upperleg_length": 0.2173, "chest_girth": 0.5102, "neck_height_Z": 0.0404, "upperleg_top_girth": 0.2556, "forearm_length": 0.1515, "waist_girth": 0.361, "body_height_Z": 1.0, "buttock_girth": 0.5156, "shoulders_width": 0.1551, "hands_width": 0.0447, "lowerleg_calf_girth": 0.1806, "neck_girth": 0.1571, "head_height_Z": 0.1229, "head_width_X": 0.0776, "head_length": 0.1101, "feet_heel_width": 0.0413, "feet_width": 0.0553, "buttock_width_X": 0.1973, "elbow_girth": 0.1318, "upperarm_axillary_girth": 0.1568, "upperarm_length": 0.1827, "upperleg_bottom_girth": 0.1902, "lowerleg_bottom_girth": 0.1125, "wrist_girth": 0.0828, "hands_length": 0.1167, "chest_width_X": 0.1389}, "structural": {"Torso_Mass": 0.62, "Torso_Vshape": 0.26, "Shoulders_Mass": 0.08, "Shoulders_Tone": 0.24, "Arms_UpperarmMass": 0.38, "Hands_Mass": 0.14, "Legs_UpperlegLength": 0.65, "Feet_Size": 0.62, "Stomach_Volume": 0.59, "Feet_Mass": 0.23, "Legs_LowerlegLength": 0.54, "Torso_SizeY": 0.29, "Arms_UpperarmLength": 0.59, "Chin_Tone": 0.29, "Legs_UpperlegsMass": 0.23, "Legs_LowerlegsMass": 0.17, "Arms_UpperarmTone": 0.35, "Torso_Tone": 0.62, "Forehead_SizeZ": 0.62, "Shoulders_PosZ": 0.41, "Legs_UpperlegsTone": 0.23, "Arms_ForearmLength": 0.65, "Head_Size": 0.29, "Arms_UpperarmSize": 0.47, "Hands_FingersInterDist": 0.38, "Pelvis_SizeY": 0.02, "Wrists_Size": 0.5, "Hands_FingersLength": 1.0, "Legs_LowerlegsTone": 0.32, "Legs_UpperlegInCurve": 0.74, "Arms_ForearmSize": 0.44, "Torso_ToracicCurve": 1.0, "Legs_UpperlegSize": 0.44}, "metaproperties": {"character_age": 0.0, "last_character_mass": 0.0, "last_character_tone": 0.0, "character_tone": 0.0, "character_mass": 0.0, "last_character_age": 0.0}}