{"manuellab_vers": [1, 5, 0], "materialproperties": {}, "proportions": {"feet_height_Z": 0.0426, "feet_length": 0.1414, "buttock_depth_Y": 0.125, "lowerleg_length": 0.2394, "torso_height_Z": 0.1876, "chest_depth_Y": 0.1259, "buttock_height_Z": 0.1585, "upperleg_length": 0.2099, "chest_girth": 0.5161, "neck_height_Z": 0.0456, "upperleg_top_girth": 0.3821, "forearm_length": 0.1466, "waist_girth": 0.5388, "body_height_Z": 1.0, "buttock_girth": 0.608, "shoulders_width": 0.1665, "hands_width": 0.0473, "lowerleg_calf_girth": 0.2096, "neck_girth": 0.1678, "head_height_Z": 0.1283, "head_width_X": 0.0839, "head_length": 0.1189, "feet_heel_width": 0.0409, "feet_width": 0.0543, "buttock_width_X": 0.2293, "elbow_girth": 0.147, "upperarm_axillary_girth": 0.1918, "upperarm_length": 0.1753, "upperleg_bottom_girth": 0.2589, "lowerleg_bottom_girth": 0.1122, "wrist_girth": 0.0863, "hands_length": 0.1096, "chest_width_X": 0.15}, "structural": {"Torso_Vshape": 0.38, "Waist_Size": 0.86, "Stomach_LocalFat": 0.92, "Arms_UpperarmMass": 0.68, "Shoulders_PosZ": 0.17, "Legs_UpperlegsTone": 0.26, "Pelvis_GluteusSize": 0.59, "Shoulders_Length": 0.32, "Legs_UpperlegsMass": 0.71, "Wrists_Size": 0.5, "Pelvis_SizeX": 0.8, "Legs_UpperlegInCurve": 0.23}, "metaproperties": {"character_age": 0.0, "last_character_mass": 0.0, "last_character_tone": 0.0, "character_tone": 0.0, "character_mass": 0.0, "last_character_age": 0.0}}