{"manuellab_vers": [1, 5, 0], "materialproperties": {}, "proportions": {"feet_height_Z": 0.0407, "feet_length": 0.1353, "buttock_depth_Y": 0.1253, "lowerleg_length": 0.255, "torso_height_Z": 0.1955, "chest_depth_Y": 0.1073, "buttock_height_Z": 0.144, "upperleg_length": 0.2155, "chest_girth": 0.4559, "neck_height_Z": 0.0341, "upperleg_top_girth": 0.3105, "forearm_length": 0.1414, "waist_girth": 0.3074, "body_height_Z": 1.0, "buttock_girth": 0.5342, "shoulders_width": 0.1662, "hands_width": 0.0439, "lowerleg_calf_girth": 0.1823, "neck_girth": 0.1564, "head_height_Z": 0.1256, "head_width_X": 0.0821, "head_length": 0.1164, "feet_heel_width": 0.0391, "feet_width": 0.0519, "buttock_width_X": 0.1922, "elbow_girth": 0.1277, "upperarm_axillary_girth": 0.1666, "upperarm_length": 0.1925, "upperleg_bottom_girth": 0.2039, "lowerleg_bottom_girth": 0.107, "wrist_girth": 0.0797, "hands_length": 0.1047, "chest_width_X": 0.1319}, "structural": {"Torso_Mass": -0.5, "Waist_Size": 0.25, "Stomach_LocalFat": 0.45, "Shoulders_Tone": 0.59, "Arms_UpperarmMass": -0.5, "Hands_Mass": -0.5, "Legs_UpperlegLength": 0.65, "Arms_ForearmLength": 0.53, "Neck_Mass": -0.5, "Stomach_Volume": 0.48, "Feet_Mass": -0.5, "Legs_LowerlegLength": 0.62, "Head_Size": 0.56, "Shoulders_Mass": -0.62, "Legs_UpperlegsMass": -0.5, "Legs_LowerlegsMass": -0.5, "Arms_UpperarmLength": 0.737, "Pelvis_GluteusTone": 0.92, "Pelvis_GluteusSize": 0.57, "Pelvis_GluteusMass": -0.41, "Pelvis_SizeX": 0.55, "Shoulders_PosZ": 0.59, "Legs_UpperlegsTone": 0.71, "Torso_Dorsi": 0.8, "Cheeks_Mass": -0.5, "Torso_BreastMass": 0.27, "Torso_BreastTone": 0.74, "Body_Size": 0.46, "Neck_Length": 0.56, "Arms_ForearmMass": -0.5, "Wrists_Size": 0.45, "Legs_UpperlegSize": 0.65}, "metaproperties": {"character_age": 0.0, "last_character_mass": -1.0, "last_character_tone": 0.0, "character_tone": 0.0, "character_mass": -1.0, "last_character_age": 0.0}}