{"manuellab_vers": [1, 5, 0], "materialproperties": {}, "proportions": {"feet_height_Z": 0.0433, "feet_length": 0.144, "buttock_depth_Y": 0.1814, "lowerleg_length": 0.2327, "torso_height_Z": 0.2286, "chest_depth_Y": 0.2136, "buttock_height_Z": 0.1817, "upperleg_length": 0.1788, "chest_girth": 0.8028, "neck_height_Z": 0.0156, "upperleg_top_girth": 0.4658, "forearm_length": 0.1507, "waist_girth": 0.5963, "body_height_Z": 1.0, "buttock_girth": 0.751, "shoulders_width": 0.1944, "hands_width": 0.0508, "lowerleg_calf_girth": 0.2594, "neck_girth": 0.2556, "head_height_Z": 0.1364, "head_width_X": 0.0883, "head_length": 0.1252, "feet_heel_width": 0.0427, "feet_width": 0.0568, "buttock_width_X": 0.2578, "elbow_girth": 0.1939, "upperarm_axillary_girth": 0.2844, "upperarm_length": 0.1875, "upperleg_bottom_girth": 0.3067, "lowerleg_bottom_girth": 0.1195, "wrist_girth": 0.0933, "hands_length": 0.1117, "chest_width_X": 0.2012}, "structural": {"Torso_Mass": 1.24, "Torso_Vshape": 0.62, "Waist_Size": 0.6, "Stomach_LocalFat": 0.51, "Shoulders_Tone": 0.62, "Arms_UpperarmMass": 1.0, "Hands_Mass": 1.0, "Legs_UpperlegLength": 0.32, "Neck_Mass": 1.0, "Stomach_Volume": 0.51, "Feet_Mass": 1.0, "Legs_LowerlegLength": 0.39, "Shoulders_Mass": 1.12, "Legs_UpperlegsMass": 1.18, "Legs_LowerlegsMass": 1.39, "Legs_KneeSize": 0.6, "Torso_Tone": 0.53, "Torso_SizeX": 0.59, "Shoulders_PosZ": 0.74, "Legs_UpperlegsTone": 0.35, "Cheeks_Mass": 1.0, "Shoulders_Size": 0.56, "Head_Size": 0.59, "Arms_UpperarmSize": 0.71, "Arms_ForearmMass": 1.0, "Wrists_Size": 0.55, "Torso_BreastMass": 0.75, "Legs_LowerlegsTone": 0.95, "Pelvis_GluteusMass": 1.21, "Arms_ForearmSize": 0.71}, "metaproperties": {"character_age": 0.0, "last_character_mass": 0.5, "last_character_tone": 0.0, "character_tone": 0.0, "character_mass": 0.5, "last_character_age": 0.0}}