{"manuellab_vers": [1, 5, 0], "materialproperties": {}, "proportions": {"feet_height_Z": 0.041, "feet_length": 0.136, "buttock_depth_Y": 0.1153, "lowerleg_length": 0.2545, "torso_height_Z": 0.1988, "chest_depth_Y": 0.1024, "buttock_height_Z": 0.1449, "upperleg_length": 0.2098, "chest_girth": 0.4451, "neck_height_Z": 0.0371, "upperleg_top_girth": 0.2512, "forearm_length": 0.1403, "waist_girth": 0.3282, "body_height_Z": 1.0, "buttock_girth": 0.4891, "shoulders_width": 0.1821, "hands_width": 0.0442, "lowerleg_calf_girth": 0.1804, "neck_girth": 0.1565, "head_height_Z": 0.1234, "head_width_X": 0.0807, "head_length": 0.1144, "feet_heel_width": 0.0393, "feet_width": 0.0522, "buttock_width_X": 0.1729, "elbow_girth": 0.1266, "upperarm_axillary_girth": 0.159, "upperarm_length": 0.1736, "upperleg_bottom_girth": 0.1832, "lowerleg_bottom_girth": 0.1066, "wrist_girth": 0.0798, "hands_length": 0.1053, "chest_width_X": 0.1393}, "structural": {"Torso_Mass": -0.71, "Neck_Tone": 0.56, "Waist_Size": 0.3799, "Shoulders_SizeX": 0.74, "Shoulders_Tone": 0.29, "Arms_UpperarmMass": -0.71, "Hands_Mass": -0.71, "Legs_UpperlegLength": 0.59, "Neck_Mass": -0.71, "Stomach_Volume": 0.4758, "Feet_Mass": -0.71, "Torso_Vshape": 0.56, "Legs_LowerlegLength": 0.62, "Shoulders_Mass": -0.86, "Legs_UpperlegsMass": -0.71, "Legs_LowerlegsMass": -0.71, "Legs_KneeSize": 0.302, "Arms_UpperarmTone": 0.56, "Stomach_LocalFat": 0.4395, "Pelvis_GluteusTone": 0.56, "Torso_Tone": 0.56, "Neck_Collarbone": 0.59, "Arms_ForearmTone": 0.56, "Shoulders_PosZ": 0.71, "Legs_UpperlegsTone": 0.56, "Abdomen_Tone": 0.8, "Cheeks_Mass": -0.77, "Torso_BreastMass": -0.105, "Torso_BreastTone": 0.512, "Neck_Length": 0.68, "Legs_LowerlegSize": 0.38, "Arms_UpperarmSize": 0.44, "Arms_ForearmMass": -0.71, "Wrists_Size": 0.4455, "Legs_LowerlegsTone": 0.56, "Pelvis_GluteusMass": -0.53, "Arms_ForearmSize": 0.38, "Legs_UpperlegSize": 0.32}, "metaproperties": {"character_age": 0.0, "last_character_mass": -1.0, "last_character_tone": 0.0, "character_tone": 0.0, "character_mass": -1.0, "last_character_age": 0.0}}