{"manuellab_vers": [1, 5, 0], "materialproperties": {}, "proportions": {"feet_height_Z": 0.0409, "feet_length": 0.141, "buttock_depth_Y": 0.2047, "lowerleg_length": 0.2266, "torso_height_Z": 0.215, "chest_depth_Y": 0.2133, "buttock_height_Z": 0.1965, "upperleg_length": 0.1783, "chest_girth": 0.7749, "neck_height_Z": 0.0304, "upperleg_top_girth": 0.4906, "forearm_length": 0.1459, "waist_girth": 0.7786, "body_height_Z": 1.0, "buttock_girth": 0.8528, "shoulders_width": 0.1676, "hands_width": 0.0453, "lowerleg_calf_girth": 0.2466, "neck_girth": 0.26, "head_height_Z": 0.1328, "head_width_X": 0.0827, "head_length": 0.1173, "feet_heel_width": 0.0414, "feet_width": 0.0547, "buttock_width_X": 0.2859, "elbow_girth": 0.1923, "upperarm_axillary_girth": 0.2354, "upperarm_length": 0.1875, "upperleg_bottom_girth": 0.302, "lowerleg_bottom_girth": 0.1457, "wrist_girth": 0.0834, "hands_length": 0.1142, "chest_width_X": 0.2093}, "structural": {"Torso_BreastMass": 0.75, "Waist_Size": 0.595, "Stomach_LocalFat": 0.51, "Arms_UpperarmMass": 0.88, "Torso_Length": 0.71, "Legs_UpperlegLength": 0.65, "Stomach_Volume": 0.51, "Torso_Vshape": 0.38, "Torso_SizeY": 0.29, "Arms_UpperarmLength": 0.59, "Chin_Tone": 0.29, "Shoulders_Mass": 0.58, "Legs_LowerlegsMass": 0.67, "Arms_UpperarmTone": -0.15, "Neck_Angle": 0.29, "Pelvis_GluteusTone": 0.0, "Torso_Tone": -0.15, "Arms_ForearmTone": 0.0, "Cheeks_Mass": 1.0, "Arms_ForearmLength": 0.65, "Head_Size": 0.59, "Hands_FingersInterDist": 0.38, "Wrists_Size": 0.525, "Torso_ToracicCurve": 1.0, "Legs_LowerlegsTone": -0.18, "Pelvis_GluteusMass": 1.15, "Legs_UpperlegInCurve": 0.29, "Legs_UpperlegSize": 0.44, "Torso_Mass": 0.94, "Neck_Tone": -0.15, "Shoulders_Tone": -0.26, "Hands_Mass": 0.64, "Feet_Size": 0.62, "Neck_Mass": 0.73, "Feet_Mass": 0.73, "Legs_LowerlegLength": 0.54, "Legs_UpperlegsMass": 0.73, "Forehead_SizeZ": 0.62, "Legs_KneeSize": 0.6, "Pelvis_SizeX": 0.44, "Cheeks_Tone": 0.0, "Legs_UpperlegsTone": -0.27, "Neck_Size": 0.35, "Shoulders_PosZ": 0.14, "Torso_BreastTone": 0.6, "Neck_Length": 0.56, "Arms_UpperarmSize": 0.41, "Arms_ForearmMass": 1.0, "Pelvis_SizeY": 0.02, "Elbows_Size": 0.86, "Hands_FingersLength": 1.0}, "metaproperties": {"character_age": 0.0, "last_character_mass": 0.5, "last_character_tone": -0.5, "character_tone": -0.5, "character_mass": 0.5, "last_character_age": 0.0}}