{"manuellab_vers": [1, 5, 0], "materialproperties": {}, "proportions": {"feet_height_Z": 0.0434, "feet_length": 0.1475, "buttock_depth_Y": 0.2033, "lowerleg_length": 0.2309, "torso_height_Z": 0.2067, "chest_depth_Y": 0.2068, "buttock_height_Z": 0.1767, "upperleg_length": 0.1899, "chest_girth": 0.7563, "neck_height_Z": 0.0313, "upperleg_top_girth": 0.463, "forearm_length": 0.1556, "waist_girth": 0.6703, "body_height_Z": 1.0, "buttock_girth": 0.8001, "shoulders_width": 0.1722, "hands_width": 0.0474, "lowerleg_calf_girth": 0.2627, "neck_girth": 0.233, "head_height_Z": 0.138, "head_width_X": 0.0865, "head_length": 0.1226, "feet_heel_width": 0.0431, "feet_width": 0.0573, "buttock_width_X": 0.2732, "elbow_girth": 0.1702, "upperarm_axillary_girth": 0.226, "upperarm_length": 0.1909, "upperleg_bottom_girth": 0.3006, "lowerleg_bottom_girth": 0.14, "wrist_girth": 0.089, "hands_length": 0.1195, "chest_width_X": 0.1947}, "structural": {"Torso_Mass": 0.94, "Neck_Tone": 0.35, "Waist_Size": 0.6, "Stomach_LocalFat": 0.51, "Shoulders_Tone": 0.24, "Arms_UpperarmMass": 0.88, "Hands_Mass": 0.64, "Hands_FingersInterDist": 0.38, "Feet_Size": 0.62, "Neck_Mass": 0.82, "Stomach_Volume": 0.6, "Feet_Mass": 0.73, "Torso_Vshape": 0.38, "Torso_SizeY": 0.29, "Arms_UpperarmLength": 0.59, "Chin_Tone": 0.29, "Shoulders_Mass": 0.58, "Legs_UpperlegsMass": 1.0, "Legs_LowerlegsMass": 1.0, "Legs_KneeSize": 0.6, "Arms_UpperarmTone": 0.35, "Neck_Angle": 0.29, "Arms_ForearmLength": 0.65, "Pelvis_SizeX": 0.62, "Torso_Tone": 0.38, "Shoulders_PosZ": 0.14, "Legs_UpperlegsTone": 0.35, "Neck_Size": 0.35, "Cheeks_Mass": 1.0, "Torso_BreastMass": 0.75, "Head_Size": 0.59, "Neck_Length": 0.41, "Arms_UpperarmSize": 0.47, "Arms_ForearmMass": 1.0, "Wrists_Size": 0.55, "Torso_ToracicCurve": 1.0, "Hands_FingersLength": 1.0, "Pelvis_GluteusMass": 1.0, "Arms_ForearmSize": 0.44, "Forehead_SizeZ": 0.62}, "metaproperties": {"character_age": 0.0, "last_character_mass": 0.5, "last_character_tone": 0.0, "character_tone": 0.0, "character_mass": 0.5, "last_character_age": 0.0}}