{"manuellab_vers": [1, 5, 0], "materialproperties": {}, "proportions": {"feet_height_Z": 0.0433, "feet_length": 0.144, "buttock_depth_Y": 0.1481, "lowerleg_length": 0.2359, "torso_height_Z": 0.2141, "chest_depth_Y": 0.1546, "buttock_height_Z": 0.1663, "upperleg_length": 0.1911, "chest_girth": 0.626, "neck_height_Z": 0.0278, "upperleg_top_girth": 0.3819, "forearm_length": 0.1483, "waist_girth": 0.4632, "body_height_Z": 1.0, "buttock_girth": 0.6414, "shoulders_width": 0.1872, "hands_width": 0.0481, "lowerleg_calf_girth": 0.2535, "neck_girth": 0.1804, "head_height_Z": 0.1351, "head_width_X": 0.0883, "head_length": 0.1252, "feet_heel_width": 0.0416, "feet_width": 0.0553, "buttock_width_X": 0.2292, "elbow_girth": 0.148, "upperarm_axillary_girth": 0.2105, "upperarm_length": 0.1836, "upperleg_bottom_girth": 0.2465, "lowerleg_bottom_girth": 0.117, "wrist_girth": 0.0891, "hands_length": 0.1116, "chest_width_X": 0.1756}, "structural": {"Torso_Mass": 0.74, "Torso_Vshape": 0.62, "Shoulders_Mass": 0.62, "Shoulders_Tone": 0.62, "Shoulders_PosZ": 0.74, "Legs_UpperlegsTone": 0.35, "Wrists_Size": 0.5, "Shoulders_Size": 0.56, "Head_Size": 0.59, "Legs_LowerlegLength": 0.39, "Arms_UpperarmSize": 0.71, "Legs_UpperlegLength": 0.32, "Torso_SizeX": 0.59, "Legs_UpperlegsMass": 0.68, "Legs_LowerlegsMass": 0.89, "Legs_LowerlegsTone": 0.95, "Pelvis_GluteusMass": 0.71, "Arms_ForearmSize": 0.71, "Torso_Tone": 0.53}, "metaproperties": {"character_age": 0.0, "last_character_mass": 0.0, "last_character_tone": 0.0, "character_tone": 0.0, "character_mass": 0.0, "last_character_age": 0.0}}