{"manuellab_vers": [1, 5, 0], "materialproperties": {}, "proportions": {"feet_height_Z": 0.0444, "feet_length": 0.1475, "buttock_depth_Y": 0.1202, "lowerleg_length": 0.24, "torso_height_Z": 0.1907, "chest_depth_Y": 0.1001, "buttock_height_Z": 0.1502, "upperleg_length": 0.207, "chest_girth": 0.4266, "neck_height_Z": 0.0412, "upperleg_top_girth": 0.251, "forearm_length": 0.1549, "waist_girth": 0.3401, "body_height_Z": 1.0, "buttock_girth": 0.5089, "shoulders_width": 0.1655, "hands_width": 0.0453, "lowerleg_calf_girth": 0.1879, "neck_girth": 0.148, "head_height_Z": 0.1365, "head_width_X": 0.0865, "head_length": 0.1226, "feet_heel_width": 0.0423, "feet_width": 0.0566, "buttock_width_X": 0.1796, "elbow_girth": 0.1318, "upperarm_axillary_girth": 0.1549, "upperarm_length": 0.1875, "upperleg_bottom_girth": 0.1837, "lowerleg_bottom_girth": 0.1147, "wrist_girth": 0.0836, "hands_length": 0.1193, "chest_width_X": 0.1367}, "structural": {"Torso_Mass": -0.06, "Neck_Tone": 0.35, "Waist_Size": 0.495, "Stomach_LocalFat": 0.475, "Shoulders_Tone": 0.24, "Arms_UpperarmMass": -0.12, "Hands_Mass": -0.36, "Hands_FingersInterDist": 0.38, "Feet_Size": 0.62, "Neck_Mass": -0.18, "Stomach_Volume": 0.58, "Feet_Mass": -0.27, "Torso_Vshape": 0.38, "Torso_SizeY": 0.29, "Arms_UpperarmLength": 0.59, "Chin_Tone": 0.29, "Shoulders_Mass": -0.42, "Legs_UpperlegsMass": 0.0, "Legs_LowerlegsMass": 0.0, "Arms_UpperarmTone": 0.35, "Neck_Angle": 0.29, "Arms_ForearmLength": 0.65, "Pelvis_SizeX": 0.62, "Torso_Tone": 0.38, "Shoulders_PosZ": 0.14, "Legs_UpperlegsTone": 0.35, "Neck_Size": 0.35, "Cheeks_Mass": 0.0, "Torso_BreastMass": 0.25, "Head_Size": 0.59, "Neck_Length": 0.41, "Arms_UpperarmSize": 0.47, "Arms_ForearmMass": 0.0, "Wrists_Size": 0.475, "Torso_ToracicCurve": 1.0, "Hands_FingersLength": 1.0, "Pelvis_GluteusMass": 0.0, "Arms_ForearmSize": 0.44, "Forehead_SizeZ": 0.62}, "metaproperties": {"character_age": 0.0, "last_character_mass": -0.5, "last_character_tone": 0.0, "character_tone": 0.0, "character_mass": -0.5, "last_character_age": 0.0}}