{"manuellab_vers": [1, 5, 0], "materialproperties": {"skin_age": 0.2, "skin_reflection": 0.9, "skin_sss": 1.0, "eyes_value": 0.5, "eyes_saturation": 1.0, "skin_bump": 0.5, "skin_oil": 0.1, "eyes_hue": 0.5, "skin_complexion": 0.1, "skin_fresnel": 1.0}, "structural": {"Abdomen_Mass": 1.0, "Stomach_Volume": 0.52, "Legs_UpperlegsMass": 1.5, "Cheeks_Tone": 1.5, "Arms_ForearmMass": 1.5, "Shoulders_Mass": 1.5, "Hands_Mass": 1.5, "Legs_LowerlegsTone": 1.5, "Legs_UpperlegsTone": 1.5, "Shoulders_Tone": 1.5, "Legs_LowerlegsMass": 1.5, "Arms_ForearmTone": 1.5, "Wrists_Size": 0.7, "Pelvis_GluteusTone": 1.5, "Legs_KneeSize": 0.9, "Stomach_LocalFat": 0.52, "Waist_Size": 0.9, "Arms_UpperarmTone": 1.5, "Torso_Mass": 1.5, "Neck_Mass": 1.5, "Neck_Tone": 1.5, "Feet_Mass": 1.5, "Torso_BreastTone": 0.7, "Torso_Tone": 1.5, "Pelvis_GluteusMass": 1.5, "Torso_BreastMass": 1.0, "Cheeks_Mass": 1.5, "Arms_UpperarmMass": 1.5, "Abdomen_Tone": 1.0}, "metaproperties": {"last_character_tone": 1.0, "character_mass": 1.0, "last_character_mass": 1.0, "last_character_age": 0.0, "character_tone": 1.0, "character_age": 0.0}, "proportions": {}}