{"manuellab_vers": [1, 5, 0], "materialproperties": {}, "proportions": {"feet_height_Z": 0.0395, "feet_length": 0.138, "buttock_depth_Y": 0.2598, "lowerleg_length": 0.2408, "torso_height_Z": 0.2406, "chest_depth_Y": 0.2481, "buttock_height_Z": 0.2086, "upperleg_length": 0.1531, "chest_girth": 0.8904, "neck_height_Z": 0.0109, "upperleg_top_girth": 0.5479, "forearm_length": 0.1584, "waist_girth": 0.8781, "body_height_Z": 1.0, "buttock_girth": 0.9987, "shoulders_width": 0.1872, "hands_width": 0.0489, "lowerleg_calf_girth": 0.2896, "neck_girth": 0.2972, "head_height_Z": 0.1348, "head_width_X": 0.0864, "head_length": 0.1225, "feet_heel_width": 0.0422, "feet_width": 0.0546, "buttock_width_X": 0.3276, "elbow_girth": 0.1882, "upperarm_axillary_girth": 0.2952, "upperarm_length": 0.2062, "upperleg_bottom_girth": 0.3307, "lowerleg_bottom_girth": 0.1616, "wrist_girth": 0.0872, "hands_length": 0.1027, "chest_width_X": 0.2335}, "structural": {"Torso_Mass": 1.59, "Neck_Tone": -0.53, "Waist_Size": 0.69, "Stomach_LocalFat": 0.52, "Shoulders_Tone": -0.5, "Arms_UpperarmMass": 1.5, "Hands_Mass": 2.0, "Legs_UpperlegLength": 0.05, "Feet_Size": 0.29, "Neck_Mass": 1.62, "Stomach_Volume": 0.52, "Feet_Mass": 1.74, "Torso_Vshape": 0.41, "Head_Size": 0.47, "Shoulders_Mass": 1.5, "Legs_UpperlegsMass": 1.23, "Legs_LowerlegsMass": 1.53, "Legs_KneeSize": 0.7, "Arms_UpperarmTone": -0.5, "Neck_Length": 0.35, "Pelvis_GluteusTone": -0.5, "Pelvis_SizeX": 0.86, "Torso_Tone": -0.59, "Arms_UpperarmLength": 0.59, "Arms_ForearmTone": -0.5, "Cheeks_Tone": -0.5, "Legs_UpperlegsTone": -0.65, "Cheeks_Mass": 1.5, "Torso_BreastMass": 1.0, "Torso_BreastTone": 0.7, "Hands_Size": 0.32, "Wrists_Size": 0.55, "Arms_ForearmMass": 1.5, "Pelvis_SizeY": 0.8, "Arms_ForearmLength": 0.65, "Hands_FingersLength": 0.11, "Legs_LowerlegsTone": -0.5, "Pelvis_GluteusMass": 1.35}, "metaproperties": {"character_age": 0.0, "last_character_mass": 1.0, "last_character_tone": -1.0, "character_tone": -1.0, "character_mass": 1.0, "last_character_age": 0.0}}