{"manuellab_vers": [1, 5, 0], "materialproperties": {}, "proportions": {"feet_height_Z": 0.042, "feet_length": 0.1395, "buttock_depth_Y": 0.2165, "lowerleg_length": 0.2546, "torso_height_Z": 0.2282, "chest_depth_Y": 0.2324, "buttock_height_Z": 0.1852, "upperleg_length": 0.1649, "chest_girth": 0.8316, "neck_height_Z": 0.0101, "upperleg_top_girth": 0.4702, "forearm_length": 0.1375, "waist_girth": 0.6992, "body_height_Z": 1.0, "buttock_girth": 0.8564, "shoulders_width": 0.1765, "hands_width": 0.0494, "lowerleg_calf_girth": 0.2675, "neck_girth": 0.2581, "head_height_Z": 0.135, "head_width_X": 0.0873, "head_length": 0.1238, "feet_heel_width": 0.042, "feet_width": 0.0551, "buttock_width_X": 0.2923, "elbow_girth": 0.1885, "upperarm_axillary_girth": 0.2862, "upperarm_length": 0.1903, "upperleg_bottom_girth": 0.3013, "lowerleg_bottom_girth": 0.1201, "wrist_girth": 0.0916, "hands_length": 0.1038, "chest_width_X": 0.2016}, "structural": {"Torso_Mass": 1.8, "Neck_Tone": 0.47, "Waist_Size": 0.7, "Stomach_LocalFat": 0.52, "Arms_UpperarmMass": 1.65, "Hands_Mass": 2.0, "Legs_UpperlegLength": 0.05, "Feet_Size": 0.29, "Neck_Mass": 1.74, "Stomach_Volume": 0.52, "Feet_Mass": 1.74, "Torso_Vshape": 0.26, "Arms_UpperarmLength": 0.44, "Shoulders_Mass": 1.5, "Legs_UpperlegsMass": 1.62, "Legs_LowerlegsMass": 1.8, "Legs_KneeSize": 0.7, "Arms_UpperarmTone": 0.44, "Neck_Length": 0.08, "Pelvis_SizeX": 0.86, "Torso_Tone": 0.44, "Arms_ForearmTone": 0.59, "Shoulders_PosZ": 0.35, "Legs_UpperlegsTone": 0.53, "Cheeks_Mass": 1.5, "Torso_BreastMass": 1.0, "Head_Size": 0.47, "Hands_Size": 0.32, "Wrists_Size": 0.6, "Arms_ForearmMass": 1.62, "Pelvis_SizeY": 0.8, "Arms_ForearmLength": 0.2, "Hands_FingersLength": 0.11, "Legs_LowerlegsTone": 0.74, "Pelvis_GluteusMass": 1.71}, "metaproperties": {"character_age": 0.0, "last_character_mass": 1.0, "last_character_tone": 0.0, "character_tone": 0.0, "character_mass": 1.0, "last_character_age": 0.0}}