{"manuellab_vers": [1, 5, 0], "materialproperties": {}, "proportions": {"feet_height_Z": 0.0399, "feet_length": 0.1395, "buttock_depth_Y": 0.2626, "lowerleg_length": 0.2434, "torso_height_Z": 0.2391, "chest_depth_Y": 0.2507, "buttock_height_Z": 0.2108, "upperleg_length": 0.1548, "chest_girth": 0.8961, "neck_height_Z": 0.0043, "upperleg_top_girth": 0.5539, "forearm_length": 0.1318, "waist_girth": 0.8882, "body_height_Z": 1.0, "buttock_girth": 1.0095, "shoulders_width": 0.1798, "hands_width": 0.0494, "lowerleg_calf_girth": 0.2927, "neck_girth": 0.2988, "head_height_Z": 0.1363, "head_width_X": 0.0873, "head_length": 0.1238, "feet_heel_width": 0.0427, "feet_width": 0.0551, "buttock_width_X": 0.3312, "elbow_girth": 0.19, "upperarm_axillary_girth": 0.2983, "upperarm_length": 0.1976, "upperleg_bottom_girth": 0.3343, "lowerleg_bottom_girth": 0.1633, "wrist_girth": 0.0882, "hands_length": 0.1038, "chest_width_X": 0.2321}, "structural": {"Torso_Mass": 1.8, "Neck_Tone": -0.53, "Waist_Size": 0.69, "Stomach_LocalFat": 0.52, "Shoulders_Tone": -0.5, "Arms_UpperarmMass": 1.65, "Hands_Mass": 2.0, "Legs_UpperlegLength": 0.05, "Feet_Size": 0.29, "Neck_Mass": 1.74, "Stomach_Volume": 0.52, "Feet_Mass": 1.74, "Torso_Vshape": 0.26, "Head_Size": 0.47, "Shoulders_Mass": 1.5, "Legs_UpperlegsMass": 1.62, "Legs_LowerlegsMass": 1.8, "Legs_KneeSize": 0.7, "Arms_UpperarmTone": -0.56, "Neck_Length": 0.08, "Pelvis_GluteusTone": -0.5, "Pelvis_SizeX": 0.86, "Torso_Tone": -0.56, "Arms_UpperarmLength": 0.44, "Arms_ForearmTone": -0.41, "Cheeks_Tone": -0.5, "Legs_UpperlegsTone": -0.47, "Shoulders_PosZ": 0.35, "Torso_BreastMass": 1.0, "Torso_BreastTone": 0.7, "Hands_Size": 0.32, "Wrists_Size": 0.55, "Arms_ForearmMass": 1.62, "Pelvis_SizeY": 0.8, "Cheeks_Mass": 1.5, "Arms_ForearmLength": 0.2, "Hands_FingersLength": 0.11, "Legs_LowerlegsTone": -0.26, "Pelvis_GluteusMass": 1.71}, "metaproperties": {"character_age": 0.0, "last_character_mass": 1.0, "last_character_tone": -1.0, "character_tone": -1.0, "character_mass": 1.0, "last_character_age": 0.0}}