{"manuellab_vers": [1, 5, 0], "materialproperties": {}, "proportions": {"feet_height_Z": 0.0416, "feet_length": 0.138, "buttock_depth_Y": 0.1214, "lowerleg_length": 0.2548, "torso_height_Z": 0.2078, "chest_depth_Y": 0.1099, "buttock_height_Z": 0.1571, "upperleg_length": 0.185, "chest_girth": 0.4572, "neck_height_Z": 0.0329, "upperleg_top_girth": 0.2483, "forearm_length": 0.1612, "waist_girth": 0.3409, "body_height_Z": 1.0, "buttock_girth": 0.5301, "shoulders_width": 0.1742, "hands_width": 0.0462, "lowerleg_calf_girth": 0.1791, "neck_girth": 0.156, "head_height_Z": 0.1321, "head_width_X": 0.0864, "head_length": 0.1225, "feet_heel_width": 0.0404, "feet_width": 0.053, "buttock_width_X": 0.1829, "elbow_girth": 0.1374, "upperarm_axillary_girth": 0.1657, "upperarm_length": 0.1943, "upperleg_bottom_girth": 0.1872, "lowerleg_bottom_girth": 0.1122, "wrist_girth": 0.0823, "hands_length": 0.1025, "chest_width_X": 0.1409}, "structural": {"Torso_Mass": 0.09, "Neck_Tone": -0.53, "Waist_Size": 0.485, "Stomach_LocalFat": 0.475, "Shoulders_Tone": -0.5, "Arms_UpperarmMass": 0.0, "Torso_BreastMass": 0.25, "Legs_UpperlegLength": 0.05, "Feet_Size": 0.29, "Neck_Mass": 0.12, "Stomach_Volume": 0.49, "Feet_Mass": 0.24, "Torso_Vshape": 0.41, "Head_Size": 0.47, "Shoulders_Mass": 0.0, "Legs_UpperlegsMass": -0.27, "Legs_LowerlegsMass": 0.03, "Arms_UpperarmTone": -0.5, "Neck_Length": 0.35, "Pelvis_GluteusTone": -0.5, "Pelvis_SizeX": 0.86, "Torso_Tone": -0.59, "Arms_UpperarmLength": 0.59, "Arms_ForearmTone": -0.5, "Cheeks_Tone": -0.5, "Legs_UpperlegsTone": -0.65, "Cheeks_Mass": 0.0, "Arms_ForearmLength": 0.65, "Torso_BreastTone": 0.7, "Hands_Size": 0.32, "Wrists_Size": 0.425, "Arms_ForearmMass": 0.0, "Pelvis_SizeY": 0.8, "Hands_FingersLength": 0.11, "Legs_LowerlegsTone": -0.5, "Pelvis_GluteusMass": -0.15}, "metaproperties": {"character_age": 0.0, "last_character_mass": -0.5, "last_character_tone": -1.0, "character_tone": -1.0, "character_mass": -0.5, "last_character_age": 0.0}}