{"manuellab_vers": [1, 5, 0], "materialproperties": {}, "proportions": {"feet_height_Z": 0.0416, "feet_length": 0.1414, "buttock_depth_Y": 0.187, "lowerleg_length": 0.2326, "torso_height_Z": 0.2085, "chest_depth_Y": 0.2172, "buttock_height_Z": 0.1832, "upperleg_length": 0.1909, "chest_girth": 0.7871, "neck_height_Z": 0.0302, "upperleg_top_girth": 0.4832, "forearm_length": 0.1481, "waist_girth": 0.7819, "body_height_Z": 1.0, "buttock_girth": 0.8001, "shoulders_width": 0.1753, "hands_width": 0.0499, "lowerleg_calf_girth": 0.2641, "neck_girth": 0.2441, "head_height_Z": 0.1296, "head_width_X": 0.0839, "head_length": 0.1189, "feet_heel_width": 0.0423, "feet_width": 0.0558, "buttock_width_X": 0.2817, "elbow_girth": 0.1811, "upperarm_axillary_girth": 0.2705, "upperarm_length": 0.1808, "upperleg_bottom_girth": 0.3203, "lowerleg_bottom_girth": 0.1384, "wrist_girth": 0.0921, "hands_length": 0.1098, "chest_width_X": 0.1972}, "structural": {"Torso_Mass": 1.5, "Torso_Vshape": 0.38, "Waist_Size": 1.06, "Stomach_LocalFat": 0.94, "Arms_UpperarmMass": 1.68, "Hands_Mass": 1.5, "Neck_Mass": 1.5, "Stomach_Volume": 0.52, "Feet_Mass": 1.5, "Shoulders_Mass": 1.5, "Legs_UpperlegsMass": 1.71, "Legs_LowerlegsMass": 1.5, "Legs_KneeSize": 0.7, "Pelvis_SizeX": 0.8, "Pelvis_GluteusMass": 1.5, "Shoulders_PosZ": 0.17, "Legs_UpperlegsTone": 0.26, "Cheeks_Mass": 1.5, "Torso_BreastMass": 1.0, "Pelvis_GluteusSize": 0.59, "Arms_ForearmMass": 1.5, "Wrists_Size": 0.6, "Shoulders_Length": 0.32, "Legs_UpperlegInCurve": 0.23}, "metaproperties": {"character_age": 0.0, "last_character_mass": 1.0, "last_character_tone": 0.0, "character_tone": 0.0, "character_mass": 1.0, "last_character_age": 0.0}}