{"manuellab_vers": [1, 5, 0], "materialproperties": {}, "proportions": {"feet_height_Z": 0.0426, "feet_length": 0.1414, "buttock_depth_Y": 0.1166, "lowerleg_length": 0.2429, "torso_height_Z": 0.2013, "chest_depth_Y": 0.1042, "buttock_height_Z": 0.1503, "upperleg_length": 0.2086, "chest_girth": 0.4471, "neck_height_Z": 0.0367, "upperleg_top_girth": 0.2692, "forearm_length": 0.1459, "waist_girth": 0.3478, "body_height_Z": 1.0, "buttock_girth": 0.5014, "shoulders_width": 0.1737, "hands_width": 0.0459, "lowerleg_calf_girth": 0.1883, "neck_girth": 0.1606, "head_height_Z": 0.1283, "head_width_X": 0.0839, "head_length": 0.1189, "feet_heel_width": 0.0409, "feet_width": 0.0543, "buttock_width_X": 0.1771, "elbow_girth": 0.1336, "upperarm_axillary_girth": 0.1717, "upperarm_length": 0.1793, "upperleg_bottom_girth": 0.1893, "lowerleg_bottom_girth": 0.1119, "wrist_girth": 0.0841, "hands_length": 0.1095, "chest_width_X": 0.1415}, "structural": {"Arms_ForearmMass": 0.0, "Torso_Mass": 0.0, "Waist_Size": 0.495, "Stomach_LocalFat": 0.475, "Arms_UpperarmMass": 0.0, "Torso_BreastMass": 0.25, "Neck_Mass": 0.0, "Hands_Mass": 0.0, "Feet_Mass": 0.0, "Torso_BreastTone": 0.5, "Shoulders_Mass": 0.0, "Legs_UpperlegsMass": 0.0, "Legs_LowerlegsMass": 0.0, "Cheeks_Mass": 0.0, "Wrists_Size": 0.475, "Stomach_Volume": 0.49, "Pelvis_GluteusMass": 0.0}, "metaproperties": {"character_age": 0.0, "last_character_mass": -0.5, "last_character_tone": 0.0, "character_tone": 0.0, "character_mass": -0.5, "last_character_age": 0.0}}