{"manuellab_vers": [1, 5, 0], "materialproperties": {}, "proportions": {"feet_height_Z": 0.0423, "feet_length": 0.144, "buttock_depth_Y": 0.1741, "lowerleg_length": 0.2306, "torso_height_Z": 0.2204, "chest_depth_Y": 0.166, "buttock_height_Z": 0.1794, "upperleg_length": 0.1805, "chest_girth": 0.6363, "neck_height_Z": 0.0254, "upperleg_top_girth": 0.3839, "forearm_length": 0.1471, "waist_girth": 0.5712, "body_height_Z": 1.0, "buttock_girth": 0.7028, "shoulders_width": 0.1718, "hands_width": 0.0481, "lowerleg_calf_girth": 0.2284, "neck_girth": 0.2264, "head_height_Z": 0.1364, "head_width_X": 0.0883, "head_length": 0.1252, "feet_heel_width": 0.042, "feet_width": 0.0553, "buttock_width_X": 0.2371, "elbow_girth": 0.1586, "upperarm_axillary_girth": 0.2233, "upperarm_length": 0.1881, "upperleg_bottom_girth": 0.2495, "lowerleg_bottom_girth": 0.137, "wrist_girth": 0.0866, "hands_length": 0.1116, "chest_width_X": 0.1814}, "structural": {"Neck_Tone": -0.5, "Waist_Size": 0.49, "Shoulders_Tone": -0.5, "Arms_ForearmTone": -0.5, "Cheeks_Tone": -0.5, "Torso_Vshape": 0.32, "Head_Size": 0.59, "Torso_BreastTone": 0.7, "Legs_UpperlegsTone": -0.5, "Legs_UpperlegLength": 0.32, "Wrists_Size": 0.45, "Arms_UpperarmTone": -0.5, "Legs_LowerlegsTone": -0.5, "Pelvis_GluteusTone": -0.5, "Legs_LowerlegLength": 0.39, "Torso_Tone": -0.5}, "metaproperties": {"character_age": 0.0, "last_character_mass": 0.0, "last_character_tone": -1.0, "character_tone": -1.0, "character_mass": 0.0, "last_character_age": 0.0}}