{"manuellab_vers": [1, 5, 0], "materialproperties": {}, "proportions": {"feet_height_Z": 0.0421, "feet_length": 0.1395, "buttock_depth_Y": 0.1227, "lowerleg_length": 0.2577, "torso_height_Z": 0.206, "chest_depth_Y": 0.1052, "buttock_height_Z": 0.1587, "upperleg_length": 0.187, "chest_girth": 0.4405, "neck_height_Z": 0.0266, "upperleg_top_girth": 0.251, "forearm_length": 0.1343, "waist_girth": 0.3427, "body_height_Z": 1.0, "buttock_girth": 0.5358, "shoulders_width": 0.1667, "hands_width": 0.0453, "lowerleg_calf_girth": 0.1811, "neck_girth": 0.1552, "head_height_Z": 0.1336, "head_width_X": 0.0873, "head_length": 0.1238, "feet_heel_width": 0.0409, "feet_width": 0.0536, "buttock_width_X": 0.1849, "elbow_girth": 0.1387, "upperarm_axillary_girth": 0.1676, "upperarm_length": 0.1853, "upperleg_bottom_girth": 0.1893, "lowerleg_bottom_girth": 0.1134, "wrist_girth": 0.0808, "hands_length": 0.1035, "chest_width_X": 0.1383}, "structural": {"Torso_Mass": -0.2, "Neck_Tone": -0.53, "Waist_Size": 0.48, "Stomach_LocalFat": 0.45, "Shoulders_Tone": -0.5, "Arms_UpperarmMass": -0.35, "Hands_Mass": 0.0, "Legs_UpperlegLength": 0.05, "Feet_Size": 0.29, "Neck_Mass": -0.26, "Stomach_Volume": 0.48, "Feet_Mass": -0.26, "Torso_Vshape": 0.26, "Head_Size": 0.47, "Shoulders_Mass": -0.5, "Legs_UpperlegsMass": -0.38, "Legs_LowerlegsMass": -0.2, "Arms_UpperarmTone": -0.56, "Neck_Length": 0.08, "Pelvis_GluteusTone": -0.5, "Pelvis_SizeX": 0.86, "Torso_Tone": -0.56, "Arms_UpperarmLength": 0.44, "Arms_ForearmTone": -0.41, "Cheeks_Tone": -0.5, "Legs_UpperlegsTone": -0.47, "Shoulders_PosZ": 0.35, "Torso_BreastMass": 0.0, "Torso_BreastTone": 0.7, "Hands_Size": 0.32, "Wrists_Size": 0.4, "Arms_ForearmMass": -0.38, "Pelvis_SizeY": 0.8, "Cheeks_Mass": -0.5, "Arms_ForearmLength": 0.2, "Hands_FingersLength": 0.11, "Legs_LowerlegsTone": -0.26, "Pelvis_GluteusMass": -0.29}, "metaproperties": {"character_age": 0.0, "last_character_mass": -1.0, "last_character_tone": -1.0, "character_tone": -1.0, "character_mass": -1.0, "last_character_age": 0.0}}