{"manuellab_vers": [1, 5, 0], "materialproperties": {}, "proportions": {"feet_height_Z": 0.0433, "feet_length": 0.144, "buttock_depth_Y": 0.1209, "lowerleg_length": 0.239, "torso_height_Z": 0.2109, "chest_depth_Y": 0.118, "buttock_height_Z": 0.1546, "upperleg_length": 0.1991, "chest_girth": 0.5108, "neck_height_Z": 0.0291, "upperleg_top_girth": 0.2725, "forearm_length": 0.1483, "waist_girth": 0.3707, "body_height_Z": 1.0, "buttock_girth": 0.5304, "shoulders_width": 0.1865, "hands_width": 0.0467, "lowerleg_calf_girth": 0.2214, "neck_girth": 0.1705, "head_height_Z": 0.1351, "head_width_X": 0.0883, "head_length": 0.1252, "feet_heel_width": 0.0416, "feet_width": 0.0553, "buttock_width_X": 0.1907, "elbow_girth": 0.145, "upperarm_axillary_girth": 0.1886, "upperarm_length": 0.1833, "upperleg_bottom_girth": 0.193, "lowerleg_bottom_girth": 0.1146, "wrist_girth": 0.0869, "hands_length": 0.1116, "chest_width_X": 0.1567}, "structural": {"Torso_Mass": 0.24, "Torso_Vshape": 0.62, "Waist_Size": 0.495, "Stomach_LocalFat": 0.475, "Shoulders_Tone": 0.62, "Arms_UpperarmMass": 0.0, "Hands_Mass": 0.0, "Legs_UpperlegLength": 0.32, "Neck_Mass": 0.0, "Stomach_Volume": 0.49, "Feet_Mass": 0.0, "Legs_LowerlegLength": 0.39, "Shoulders_Mass": 0.12, "Legs_UpperlegsMass": 0.18, "Legs_LowerlegsMass": 0.39, "Torso_Tone": 0.53, "Torso_SizeX": 0.59, "Shoulders_PosZ": 0.74, "Legs_UpperlegsTone": 0.35, "Cheeks_Mass": 0.0, "Shoulders_Size": 0.56, "Head_Size": 0.59, "Arms_UpperarmSize": 0.71, "Arms_ForearmMass": 0.0, "Wrists_Size": 0.475, "Torso_BreastMass": 0.25, "Legs_LowerlegsTone": 0.95, "Pelvis_GluteusMass": 0.21, "Arms_ForearmSize": 0.71}, "metaproperties": {"character_age": 0.0, "last_character_mass": -0.5, "last_character_tone": 0.0, "character_tone": 0.0, "character_mass": -0.5, "last_character_age": 0.0}}