{"manuellab_vers": [1, 5, 0], "materialproperties": {}, "proportions": {"feet_height_Z": 0.0426, "feet_length": 0.1414, "buttock_depth_Y": 0.1218, "lowerleg_length": 0.2436, "torso_height_Z": 0.1981, "chest_depth_Y": 0.1259, "buttock_height_Z": 0.1535, "upperleg_length": 0.2082, "chest_girth": 0.5126, "neck_height_Z": 0.0369, "upperleg_top_girth": 0.32, "forearm_length": 0.1459, "waist_girth": 0.4113, "body_height_Z": 1.0, "buttock_girth": 0.5482, "shoulders_width": 0.1611, "hands_width": 0.0473, "lowerleg_calf_girth": 0.2088, "neck_girth": 0.1672, "head_height_Z": 0.1283, "head_width_X": 0.0839, "head_length": 0.1189, "feet_heel_width": 0.0409, "feet_width": 0.0543, "buttock_width_X": 0.2005, "elbow_girth": 0.1365, "upperarm_axillary_girth": 0.1856, "upperarm_length": 0.1791, "upperleg_bottom_girth": 0.2059, "lowerleg_bottom_girth": 0.1122, "wrist_girth": 0.0863, "hands_length": 0.1096, "chest_width_X": 0.1402}, "structural": {"Torso_Vshape": 0.29, "Waist_Size": 0.86, "Wrists_Size": 0.5, "Pelvis_SizeX": 0.32}, "metaproperties": {"character_age": 0.0, "last_character_mass": 0.0, "last_character_tone": 0.0, "character_tone": 0.0, "character_mass": 0.0, "last_character_age": 0.0}}