{"manuellab_vers": [1, 5, 0], "materialproperties": {}, "proportions": {"feet_height_Z": 0.0423, "feet_length": 0.144, "buttock_depth_Y": 0.1866, "lowerleg_length": 0.2314, "torso_height_Z": 0.2245, "chest_depth_Y": 0.2174, "buttock_height_Z": 0.1804, "upperleg_length": 0.1809, "chest_girth": 0.7922, "neck_height_Z": 0.0204, "upperleg_top_girth": 0.4531, "forearm_length": 0.1507, "waist_girth": 0.6125, "body_height_Z": 1.0, "buttock_girth": 0.7633, "shoulders_width": 0.1749, "hands_width": 0.0508, "lowerleg_calf_girth": 0.2679, "neck_girth": 0.2526, "head_height_Z": 0.1364, "head_width_X": 0.0883, "head_length": 0.1252, "feet_heel_width": 0.0431, "feet_width": 0.0568, "buttock_width_X": 0.2622, "elbow_girth": 0.1844, "upperarm_axillary_girth": 0.2764, "upperarm_length": 0.1877, "upperleg_bottom_girth": 0.2933, "lowerleg_bottom_girth": 0.1408, "wrist_girth": 0.092, "hands_length": 0.1117, "chest_width_X": 0.1915}, "structural": {"Torso_Mass": 1.0, "Torso_Vshape": 0.32, "Waist_Size": 0.6, "Legs_LowerlegsMass": 1.0, "Arms_UpperarmMass": 1.0, "Hands_Mass": 1.0, "Legs_UpperlegLength": 0.32, "Neck_Mass": 1.0, "Arms_ForearmMass": 1.0, "Feet_Mass": 1.0, "Head_Size": 0.59, "Legs_LowerlegLength": 0.39, "Wrists_Size": 0.55, "Shoulders_Mass": 1.0, "Legs_UpperlegsMass": 1.0, "Torso_BreastMass": 0.75, "Legs_KneeSize": 0.6, "Cheeks_Mass": 1.0, "Stomach_LocalFat": 0.51, "Stomach_Volume": 0.51, "Pelvis_GluteusMass": 1.0}, "metaproperties": {"character_age": 0.0, "last_character_mass": 0.5, "last_character_tone": 0.0, "character_tone": 0.0, "character_mass": 0.5, "last_character_age": 0.0}}