{"manuellab_vers": [1, 5, 0], "materialproperties": {}, "proportions": {"feet_height_Z": 0.0434, "feet_length": 0.1442, "buttock_depth_Y": 0.0952, "lowerleg_length": 0.2444, "torso_height_Z": 0.1933, "chest_depth_Y": 0.1061, "buttock_height_Z": 0.1477, "upperleg_length": 0.2166, "chest_girth": 0.4445, "neck_height_Z": 0.0404, "upperleg_top_girth": 0.22, "forearm_length": 0.1515, "waist_girth": 0.3542, "body_height_Z": 1.0, "buttock_girth": 0.4626, "shoulders_width": 0.1549, "hands_width": 0.0443, "lowerleg_calf_girth": 0.1742, "neck_girth": 0.1494, "head_height_Z": 0.1229, "head_width_X": 0.0776, "head_length": 0.1101, "feet_heel_width": 0.0413, "feet_width": 0.0553, "buttock_width_X": 0.1702, "elbow_girth": 0.1289, "upperarm_axillary_girth": 0.1503, "upperarm_length": 0.1829, "upperleg_bottom_girth": 0.1791, "lowerleg_bottom_girth": 0.1123, "wrist_girth": 0.0817, "hands_length": 0.1167, "chest_width_X": 0.1345}, "structural": {"Torso_Mass": 0.12, "Torso_Vshape": 0.26, "Waist_Size": 0.495, "Stomach_LocalFat": 0.475, "Shoulders_Tone": 0.24, "Arms_UpperarmMass": -0.12, "Hands_Mass": -0.36, "Legs_UpperlegLength": 0.65, "Feet_Size": 0.62, "Neck_Mass": 0.0, "Stomach_Volume": 0.58, "Feet_Mass": -0.27, "Legs_LowerlegLength": 0.54, "Torso_SizeY": 0.29, "Arms_UpperarmLength": 0.59, "Chin_Tone": 0.29, "Shoulders_Mass": -0.42, "Legs_UpperlegsMass": -0.27, "Legs_LowerlegsMass": -0.33, "Arms_UpperarmTone": 0.35, "Arms_ForearmLength": 0.65, "Torso_Tone": 0.62, "Forehead_SizeZ": 0.62, "Shoulders_PosZ": 0.41, "Legs_UpperlegsTone": 0.23, "Cheeks_Mass": 0.0, "Torso_BreastMass": 0.25, "Head_Size": 0.29, "Arms_UpperarmSize": 0.47, "Hands_FingersInterDist": 0.38, "Arms_ForearmMass": 0.0, "Pelvis_SizeY": 0.02, "Legs_UpperlegInCurve": 0.74, "Wrists_Size": 0.475, "Hands_FingersLength": 1.0, "Legs_LowerlegsTone": 0.32, "Pelvis_GluteusMass": 0.0, "Arms_ForearmSize": 0.44, "Torso_ToracicCurve": 1.0, "Legs_UpperlegSize": 0.44}, "metaproperties": {"character_age": 0.0, "last_character_mass": -0.5, "last_character_tone": 0.0, "character_tone": 0.0, "character_mass": -0.5, "last_character_age": 0.0}}