{"manuellab_vers": [1, 5, 0], "materialproperties": {}, "proportions": {"feet_height_Z": 0.0413, "feet_length": 0.144, "buttock_depth_Y": 0.2425, "lowerleg_length": 0.2246, "torso_height_Z": 0.2428, "chest_depth_Y": 0.2434, "buttock_height_Z": 0.2051, "upperleg_length": 0.1665, "chest_girth": 0.8957, "neck_height_Z": 0.008, "upperleg_top_girth": 0.5353, "forearm_length": 0.1458, "waist_girth": 0.8614, "body_height_Z": 1.0, "buttock_girth": 0.9392, "shoulders_width": 0.1987, "hands_width": 0.0508, "lowerleg_calf_girth": 0.2841, "neck_girth": 0.3001, "head_height_Z": 0.1377, "head_width_X": 0.0883, "head_length": 0.1252, "feet_heel_width": 0.0434, "feet_width": 0.0568, "buttock_width_X": 0.3081, "elbow_girth": 0.1943, "upperarm_axillary_girth": 0.2979, "upperarm_length": 0.1948, "upperleg_bottom_girth": 0.3247, "lowerleg_bottom_girth": 0.1626, "wrist_girth": 0.0921, "hands_length": 0.1117, "chest_width_X": 0.2418}, "structural": {"Torso_Mass": 1.74, "Neck_Tone": -0.5, "Waist_Size": 0.69, "Stomach_LocalFat": 0.52, "Shoulders_Tone": -0.38, "Arms_UpperarmMass": 1.5, "Hands_Mass": 1.5, "Legs_UpperlegLength": 0.32, "Neck_Mass": 1.5, "Stomach_Volume": 0.52, "Feet_Mass": 1.5, "Torso_Vshape": 0.62, "Head_Size": 0.59, "Shoulders_Mass": 1.62, "Legs_UpperlegsMass": 1.68, "Legs_LowerlegsMass": 1.89, "Legs_KneeSize": 0.7, "Arms_UpperarmTone": -0.5, "Pelvis_GluteusTone": -0.5, "Torso_Tone": -0.47, "Torso_SizeX": 0.59, "Arms_ForearmTone": -0.5, "Cheeks_Tone": -0.5, "Legs_UpperlegsTone": -0.65, "Shoulders_PosZ": 0.74, "Shoulders_Size": 0.56, "Torso_BreastTone": 0.7, "Arms_UpperarmSize": 0.71, "Arms_ForearmMass": 1.5, "Wrists_Size": 0.55, "Torso_BreastMass": 1.0, "Legs_LowerlegsTone": -0.05, "Pelvis_GluteusMass": 1.71, "Arms_ForearmSize": 0.71, "Cheeks_Mass": 1.5, "Legs_LowerlegLength": 0.39}, "metaproperties": {"character_age": 0.0, "last_character_mass": 1.0, "last_character_tone": -1.0, "character_tone": -1.0, "character_mass": 1.0, "last_character_age": 0.0}}