{"manuellab_vers": [1, 4, 0], "materialproperties": {}, "structural": {"Torso_SizeX": 0.59, "Shoulders_PosZ": 0.74, "Pelvis_GluteusMass": 0.71, "Shoulders_Size": 0.56, "Legs_LowerlegLength": 0.39, "Legs_UpperlegsMass": 0.68, "Legs_LowerlegsTone": 0.95, "Arms_ForearmSize": 0.71, "Legs_UpperlegLength": 0.32, "Shoulders_Tone": 0.62, "Torso_Vshape": 0.62, "Legs_LowerlegsMass": 0.89, "Legs_UpperlegsTone": 0.35, "Torso_Mass": 0.74, "Arms_UpperarmSize": 0.71, "Shoulders_Mass": 0.62, "Head_Size": 0.59, "Torso_Tone": 0.53}, "metaproperties": {"last_character_tone": 0.0, "last_character_age": 0.0, "character_age": 0.0, "character_tone": 0.0, "last_character_mass": 0.0, "character_mass": 0.0}, "proportions": {}}