{"manuellab_vers": [1, 5, 0], "materialproperties": {}, "proportions": {"feet_height_Z": 0.0397, "feet_length": 0.1352, "buttock_depth_Y": 0.1795, "lowerleg_length": 0.2516, "torso_height_Z": 0.2102, "chest_depth_Y": 0.2091, "buttock_height_Z": 0.1459, "upperleg_length": 0.2147, "chest_girth": 0.7661, "neck_height_Z": 0.0232, "upperleg_top_girth": 0.4085, "forearm_length": 0.1435, "waist_girth": 0.5592, "body_height_Z": 1.0, "buttock_girth": 0.7178, "shoulders_width": 0.1731, "hands_width": 0.0478, "lowerleg_calf_girth": 0.2559, "neck_girth": 0.2385, "head_height_Z": 0.1268, "head_width_X": 0.0821, "head_length": 0.1164, "feet_heel_width": 0.0405, "feet_width": 0.0534, "buttock_width_X": 0.2553, "elbow_girth": 0.1744, "upperarm_axillary_girth": 0.2485, "upperarm_length": 0.1954, "upperleg_bottom_girth": 0.2802, "lowerleg_bottom_girth": 0.133, "wrist_girth": 0.0865, "hands_length": 0.1049, "chest_width_X": 0.1806}, "structural": {"Torso_Mass": 1.0, "Waist_Size": 0.36, "Stomach_LocalFat": 0.51, "Shoulders_Tone": 0.59, "Arms_UpperarmMass": 1.0, "Hands_Mass": 1.0, "Legs_UpperlegLength": 0.65, "Arms_ForearmLength": 0.53, "Neck_Mass": 1.0, "Stomach_Volume": 0.51, "Feet_Mass": 1.0, "Legs_LowerlegLength": 0.62, "Head_Size": 0.56, "Shoulders_Mass": 0.88, "Legs_UpperlegsMass": 1.0, "Legs_LowerlegsMass": 1.0, "Legs_KneeSize": 0.6, "Arms_UpperarmLength": 0.737, "Pelvis_GluteusTone": 0.92, "Pelvis_GluteusSize": 0.57, "Pelvis_GluteusMass": 1.09, "Pelvis_SizeX": 0.55, "Shoulders_PosZ": 0.59, "Legs_UpperlegsTone": 0.71, "Torso_Dorsi": 0.8, "Cheeks_Mass": 1.0, "Torso_BreastMass": 1.02, "Torso_BreastTone": 0.74, "Body_Size": 0.46, "Neck_Length": 0.56, "Arms_ForearmMass": 1.0, "Wrists_Size": 0.55, "Legs_UpperlegSize": 0.65}, "metaproperties": {"character_age": 0.0, "last_character_mass": 0.5, "last_character_tone": 0.0, "character_tone": 0.0, "character_mass": 0.5, "last_character_age": 0.0}}