{"manuellab_vers": [1, 5, 0], "materialproperties": {}, "proportions": {"feet_height_Z": 0.0397, "feet_length": 0.1352, "buttock_depth_Y": 0.1737, "lowerleg_length": 0.2495, "torso_height_Z": 0.2054, "chest_depth_Y": 0.1724, "buttock_height_Z": 0.1542, "upperleg_length": 0.2078, "chest_girth": 0.6524, "neck_height_Z": 0.0286, "upperleg_top_girth": 0.3659, "forearm_length": 0.14, "waist_girth": 0.5207, "body_height_Z": 1.0, "buttock_girth": 0.694, "shoulders_width": 0.1699, "hands_width": 0.0452, "lowerleg_calf_girth": 0.2179, "neck_girth": 0.2134, "head_height_Z": 0.1268, "head_width_X": 0.0821, "head_length": 0.1164, "feet_heel_width": 0.0394, "feet_width": 0.0519, "buttock_width_X": 0.2487, "elbow_girth": 0.1495, "upperarm_axillary_girth": 0.1907, "upperarm_length": 0.1957, "upperleg_bottom_girth": 0.2336, "lowerleg_bottom_girth": 0.1293, "wrist_girth": 0.0819, "hands_length": 0.1048, "chest_width_X": 0.1689}, "structural": {"Torso_BreastMass": 0.77, "Neck_Tone": 0.0, "Waist_Size": 0.255, "Shoulders_Tone": 0.09, "Legs_UpperlegLength": 0.65, "Legs_LowerlegLength": 0.62, "Head_Size": 0.56, "Shoulders_Mass": 0.38, "Arms_UpperarmTone": 0.0, "Arms_UpperarmLength": 0.737, "Pelvis_GluteusTone": 0.42, "Pelvis_GluteusSize": 0.57, "Torso_Tone": 0.0, "Arms_ForearmTone": 0.0, "Pelvis_SizeX": 0.55, "Shoulders_PosZ": 0.59, "Legs_UpperlegsTone": 0.21, "Torso_Dorsi": 0.8, "Cheeks_Tone": 0.0, "Arms_ForearmLength": 0.53, "Torso_BreastTone": 0.84, "Body_Size": 0.46, "Neck_Length": 0.56, "Wrists_Size": 0.475, "Legs_LowerlegsTone": 0.0, "Pelvis_GluteusMass": 0.59, "Legs_UpperlegSize": 0.65}, "metaproperties": {"character_age": 0.0, "last_character_mass": 0.0, "last_character_tone": -0.5, "character_tone": -0.5, "character_mass": 0.0, "last_character_age": 0.0}}