{"manuellab_vers": [1, 5, 0], "materialproperties": {}, "proportions": {"feet_height_Z": 0.0403, "feet_length": 0.1337, "buttock_depth_Y": 0.1176, "lowerleg_length": 0.2468, "torso_height_Z": 0.209, "chest_depth_Y": 0.1072, "buttock_height_Z": 0.152, "upperleg_length": 0.2085, "chest_girth": 0.4408, "neck_height_Z": 0.0248, "upperleg_top_girth": 0.2411, "forearm_length": 0.1465, "waist_girth": 0.3313, "body_height_Z": 1.0, "buttock_girth": 0.5136, "shoulders_width": 0.1606, "hands_width": 0.0447, "lowerleg_calf_girth": 0.1735, "neck_girth": 0.174, "head_height_Z": 0.1285, "head_width_X": 0.0837, "head_length": 0.1187, "feet_heel_width": 0.0392, "feet_width": 0.0514, "buttock_width_X": 0.1772, "elbow_girth": 0.1331, "upperarm_axillary_girth": 0.1632, "upperarm_length": 0.1801, "upperleg_bottom_girth": 0.1817, "lowerleg_bottom_girth": 0.1087, "wrist_girth": 0.0803, "hands_length": 0.0993, "chest_width_X": 0.1329}, "structural": {"Torso_Mass": 0.15, "Neck_Tone": 0.0, "Waist_Size": 0.49, "Stomach_LocalFat": 0.475, "Shoulders_Tone": 0.0, "Arms_UpperarmMass": 0.0, "Torso_BreastMass": 0.25, "Feet_Size": 0.29, "Neck_Mass": 0.33, "Stomach_Volume": 0.49, "Feet_Mass": 0.24, "Torso_Vshape": 0.26, "Head_Size": 0.47, "Shoulders_Mass": 0.0, "Legs_UpperlegsMass": 0.0, "Legs_LowerlegsMass": 0.0, "Arms_UpperarmTone": 0.0, "Neck_Length": 0.38, "Pelvis_GluteusTone": 0.0, "Pelvis_SizeX": 0.86, "Torso_Tone": -0.27, "Arms_ForearmTone": 0.0, "Cheeks_Tone": 0.0, "Legs_UpperlegsTone": 0.0, "Shoulders_PosZ": 0.77, "Torso_BreastTone": 0.6, "Hands_Size": 0.32, "Wrists_Size": 0.45, "Arms_ForearmMass": 0.0, "Pelvis_SizeY": 0.8, "Cheeks_Mass": 0.0, "Hands_FingersLength": 0.11, "Legs_LowerlegsTone": 0.0, "Pelvis_GluteusMass": 0.21}, "metaproperties": {"character_age": 0.0, "last_character_mass": -0.5, "last_character_tone": -0.5, "character_tone": -0.5, "character_mass": -0.5, "last_character_age": 0.0}}