{"manuellab_vers": [1, 5, 0], "materialproperties": {}, "proportions": {"feet_height_Z": 0.0416, "feet_length": 0.138, "buttock_depth_Y": 0.1336, "lowerleg_length": 0.2549, "torso_height_Z": 0.2086, "chest_depth_Y": 0.1096, "buttock_height_Z": 0.1565, "upperleg_length": 0.1855, "chest_girth": 0.4636, "neck_height_Z": 0.0325, "upperleg_top_girth": 0.2637, "forearm_length": 0.1612, "waist_girth": 0.3617, "body_height_Z": 1.0, "buttock_girth": 0.5632, "shoulders_width": 0.1746, "hands_width": 0.0462, "lowerleg_calf_girth": 0.1968, "neck_girth": 0.1656, "head_height_Z": 0.1321, "head_width_X": 0.0864, "head_length": 0.1225, "feet_heel_width": 0.0404, "feet_width": 0.053, "buttock_width_X": 0.196, "elbow_girth": 0.1386, "upperarm_axillary_girth": 0.1781, "upperarm_length": 0.1944, "upperleg_bottom_girth": 0.191, "lowerleg_bottom_girth": 0.1119, "wrist_girth": 0.0835, "hands_length": 0.1025, "chest_width_X": 0.1441}, "structural": {"Torso_Mass": 0.09, "Neck_Tone": 0.47, "Waist_Size": 0.495, "Stomach_LocalFat": 0.475, "Arms_UpperarmMass": 0.0, "Torso_BreastMass": 0.25, "Legs_UpperlegLength": 0.05, "Feet_Size": 0.29, "Neck_Mass": 0.12, "Stomach_Volume": 0.49, "Feet_Mass": 0.24, "Torso_Vshape": 0.41, "Arms_UpperarmLength": 0.59, "Shoulders_Mass": 0.0, "Legs_UpperlegsMass": -0.27, "Legs_LowerlegsMass": 0.03, "Neck_Length": 0.35, "Pelvis_SizeX": 0.86, "Pelvis_GluteusMass": -0.15, "Cheeks_Mass": 0.0, "Legs_UpperlegsTone": 0.35, "Arms_ForearmLength": 0.65, "Head_Size": 0.47, "Hands_Size": 0.32, "Arms_ForearmMass": 0.0, "Pelvis_SizeY": 0.8, "Hands_FingersLength": 0.11, "Wrists_Size": 0.475, "Torso_Tone": 0.41}, "metaproperties": {"character_age": 0.0, "last_character_mass": -0.5, "last_character_tone": 0.0, "character_tone": 0.0, "character_mass": -0.5, "last_character_age": 0.0}}