{"manuellab_vers": [1, 5, 0], "materialproperties": {}, "proportions": {"feet_height_Z": 0.0406, "feet_length": 0.1414, "buttock_depth_Y": 0.2395, "lowerleg_length": 0.2288, "torso_height_Z": 0.2318, "chest_depth_Y": 0.2297, "buttock_height_Z": 0.2013, "upperleg_length": 0.1744, "chest_girth": 0.8364, "neck_height_Z": 0.0159, "upperleg_top_girth": 0.5257, "forearm_length": 0.1433, "waist_girth": 0.8293, "body_height_Z": 1.0, "buttock_girth": 0.9246, "shoulders_width": 0.1858, "hands_width": 0.0499, "lowerleg_calf_girth": 0.2792, "neck_girth": 0.288, "head_height_Z": 0.1309, "head_width_X": 0.0839, "head_length": 0.1189, "feet_heel_width": 0.0426, "feet_width": 0.0558, "buttock_width_X": 0.3026, "elbow_girth": 0.1814, "upperarm_axillary_girth": 0.2845, "upperarm_length": 0.1907, "upperleg_bottom_girth": 0.3172, "lowerleg_bottom_girth": 0.1598, "wrist_girth": 0.0875, "hands_length": 0.1096, "chest_width_X": 0.227}, "structural": {"Torso_Mass": 1.0, "Neck_Tone": -0.5, "Waist_Size": 0.59, "Stomach_LocalFat": 0.51, "Shoulders_Tone": -0.5, "Arms_UpperarmMass": 1.0, "Hands_Mass": 1.0, "Neck_Mass": 1.0, "Stomach_Volume": 0.51, "Feet_Mass": 1.0, "Shoulders_Mass": 1.0, "Legs_UpperlegsMass": 1.0, "Legs_LowerlegsMass": 1.0, "Legs_KneeSize": 0.6, "Arms_UpperarmTone": -0.5, "Pelvis_GluteusTone": -0.5, "Torso_Tone": -0.5, "Arms_ForearmTone": -0.5, "Cheeks_Tone": -0.5, "Legs_UpperlegsTone": -0.5, "Cheeks_Mass": 1.0, "Torso_BreastMass": 0.78, "Torso_BreastTone": 0.64, "Arms_ForearmMass": 1.0, "Wrists_Size": 0.5, "Legs_LowerlegsTone": -0.5, "Pelvis_GluteusMass": 1.0, "Abdomen_Tone": 1.0}, "metaproperties": {"character_age": 0.0, "last_character_mass": 0.5, "last_character_tone": -1.0, "character_tone": -1.0, "character_mass": 0.5, "last_character_age": 0.0}}