{"manuellab_vers": [1, 5, 0], "materialproperties": {}, "proportions": {"feet_height_Z": 0.0406, "feet_length": 0.1414, "buttock_depth_Y": 0.241, "lowerleg_length": 0.2288, "torso_height_Z": 0.2205, "chest_depth_Y": 0.2272, "buttock_height_Z": 0.205, "upperleg_length": 0.1733, "chest_girth": 0.8329, "neck_height_Z": 0.0246, "upperleg_top_girth": 0.5379, "forearm_length": 0.1433, "waist_girth": 0.9953, "body_height_Z": 1.0, "buttock_girth": 0.9678, "shoulders_width": 0.1786, "hands_width": 0.0499, "lowerleg_calf_girth": 0.2792, "neck_girth": 0.2872, "head_height_Z": 0.1309, "head_width_X": 0.0839, "head_length": 0.1189, "feet_heel_width": 0.0426, "feet_width": 0.0558, "buttock_width_X": 0.3268, "elbow_girth": 0.1814, "upperarm_axillary_girth": 0.2839, "upperarm_length": 0.1872, "upperleg_bottom_girth": 0.3211, "lowerleg_bottom_girth": 0.1598, "wrist_girth": 0.0875, "hands_length": 0.1096, "chest_width_X": 0.2316}, "structural": {"Torso_Mass": 1.0, "Neck_Tone": -0.5, "Waist_Size": 0.95, "Stomach_LocalFat": 0.93, "Shoulders_Tone": -0.5, "Arms_UpperarmMass": 1.18, "Hands_Mass": 1.0, "Neck_Mass": 1.0, "Stomach_Volume": 0.51, "Feet_Mass": 1.0, "Torso_Vshape": 0.38, "Shoulders_Mass": 1.0, "Legs_UpperlegsMass": 1.21, "Legs_LowerlegsMass": 1.0, "Legs_KneeSize": 0.6, "Arms_UpperarmTone": -0.5, "Pelvis_GluteusTone": -0.5, "Pelvis_GluteusSize": 0.59, "Torso_Tone": -0.5, "Arms_ForearmTone": -0.5, "Cheeks_Tone": -0.5, "Legs_UpperlegsTone": -0.74, "Shoulders_PosZ": 0.17, "Torso_BreastMass": 0.75, "Torso_BreastTone": 0.7, "Pelvis_SizeX": 0.8, "Arms_ForearmMass": 1.0, "Wrists_Size": 0.5, "Cheeks_Mass": 1.0, "Shoulders_Length": 0.32, "Legs_LowerlegsTone": -0.5, "Pelvis_GluteusMass": 1.0, "Legs_UpperlegInCurve": 0.23}, "metaproperties": {"character_age": 0.0, "last_character_mass": 0.5, "last_character_tone": -1.0, "character_tone": -1.0, "character_mass": 0.5, "last_character_age": 0.0}}