{"manuellab_vers": [1, 5, 0], "materialproperties": {}, "proportions": {"feet_height_Z": 0.0426, "feet_length": 0.1414, "buttock_depth_Y": 0.0895, "lowerleg_length": 0.2397, "torso_height_Z": 0.1914, "chest_depth_Y": 0.1009, "buttock_height_Z": 0.1492, "upperleg_length": 0.2124, "chest_girth": 0.4306, "neck_height_Z": 0.0466, "upperleg_top_girth": 0.2157, "forearm_length": 0.1484, "waist_girth": 0.3243, "body_height_Z": 1.0, "buttock_girth": 0.4519, "shoulders_width": 0.1656, "hands_width": 0.0435, "lowerleg_calf_girth": 0.1708, "neck_girth": 0.1393, "head_height_Z": 0.1266, "head_width_X": 0.0802, "head_length": 0.1137, "feet_heel_width": 0.0405, "feet_width": 0.0542, "buttock_width_X": 0.1669, "elbow_girth": 0.1161, "upperarm_axillary_girth": 0.1403, "upperarm_length": 0.1798, "upperleg_bottom_girth": 0.1756, "lowerleg_bottom_girth": 0.1101, "wrist_girth": 0.0788, "hands_length": 0.1144, "chest_width_X": 0.1334}, "structural": {"Torso_Mass": -0.47, "Neck_Tone": 0.35, "Waist_Size": 0.28, "Stomach_LocalFat": 0.45, "Shoulders_Tone": 0.24, "Arms_UpperarmMass": -0.62, "Hands_Mass": -0.86, "Legs_UpperlegLength": 0.65, "Feet_Size": 0.62, "Neck_Mass": -0.77, "Stomach_Volume": 0.48, "Feet_Mass": -0.77, "Legs_LowerlegLength": 0.54, "Torso_SizeY": 0.29, "Arms_UpperarmLength": 0.59, "Chin_Tone": 0.29, "Shoulders_Mass": -0.92, "Legs_UpperlegsMass": -0.77, "Legs_LowerlegsMass": -0.83, "Arms_UpperarmTone": 0.35, "Neck_Angle": 0.29, "Arms_ForearmLength": 0.65, "Torso_Tone": 0.68, "Forehead_SizeZ": 0.62, "Shoulders_PosZ": 0.14, "Legs_UpperlegsTone": 0.23, "Neck_Size": 0.35, "Cheeks_Mass": -0.5, "Torso_BreastMass": 0.0, "Neck_Length": 0.56, "Torso_Length": 0.71, "Arms_UpperarmSize": 0.17, "Hands_FingersInterDist": 0.38, "Arms_ForearmMass": -0.5, "Pelvis_SizeY": 0.02, "Legs_UpperlegInCurve": 0.74, "Wrists_Size": 0.45, "Hands_FingersLength": 1.0, "Legs_LowerlegsTone": 0.32, "Pelvis_GluteusMass": -0.5, "Arms_ForearmSize": 0.2, "Torso_ToracicCurve": 1.0, "Legs_UpperlegSize": 0.44}, "metaproperties": {"character_age": 0.0, "last_character_mass": -1.0, "last_character_tone": 0.0, "character_tone": 0.0, "character_mass": -1.0, "last_character_age": 0.0}}