{"manuellab_vers": [1, 5, 0], "materialproperties": {}, "proportions": {"feet_height_Z": 0.0407, "feet_length": 0.1353, "buttock_depth_Y": 0.1243, "lowerleg_length": 0.2556, "torso_height_Z": 0.1934, "chest_depth_Y": 0.1395, "buttock_height_Z": 0.1465, "upperleg_length": 0.2141, "chest_girth": 0.5525, "neck_height_Z": 0.0343, "upperleg_top_girth": 0.3406, "forearm_length": 0.1414, "waist_girth": 0.3306, "body_height_Z": 1.0, "buttock_girth": 0.5686, "shoulders_width": 0.1661, "hands_width": 0.0452, "lowerleg_calf_girth": 0.2027, "neck_girth": 0.1642, "head_height_Z": 0.1256, "head_width_X": 0.0821, "head_length": 0.1164, "feet_heel_width": 0.0391, "feet_width": 0.0519, "buttock_width_X": 0.2069, "elbow_girth": 0.1305, "upperarm_axillary_girth": 0.1769, "upperarm_length": 0.1925, "upperleg_bottom_girth": 0.2226, "lowerleg_bottom_girth": 0.1072, "wrist_girth": 0.0825, "hands_length": 0.1048, "chest_width_X": 0.1357}, "structural": {"Torso_BreastMass": 0.77, "Waist_Size": 0.26, "Arms_UpperarmLength": 0.737, "Shoulders_Tone": 0.59, "Pelvis_SizeX": 0.55, "Shoulders_PosZ": 0.59, "Legs_UpperlegsTone": 0.71, "Body_Size": 0.46, "Arms_ForearmLength": 0.53, "Torso_BreastTone": 0.74, "Head_Size": 0.56, "Legs_LowerlegLength": 0.62, "Legs_UpperlegLength": 0.65, "Shoulders_Mass": 0.38, "Torso_Dorsi": 0.8, "Neck_Length": 0.56, "Wrists_Size": 0.5, "Legs_UpperlegSize": 0.65, "Pelvis_GluteusTone": 0.92, "Pelvis_GluteusSize": 0.57, "Pelvis_GluteusMass": 0.59}, "metaproperties": {"character_age": 0.0, "last_character_mass": 0.0, "last_character_tone": 0.0, "character_tone": 0.0, "character_mass": 0.0, "last_character_age": 0.0}}