{"manuellab_vers": [1, 5, 0], "materialproperties": {}, "proportions": {"feet_height_Z": 0.0424, "feet_length": 0.141, "buttock_depth_Y": 0.1355, "lowerleg_length": 0.2388, "torso_height_Z": 0.1952, "chest_depth_Y": 0.1417, "buttock_height_Z": 0.1714, "upperleg_length": 0.1874, "chest_girth": 0.5507, "neck_height_Z": 0.045, "upperleg_top_girth": 0.2587, "forearm_length": 0.1466, "waist_girth": 0.4948, "body_height_Z": 1.0, "buttock_girth": 0.6079, "shoulders_width": 0.1588, "hands_width": 0.0437, "lowerleg_calf_girth": 0.1652, "neck_girth": 0.1425, "head_height_Z": 0.1305, "head_width_X": 0.0827, "head_length": 0.1173, "feet_heel_width": 0.0404, "feet_width": 0.0541, "buttock_width_X": 0.2109, "elbow_girth": 0.1317, "upperarm_axillary_girth": 0.1504, "upperarm_length": 0.1809, "upperleg_bottom_girth": 0.1756, "lowerleg_bottom_girth": 0.11, "wrist_girth": 0.079, "hands_length": 0.1141, "chest_width_X": 0.1584}, "structural": {"Torso_Length": 0.71, "Waist_Size": 0.49, "Arms_UpperarmMass": 0.38, "Legs_UpperlegLength": 0.65, "Stomach_Volume": 0.59, "Torso_Vshape": 0.38, "Torso_SizeY": 0.29, "Arms_UpperarmLength": 0.59, "Chin_Tone": 0.29, "Shoulders_Mass": 0.08, "Legs_LowerlegsMass": 0.17, "Arms_UpperarmTone": -0.65, "Neck_Angle": 0.29, "Pelvis_GluteusTone": -0.5, "Torso_Tone": -0.62, "Arms_ForearmTone": -0.5, "Arms_ForearmLength": 0.65, "Head_Size": 0.59, "Hands_FingersInterDist": 0.38, "Wrists_Size": 0.45, "Torso_ToracicCurve": 1.0, "Legs_LowerlegsTone": -0.68, "Legs_UpperlegInCurve": 0.74, "Legs_UpperlegSize": 0.44, "Torso_Mass": 0.44, "Neck_Tone": -0.65, "Shoulders_Tone": -0.76, "Hands_Mass": 0.14, "Feet_Size": 0.62, "Neck_Mass": 0.23, "Feet_Mass": 0.23, "Legs_LowerlegLength": 0.54, "Legs_UpperlegsMass": 0.23, "Forehead_SizeZ": 0.62, "Cheeks_Tone": -0.5, "Legs_UpperlegsTone": -0.77, "Neck_Size": 0.35, "Shoulders_PosZ": 0.14, "Torso_BreastTone": 0.7, "Neck_Length": 0.56, "Arms_UpperarmSize": 0.17, "Pelvis_SizeY": 0.02, "Hands_FingersLength": 1.0, "Arms_ForearmSize": 0.2}, "metaproperties": {"character_age": 0.0, "last_character_mass": 0.0, "last_character_tone": -1.0, "character_tone": -1.0, "character_mass": 0.0, "last_character_age": 0.0}}