{"manuellab_vers": [1, 5, 0], "materialproperties": {}, "proportions": {"feet_height_Z": 0.0405, "feet_length": 0.138, "buttock_depth_Y": 0.2006, "lowerleg_length": 0.2508, "torso_height_Z": 0.2275, "chest_depth_Y": 0.186, "buttock_height_Z": 0.1669, "upperleg_length": 0.1749, "chest_girth": 0.7021, "neck_height_Z": 0.0206, "upperleg_top_girth": 0.2868, "forearm_length": 0.1597, "waist_girth": 0.6649, "body_height_Z": 1.0, "buttock_girth": 0.7515, "shoulders_width": 0.1819, "hands_width": 0.0489, "lowerleg_calf_girth": 0.237, "neck_girth": 0.2538, "head_height_Z": 0.134, "head_width_X": 0.0864, "head_length": 0.1225, "feet_heel_width": 0.0413, "feet_width": 0.0538, "buttock_width_X": 0.2521, "elbow_girth": 0.1616, "upperarm_axillary_girth": 0.2279, "upperarm_length": 0.2001, "upperleg_bottom_girth": 0.1877, "lowerleg_bottom_girth": 0.1387, "wrist_girth": 0.0848, "hands_length": 0.1026, "chest_width_X": 0.1989}, "structural": {"Torso_Mass": 0.59, "Neck_Tone": -0.03, "Waist_Size": 0.495, "Shoulders_Tone": 0.0, "Hands_Mass": 1.0, "Legs_UpperlegLength": 0.05, "Feet_Size": 0.29, "Neck_Mass": 0.62, "Wrists_Size": 0.475, "Feet_Mass": 0.74, "Torso_Vshape": 0.41, "Head_Size": 0.47, "Legs_UpperlegsMass": 0.23, "Legs_LowerlegsMass": 0.53, "Arms_UpperarmTone": 0.0, "Neck_Length": 0.35, "Pelvis_GluteusTone": 0.0, "Pelvis_SizeX": 0.86, "Torso_Tone": -0.09, "Arms_UpperarmLength": 0.59, "Arms_ForearmTone": 0.0, "Cheeks_Tone": 0.0, "Legs_UpperlegsTone": -0.15, "Arms_ForearmLength": 0.65, "Torso_BreastTone": 0.6, "Hands_Size": 0.32, "Pelvis_SizeY": 0.8, "Hands_FingersLength": 0.11, "Legs_LowerlegsTone": 0.0, "Pelvis_GluteusMass": 0.35}, "metaproperties": {"character_age": 0.0, "last_character_mass": 0.0, "last_character_tone": -0.5, "character_tone": -0.5, "character_mass": 0.0, "last_character_age": 0.0}}