{"manuellab_vers": [1, 5, 0], "materialproperties": {}, "proportions": {"feet_height_Z": 0.0399, "feet_length": 0.1395, "buttock_depth_Y": 0.2591, "lowerleg_length": 0.2449, "torso_height_Z": 0.2319, "chest_depth_Y": 0.2195, "buttock_height_Z": 0.2037, "upperleg_length": 0.1565, "chest_girth": 0.8111, "neck_height_Z": 0.0124, "upperleg_top_girth": 0.4881, "forearm_length": 0.1325, "waist_girth": 0.8542, "body_height_Z": 1.0, "buttock_girth": 0.9819, "shoulders_width": 0.1762, "hands_width": 0.0494, "lowerleg_calf_girth": 0.2925, "neck_girth": 0.2943, "head_height_Z": 0.1362, "head_width_X": 0.0873, "head_length": 0.1238, "feet_heel_width": 0.0421, "feet_width": 0.0543, "buttock_width_X": 0.3232, "elbow_girth": 0.1757, "upperarm_axillary_girth": 0.2439, "upperarm_length": 0.1921, "upperleg_bottom_girth": 0.2869, "lowerleg_bottom_girth": 0.1622, "wrist_girth": 0.085, "hands_length": 0.1037, "chest_width_X": 0.2251}, "structural": {"Torso_Mass": 0.8, "Neck_Tone": -0.53, "Waist_Size": 0.49, "Shoulders_Tone": -0.5, "Arms_UpperarmMass": 0.65, "Hands_Mass": 1.0, "Legs_UpperlegLength": 0.05, "Feet_Size": 0.29, "Neck_Mass": 0.74, "Wrists_Size": 0.45, "Feet_Mass": 0.74, "Torso_Vshape": 0.26, "Head_Size": 0.47, "Legs_UpperlegsMass": 0.62, "Legs_LowerlegsMass": 0.8, "Arms_UpperarmTone": -0.56, "Neck_Length": 0.08, "Pelvis_GluteusTone": -0.5, "Pelvis_SizeX": 0.86, "Torso_Tone": -0.56, "Arms_UpperarmLength": 0.44, "Arms_ForearmTone": -0.41, "Cheeks_Tone": -0.5, "Legs_UpperlegsTone": -0.47, "Shoulders_PosZ": 0.35, "Arms_ForearmLength": 0.2, "Torso_BreastTone": 0.7, "Hands_Size": 0.32, "Arms_ForearmMass": 0.62, "Pelvis_SizeY": 0.8, "Hands_FingersLength": 0.11, "Legs_LowerlegsTone": -0.26, "Pelvis_GluteusMass": 0.71}, "metaproperties": {"character_age": 0.0, "last_character_mass": 0.0, "last_character_tone": -1.0, "character_tone": -1.0, "character_mass": 0.0, "last_character_age": 0.0}}