{"manuellab_vers": [1, 5, 0], "materialproperties": {}, "proportions": {"feet_height_Z": 0.041, "feet_length": 0.136, "buttock_depth_Y": 0.1189, "lowerleg_length": 0.2549, "torso_height_Z": 0.1976, "chest_depth_Y": 0.1153, "buttock_height_Z": 0.1462, "upperleg_length": 0.2097, "chest_girth": 0.4833, "neck_height_Z": 0.0372, "upperleg_top_girth": 0.2797, "forearm_length": 0.1403, "waist_girth": 0.3441, "body_height_Z": 1.0, "buttock_girth": 0.5322, "shoulders_width": 0.1822, "hands_width": 0.0449, "lowerleg_calf_girth": 0.1918, "neck_girth": 0.1611, "head_height_Z": 0.1234, "head_width_X": 0.0807, "head_length": 0.1144, "feet_heel_width": 0.0393, "feet_width": 0.0522, "buttock_width_X": 0.1952, "elbow_girth": 0.1283, "upperarm_axillary_girth": 0.1645, "upperarm_length": 0.1736, "upperleg_bottom_girth": 0.1924, "lowerleg_bottom_girth": 0.1066, "wrist_girth": 0.0819, "hands_length": 0.1054, "chest_width_X": 0.1417}, "structural": {"Torso_Mass": 0.29, "Neck_Tone": 0.56, "Waist_Size": 0.3899, "Shoulders_SizeX": 0.74, "Shoulders_Tone": 0.29, "Arms_UpperarmMass": 0.29, "Hands_Mass": 0.29, "Legs_UpperlegLength": 0.59, "Neck_Mass": 0.29, "Stomach_Volume": 0.4958, "Feet_Mass": 0.29, "Torso_Vshape": 0.56, "Legs_LowerlegLength": 0.62, "Shoulders_Mass": 0.14, "Legs_UpperlegsMass": 0.29, "Legs_LowerlegsMass": 0.29, "Legs_KneeSize": 0.302, "Arms_UpperarmTone": 0.56, "Stomach_LocalFat": 0.4895, "Pelvis_GluteusTone": 0.56, "Torso_Tone": 0.56, "Neck_Collarbone": 0.59, "Arms_ForearmTone": 0.56, "Shoulders_PosZ": 0.71, "Legs_UpperlegsTone": 0.56, "Abdomen_Tone": 0.8, "Cheeks_Mass": 0.23, "Torso_BreastMass": 0.395, "Torso_BreastTone": 0.512, "Neck_Length": 0.68, "Legs_LowerlegSize": 0.38, "Arms_UpperarmSize": 0.44, "Arms_ForearmMass": 0.29, "Wrists_Size": 0.4955, "Legs_LowerlegsTone": 0.56, "Pelvis_GluteusMass": 0.47, "Arms_ForearmSize": 0.38, "Legs_UpperlegSize": 0.32}, "metaproperties": {"character_age": 0.0, "last_character_mass": 0.0, "last_character_tone": 0.0, "character_tone": 0.0, "character_mass": 0.0, "last_character_age": 0.0}}