{"manuellab_vers": [1, 5, 0], "materialproperties": {}, "proportions": {"feet_height_Z": 0.0416, "feet_length": 0.1414, "buttock_depth_Y": 0.2019, "lowerleg_length": 0.2352, "torso_height_Z": 0.2172, "chest_depth_Y": 0.2016, "buttock_height_Z": 0.1792, "upperleg_length": 0.1854, "chest_girth": 0.7443, "neck_height_Z": 0.0276, "upperleg_top_girth": 0.4068, "forearm_length": 0.1445, "waist_girth": 0.6857, "body_height_Z": 1.0, "buttock_girth": 0.8135, "shoulders_width": 0.1846, "hands_width": 0.0473, "lowerleg_calf_girth": 0.2244, "neck_girth": 0.2211, "head_height_Z": 0.1296, "head_width_X": 0.0839, "head_length": 0.1189, "feet_heel_width": 0.0412, "feet_width": 0.0543, "buttock_width_X": 0.2843, "elbow_girth": 0.1558, "upperarm_axillary_girth": 0.2198, "upperarm_length": 0.1894, "upperleg_bottom_girth": 0.2451, "lowerleg_bottom_girth": 0.1346, "wrist_girth": 0.0857, "hands_length": 0.1096, "chest_width_X": 0.1945}, "structural": {"Torso_Mass": 0.62, "Neck_Tone": 0.0, "Waist_Size": -0.005, "Stomach_LocalFat": 0.74, "Shoulders_Tone": 0.0, "Arms_ForearmTone": 0.0, "Cheeks_Tone": 0.0, "Legs_UpperlegsTone": 0.0, "Torso_BreastMass": 0.68, "Torso_BreastTone": 0.6, "Pelvis_SizeX": 0.59, "Shoulders_Length": 0.8, "Wrists_Size": 0.475, "Arms_UpperarmTone": 0.0, "Legs_LowerlegsTone": 0.0, "Pelvis_GluteusTone": 0.0, "Pelvis_GluteusSize": 0.74, "Torso_Tone": 0.0}, "metaproperties": {"character_age": 0.0, "last_character_mass": 0.0, "last_character_tone": -0.5, "character_tone": -0.5, "character_mass": 0.0, "last_character_age": 0.0}}