{"manuellab_vers": [1, 5, 0], "materialproperties": {}, "proportions": {"feet_height_Z": 0.0423, "feet_length": 0.144, "buttock_depth_Y": 0.1871, "lowerleg_length": 0.2318, "torso_height_Z": 0.2241, "chest_depth_Y": 0.221, "buttock_height_Z": 0.1808, "upperleg_length": 0.1808, "chest_girth": 0.7961, "neck_height_Z": 0.0204, "upperleg_top_girth": 0.4531, "forearm_length": 0.1507, "waist_girth": 0.6292, "body_height_Z": 1.0, "buttock_girth": 0.7638, "shoulders_width": 0.1749, "hands_width": 0.0508, "lowerleg_calf_girth": 0.2681, "neck_girth": 0.2526, "head_height_Z": 0.1364, "head_width_X": 0.0883, "head_length": 0.1252, "feet_heel_width": 0.0431, "feet_width": 0.0568, "buttock_width_X": 0.2622, "elbow_girth": 0.1844, "upperarm_axillary_girth": 0.2764, "upperarm_length": 0.1877, "upperleg_bottom_girth": 0.295, "lowerleg_bottom_girth": 0.1408, "wrist_girth": 0.0938, "hands_length": 0.1118, "chest_width_X": 0.1917}, "structural": {"Torso_Mass": 1.5, "Torso_Vshape": 0.32, "Waist_Size": 0.7, "Legs_LowerlegsMass": 1.5, "Arms_UpperarmMass": 1.5, "Hands_Mass": 1.5, "Legs_UpperlegLength": 0.32, "Neck_Mass": 1.5, "Arms_ForearmMass": 1.5, "Feet_Mass": 1.5, "Head_Size": 0.59, "Legs_LowerlegLength": 0.39, "Wrists_Size": 0.6, "Shoulders_Mass": 1.5, "Legs_UpperlegsMass": 1.5, "Torso_BreastMass": 1.0, "Legs_KneeSize": 0.7, "Cheeks_Mass": 1.5, "Stomach_LocalFat": 0.52, "Stomach_Volume": 0.52, "Pelvis_GluteusMass": 1.5}, "metaproperties": {"character_age": 0.0, "last_character_mass": 1.0, "last_character_tone": 0.0, "character_tone": 0.0, "character_mass": 1.0, "last_character_age": 0.0}}