{"manuellab_vers": [1, 5, 0], "materialproperties": {}, "proportions": {"feet_height_Z": 0.0434, "feet_length": 0.1442, "buttock_depth_Y": 0.0837, "lowerleg_length": 0.2443, "torso_height_Z": 0.1929, "chest_depth_Y": 0.0987, "buttock_height_Z": 0.1481, "upperleg_length": 0.2167, "chest_girth": 0.414, "neck_height_Z": 0.0404, "upperleg_top_girth": 0.2199, "forearm_length": 0.1515, "waist_girth": 0.3163, "body_height_Z": 1.0, "buttock_girth": 0.4373, "shoulders_width": 0.1549, "hands_width": 0.0443, "lowerleg_calf_girth": 0.169, "neck_girth": 0.1415, "head_height_Z": 0.1229, "head_width_X": 0.0776, "head_length": 0.1101, "feet_heel_width": 0.0413, "feet_width": 0.0553, "buttock_width_X": 0.159, "elbow_girth": 0.128, "upperarm_axillary_girth": 0.1508, "upperarm_length": 0.1829, "upperleg_bottom_girth": 0.1792, "lowerleg_bottom_girth": 0.1125, "wrist_girth": 0.0806, "hands_length": 0.1167, "chest_width_X": 0.1288}, "structural": {"Torso_BreastMass": 0.25, "Waist_Size": 0.485, "Stomach_LocalFat": 0.475, "Arms_UpperarmMass": -0.12, "Legs_UpperlegLength": 0.65, "Stomach_Volume": 0.58, "Torso_Vshape": 0.26, "Torso_SizeY": 0.29, "Arms_UpperarmLength": 0.59, "Chin_Tone": 0.29, "Shoulders_Mass": -0.42, "Legs_LowerlegsMass": -0.33, "Arms_UpperarmTone": -0.65, "Pelvis_GluteusTone": -0.5, "Torso_Tone": -0.38, "Arms_ForearmTone": -0.5, "Cheeks_Mass": 0.0, "Arms_ForearmLength": 0.65, "Head_Size": 0.29, "Hands_FingersInterDist": 0.38, "Wrists_Size": 0.425, "Torso_ToracicCurve": 1.0, "Legs_LowerlegsTone": -0.68, "Legs_UpperlegInCurve": 0.74, "Legs_UpperlegSize": 0.44, "Torso_Mass": 0.12, "Neck_Tone": -0.5, "Shoulders_Tone": -0.76, "Hands_Mass": -0.36, "Feet_Size": 0.62, "Neck_Mass": 0.0, "Feet_Mass": -0.27, "Legs_LowerlegLength": 0.54, "Legs_UpperlegsMass": -0.27, "Forehead_SizeZ": 0.62, "Cheeks_Tone": -0.5, "Legs_UpperlegsTone": -0.77, "Shoulders_PosZ": 0.41, "Torso_BreastTone": 0.7, "Arms_UpperarmSize": 0.47, "Arms_ForearmMass": 0.0, "Pelvis_SizeY": 0.02, "Hands_FingersLength": 1.0, "Pelvis_GluteusMass": 0.0, "Arms_ForearmSize": 0.44}, "metaproperties": {"character_age": 0.0, "last_character_mass": -0.5, "last_character_tone": -1.0, "character_tone": -1.0, "character_mass": -0.5, "last_character_age": 0.0}}