{"manuellab_vers": [1, 5, 0], "materialproperties": {}, "proportions": {"feet_height_Z": 0.0399, "feet_length": 0.1395, "buttock_depth_Y": 0.2621, "lowerleg_length": 0.243, "torso_height_Z": 0.2395, "chest_depth_Y": 0.2391, "buttock_height_Z": 0.2104, "upperleg_length": 0.1547, "chest_girth": 0.8657, "neck_height_Z": 0.0043, "upperleg_top_girth": 0.5539, "forearm_length": 0.1318, "waist_girth": 0.8715, "body_height_Z": 1.0, "buttock_girth": 1.0088, "shoulders_width": 0.1798, "hands_width": 0.0494, "lowerleg_calf_girth": 0.2928, "neck_girth": 0.2988, "head_height_Z": 0.1363, "head_width_X": 0.0873, "head_length": 0.1238, "feet_heel_width": 0.0427, "feet_width": 0.0551, "buttock_width_X": 0.3311, "elbow_girth": 0.19, "upperarm_axillary_girth": 0.2983, "upperarm_length": 0.1976, "upperleg_bottom_girth": 0.3324, "lowerleg_bottom_girth": 0.1633, "wrist_girth": 0.0872, "hands_length": 0.1037, "chest_width_X": 0.2319}, "structural": {"Torso_Mass": 1.3, "Neck_Tone": -0.03, "Waist_Size": 0.595, "Stomach_LocalFat": 0.51, "Shoulders_Tone": 0.0, "Arms_UpperarmMass": 1.15, "Hands_Mass": 1.5, "Legs_UpperlegLength": 0.05, "Feet_Size": 0.29, "Neck_Mass": 1.24, "Stomach_Volume": 0.51, "Feet_Mass": 1.24, "Torso_Vshape": 0.26, "Head_Size": 0.47, "Shoulders_Mass": 1.0, "Legs_UpperlegsMass": 1.12, "Legs_LowerlegsMass": 1.3, "Legs_KneeSize": 0.6, "Arms_UpperarmTone": -0.06, "Neck_Length": 0.08, "Pelvis_GluteusTone": 0.0, "Pelvis_SizeX": 0.86, "Torso_Tone": -0.06, "Arms_UpperarmLength": 0.44, "Arms_ForearmTone": 0.09, "Cheeks_Tone": 0.0, "Legs_UpperlegsTone": 0.03, "Shoulders_PosZ": 0.35, "Torso_BreastMass": 0.75, "Torso_BreastTone": 0.6, "Hands_Size": 0.32, "Wrists_Size": 0.525, "Arms_ForearmMass": 1.12, "Pelvis_SizeY": 0.8, "Cheeks_Mass": 1.0, "Arms_ForearmLength": 0.2, "Hands_FingersLength": 0.11, "Legs_LowerlegsTone": 0.24, "Pelvis_GluteusMass": 1.21}, "metaproperties": {"character_age": 0.0, "last_character_mass": 0.5, "last_character_tone": -0.5, "character_tone": -0.5, "character_mass": 0.5, "last_character_age": 0.0}}