{"manuellab_vers": [1, 5, 0], "materialproperties": {}, "proportions": {"feet_height_Z": 0.0426, "feet_length": 0.1414, "buttock_depth_Y": 0.0783, "lowerleg_length": 0.2396, "torso_height_Z": 0.1907, "chest_depth_Y": 0.0971, "buttock_height_Z": 0.15, "upperleg_length": 0.2124, "chest_girth": 0.4117, "neck_height_Z": 0.0466, "upperleg_top_girth": 0.2156, "forearm_length": 0.1484, "waist_girth": 0.2872, "body_height_Z": 1.0, "buttock_girth": 0.4269, "shoulders_width": 0.1656, "hands_width": 0.0435, "lowerleg_calf_girth": 0.1657, "neck_girth": 0.1357, "head_height_Z": 0.1266, "head_width_X": 0.0802, "head_length": 0.1137, "feet_heel_width": 0.0405, "feet_width": 0.0542, "buttock_width_X": 0.1559, "elbow_girth": 0.1154, "upperarm_axillary_girth": 0.1407, "upperarm_length": 0.1798, "upperleg_bottom_girth": 0.1757, "lowerleg_bottom_girth": 0.1103, "wrist_girth": 0.0782, "hands_length": 0.1144, "chest_width_X": 0.128}, "structural": {"Torso_BreastMass": 0.25, "Waist_Size": 0.275, "Stomach_LocalFat": 0.475, "Arms_UpperarmMass": -0.12, "Torso_Length": 0.71, "Legs_UpperlegLength": 0.65, "Stomach_Volume": 0.49, "Legs_LowerlegLength": 0.54, "Torso_SizeY": 0.29, "Arms_UpperarmLength": 0.59, "Chin_Tone": 0.29, "Shoulders_Mass": -0.42, "Legs_LowerlegsMass": -0.33, "Arms_UpperarmTone": -0.65, "Neck_Angle": 0.29, "Pelvis_GluteusTone": -0.5, "Torso_Tone": -0.32, "Arms_ForearmTone": -0.5, "Cheeks_Mass": 0.0, "Arms_ForearmLength": 0.65, "Hands_FingersInterDist": 0.38, "Wrists_Size": 0.425, "Torso_ToracicCurve": 1.0, "Legs_LowerlegsTone": -0.68, "Pelvis_GluteusMass": 0.0, "Legs_UpperlegInCurve": 0.74, "Legs_UpperlegSize": 0.44, "Torso_Mass": 0.03, "Neck_Tone": -0.65, "Shoulders_Tone": -0.76, "Hands_Mass": -0.36, "Feet_Size": 0.62, "Neck_Mass": -0.27, "Feet_Mass": -0.27, "Legs_UpperlegsMass": -0.27, "Forehead_SizeZ": 0.62, "Cheeks_Tone": -0.5, "Legs_UpperlegsTone": -0.77, "Neck_Size": 0.35, "Shoulders_PosZ": 0.14, "Torso_BreastTone": 0.7, "Neck_Length": 0.56, "Arms_UpperarmSize": 0.17, "Arms_ForearmMass": 0.0, "Pelvis_SizeY": 0.02, "Hands_FingersLength": 1.0, "Arms_ForearmSize": 0.2}, "metaproperties": {"character_age": 0.0, "last_character_mass": -0.5, "last_character_tone": -1.0, "character_tone": -1.0, "character_mass": -0.5, "last_character_age": 0.0}}