{"manuellab_vers": [1, 5, 0], "materialproperties": {}, "proportions": {"feet_height_Z": 0.0433, "feet_length": 0.1438, "buttock_depth_Y": 0.1086, "lowerleg_length": 0.247, "torso_height_Z": 0.2092, "chest_depth_Y": 0.1005, "buttock_height_Z": 0.1599, "upperleg_length": 0.1828, "chest_girth": 0.4542, "neck_height_Z": 0.0383, "upperleg_top_girth": 0.2404, "forearm_length": 0.1483, "waist_girth": 0.3979, "body_height_Z": 1.0, "buttock_girth": 0.4687, "shoulders_width": 0.1794, "hands_width": 0.0467, "lowerleg_calf_girth": 0.1755, "neck_girth": 0.1628, "head_height_Z": 0.1304, "head_width_X": 0.0853, "head_length": 0.1209, "feet_heel_width": 0.0416, "feet_width": 0.0552, "buttock_width_X": 0.1611, "elbow_girth": 0.1346, "upperarm_axillary_girth": 0.1626, "upperarm_length": 0.1846, "upperleg_bottom_girth": 0.1835, "lowerleg_bottom_girth": 0.114, "wrist_girth": 0.0842, "hands_length": 0.1113, "chest_width_X": 0.1494}, "structural": {"Torso_Mass": -0.5, "Neck_Tone": 0.0, "Waist_Size": 0.845, "Stomach_LocalFat": 0.45, "Shoulders_Tone": 0.0, "Arms_UpperarmMass": -0.5, "Hands_Mass": -0.5, "Legs_UpperlegLength": 0.08, "Neck_Mass": -0.5, "Stomach_Volume": 0.54, "Feet_Mass": -0.5, "Torso_Vshape": 0.29, "Shoulders_Mass": -0.44, "Legs_UpperlegsMass": -0.5, "Legs_LowerlegsMass": -0.5, "Arms_UpperarmTone": 0.0, "Pelvis_GluteusTone": 0.0, "Pelvis_SizeX": 0.32, "Torso_Tone": 0.0, "Torso_SizeX": 0.83, "Arms_ForearmTone": 0.0, "Cheeks_Tone": 0.0, "Legs_UpperlegsTone": 0.0, "Cheeks_Mass": -0.5, "Torso_BreastMass": 0.0, "Torso_BreastTone": 0.6, "Torso_Length": 0.68, "Arms_ForearmMass": -0.5, "Wrists_Size": 0.425, "Shoulders_Length": 0.65, "Legs_LowerlegsTone": 0.0, "Pelvis_GluteusMass": -0.5}, "metaproperties": {"character_age": 0.0, "last_character_mass": -1.0, "last_character_tone": -0.5, "character_tone": -0.5, "character_mass": -1.0, "last_character_age": 0.0}}