{"manuellab_vers": [1, 5, 0], "materialproperties": {}, "proportions": {"feet_height_Z": 0.0416, "feet_length": 0.138, "buttock_depth_Y": 0.1214, "lowerleg_length": 0.2549, "torso_height_Z": 0.2078, "chest_depth_Y": 0.1025, "buttock_height_Z": 0.157, "upperleg_length": 0.185, "chest_girth": 0.439, "neck_height_Z": 0.0329, "upperleg_top_girth": 0.2483, "forearm_length": 0.1612, "waist_girth": 0.339, "body_height_Z": 1.0, "buttock_girth": 0.5301, "shoulders_width": 0.1742, "hands_width": 0.0448, "lowerleg_calf_girth": 0.1791, "neck_girth": 0.156, "head_height_Z": 0.1321, "head_width_X": 0.0864, "head_length": 0.1225, "feet_heel_width": 0.0404, "feet_width": 0.053, "buttock_width_X": 0.1829, "elbow_girth": 0.1374, "upperarm_axillary_girth": 0.1657, "upperarm_length": 0.1943, "upperleg_bottom_girth": 0.1872, "lowerleg_bottom_girth": 0.1122, "wrist_girth": 0.0806, "hands_length": 0.1024, "chest_width_X": 0.1406}, "structural": {"Torso_Mass": -0.41, "Neck_Tone": -0.03, "Waist_Size": 0.485, "Stomach_LocalFat": 0.45, "Shoulders_Tone": 0.0, "Arms_UpperarmMass": -0.5, "Hands_Mass": 0.0, "Legs_UpperlegLength": 0.05, "Feet_Size": 0.29, "Neck_Mass": -0.38, "Stomach_Volume": 0.48, "Feet_Mass": -0.26, "Torso_Vshape": 0.41, "Head_Size": 0.47, "Shoulders_Mass": -0.5, "Legs_UpperlegsMass": -0.77, "Legs_LowerlegsMass": -0.47, "Arms_UpperarmTone": 0.0, "Neck_Length": 0.35, "Pelvis_GluteusTone": 0.0, "Pelvis_SizeX": 0.86, "Torso_Tone": -0.09, "Arms_UpperarmLength": 0.59, "Arms_ForearmTone": 0.0, "Cheeks_Tone": 0.0, "Legs_UpperlegsTone": -0.15, "Cheeks_Mass": -0.5, "Torso_BreastMass": 0.0, "Torso_BreastTone": 0.6, "Hands_Size": 0.32, "Wrists_Size": 0.425, "Arms_ForearmMass": -0.5, "Pelvis_SizeY": 0.8, "Arms_ForearmLength": 0.65, "Hands_FingersLength": 0.11, "Legs_LowerlegsTone": 0.0, "Pelvis_GluteusMass": -0.65}, "metaproperties": {"character_age": 0.0, "last_character_mass": -1.0, "last_character_tone": -0.5, "character_tone": -0.5, "character_mass": -1.0, "last_character_age": 0.0}}