{"manuellab_vers": [1, 5, 0], "materialproperties": {}, "proportions": {"feet_height_Z": 0.0416, "feet_length": 0.138, "buttock_depth_Y": 0.1578, "lowerleg_length": 0.2551, "torso_height_Z": 0.2106, "chest_depth_Y": 0.1468, "buttock_height_Z": 0.1572, "upperleg_length": 0.1842, "chest_girth": 0.5816, "neck_height_Z": 0.0314, "upperleg_top_girth": 0.2941, "forearm_length": 0.1612, "waist_girth": 0.4671, "body_height_Z": 1.0, "buttock_girth": 0.6471, "shoulders_width": 0.1758, "hands_width": 0.0489, "lowerleg_calf_girth": 0.2198, "neck_girth": 0.1955, "head_height_Z": 0.1326, "head_width_X": 0.0864, "head_length": 0.1225, "feet_heel_width": 0.041, "feet_width": 0.0538, "buttock_width_X": 0.2314, "elbow_girth": 0.1416, "upperarm_axillary_girth": 0.1919, "upperarm_length": 0.1943, "upperleg_bottom_girth": 0.1991, "lowerleg_bottom_girth": 0.1147, "wrist_girth": 0.0854, "hands_length": 0.1026, "chest_width_X": 0.1615}, "structural": {"Torso_Mass": 0.59, "Neck_Tone": 0.47, "Hands_Mass": 1.0, "Legs_UpperlegLength": 0.05, "Feet_Size": 0.29, "Neck_Mass": 0.62, "Feet_Mass": 0.74, "Torso_Vshape": 0.41, "Arms_UpperarmLength": 0.59, "Legs_UpperlegsMass": 0.23, "Legs_LowerlegsMass": 0.53, "Neck_Length": 0.35, "Pelvis_SizeX": 0.86, "Pelvis_GluteusMass": 0.35, "Legs_UpperlegsTone": 0.35, "Arms_ForearmLength": 0.65, "Head_Size": 0.47, "Hands_Size": 0.32, "Pelvis_SizeY": 0.8, "Hands_FingersLength": 0.11, "Wrists_Size": 0.5, "Torso_Tone": 0.41}, "metaproperties": {"character_age": 0.0, "last_character_mass": 0.0, "last_character_tone": 0.0, "character_tone": 0.0, "character_mass": 0.0, "last_character_age": 0.0}}