{"manuellab_vers": [1, 5, 0], "materialproperties": {}, "proportions": {"feet_height_Z": 0.0416, "feet_length": 0.1414, "buttock_depth_Y": 0.1742, "lowerleg_length": 0.2345, "torso_height_Z": 0.2154, "chest_depth_Y": 0.1702, "buttock_height_Z": 0.1773, "upperleg_length": 0.1895, "chest_girth": 0.6462, "neck_height_Z": 0.0265, "upperleg_top_girth": 0.395, "forearm_length": 0.1445, "waist_girth": 0.5727, "body_height_Z": 1.0, "buttock_girth": 0.6953, "shoulders_width": 0.1795, "hands_width": 0.0473, "lowerleg_calf_girth": 0.2245, "neck_girth": 0.2192, "head_height_Z": 0.1296, "head_width_X": 0.0839, "head_length": 0.1189, "feet_heel_width": 0.0412, "feet_width": 0.0543, "buttock_width_X": 0.2333, "elbow_girth": 0.1558, "upperarm_axillary_girth": 0.2193, "upperarm_length": 0.1848, "upperleg_bottom_girth": 0.2582, "lowerleg_bottom_girth": 0.1346, "wrist_girth": 0.0857, "hands_length": 0.1096, "chest_width_X": 0.1826}, "structural": {"Torso_BreastMass": 0.53, "Neck_Tone": 0.0, "Waist_Size": 0.495, "Shoulders_Tone": 0.0, "Arms_ForearmTone": 0.0, "Cheeks_Tone": 0.0, "Legs_UpperlegsTone": 0.0, "Abdomen_Mass": 0.71, "Wrists_Size": 0.475, "Torso_BreastTone": 0.51, "Legs_UpperlegsMass": 0.56, "Legs_KneeSize": 0.5, "Arms_UpperarmTone": 0.0, "Legs_LowerlegsTone": 0.0, "Pelvis_GluteusTone": 0.0, "Abdomen_Tone": 1.0, "Torso_Tone": 0.0}, "metaproperties": {"character_age": 0.0, "last_character_mass": 0.0, "last_character_tone": -0.5, "character_tone": -0.5, "character_mass": 0.0, "last_character_age": 0.0}}