{"manuellab_vers": [1, 5, 0], "materialproperties": {}, "proportions": {"feet_height_Z": 0.0434, "feet_length": 0.1475, "buttock_depth_Y": 0.2099, "lowerleg_length": 0.2312, "torso_height_Z": 0.2172, "chest_depth_Y": 0.222, "buttock_height_Z": 0.1769, "upperleg_length": 0.1898, "chest_girth": 0.8038, "neck_height_Z": 0.0208, "upperleg_top_girth": 0.4651, "forearm_length": 0.1562, "waist_girth": 0.7123, "body_height_Z": 1.0, "buttock_girth": 0.8216, "shoulders_width": 0.1774, "hands_width": 0.0493, "lowerleg_calf_girth": 0.2629, "neck_girth": 0.2586, "head_height_Z": 0.1384, "head_width_X": 0.0865, "head_length": 0.1226, "feet_heel_width": 0.0437, "feet_width": 0.0581, "buttock_width_X": 0.2792, "elbow_girth": 0.1776, "upperarm_axillary_girth": 0.2736, "upperarm_length": 0.1955, "upperleg_bottom_girth": 0.3023, "lowerleg_bottom_girth": 0.1412, "wrist_girth": 0.0916, "hands_length": 0.1196, "chest_width_X": 0.2068}, "structural": {"Torso_Mass": 1.44, "Neck_Tone": 0.35, "Waist_Size": 0.7, "Stomach_LocalFat": 0.52, "Shoulders_Tone": 0.24, "Arms_UpperarmMass": 1.38, "Hands_Mass": 1.14, "Hands_FingersInterDist": 0.38, "Feet_Size": 0.62, "Neck_Mass": 1.32, "Stomach_Volume": 0.61, "Feet_Mass": 1.23, "Torso_Vshape": 0.38, "Torso_SizeY": 0.29, "Arms_UpperarmLength": 0.59, "Chin_Tone": 0.29, "Shoulders_Mass": 1.08, "Legs_UpperlegsMass": 1.5, "Legs_LowerlegsMass": 1.5, "Legs_KneeSize": 0.7, "Arms_UpperarmTone": 0.35, "Neck_Angle": 0.29, "Arms_ForearmLength": 0.65, "Pelvis_SizeX": 0.62, "Torso_Tone": 0.38, "Shoulders_PosZ": 0.14, "Legs_UpperlegsTone": 0.35, "Neck_Size": 0.35, "Cheeks_Mass": 1.5, "Torso_BreastMass": 1.0, "Head_Size": 0.59, "Neck_Length": 0.41, "Arms_UpperarmSize": 0.47, "Arms_ForearmMass": 1.5, "Wrists_Size": 0.6, "Torso_ToracicCurve": 1.0, "Hands_FingersLength": 1.0, "Pelvis_GluteusMass": 1.5, "Arms_ForearmSize": 0.44, "Forehead_SizeZ": 0.62}, "metaproperties": {"character_age": 0.0, "last_character_mass": 1.0, "last_character_tone": 0.0, "character_tone": 0.0, "character_mass": 1.0, "last_character_age": 0.0}}