{"manuellab_vers": [1, 5, 0], "materialproperties": {}, "proportions": {"feet_height_Z": 0.0406, "feet_length": 0.1414, "buttock_depth_Y": 0.2417, "lowerleg_length": 0.2292, "torso_height_Z": 0.2308, "chest_depth_Y": 0.2426, "buttock_height_Z": 0.2023, "upperleg_length": 0.1744, "chest_girth": 0.87, "neck_height_Z": 0.0159, "upperleg_top_girth": 0.5257, "forearm_length": 0.1433, "waist_girth": 0.8544, "body_height_Z": 1.0, "buttock_girth": 0.9282, "shoulders_width": 0.1858, "hands_width": 0.0499, "lowerleg_calf_girth": 0.2791, "neck_girth": 0.288, "head_height_Z": 0.1309, "head_width_X": 0.0839, "head_length": 0.1189, "feet_heel_width": 0.0426, "feet_width": 0.0558, "buttock_width_X": 0.3026, "elbow_girth": 0.1814, "upperarm_axillary_girth": 0.2845, "upperarm_length": 0.1907, "upperleg_bottom_girth": 0.319, "lowerleg_bottom_girth": 0.1598, "wrist_girth": 0.0901, "hands_length": 0.1097, "chest_width_X": 0.2272}, "structural": {"Torso_Mass": 1.5, "Neck_Tone": 0.0, "Waist_Size": 0.695, "Stomach_LocalFat": 0.52, "Shoulders_Tone": 0.0, "Arms_UpperarmMass": 1.5, "Hands_Mass": 1.5, "Abdomen_Mass": 1.0, "Neck_Mass": 1.5, "Stomach_Volume": 0.52, "Feet_Mass": 1.5, "Shoulders_Mass": 1.5, "Legs_UpperlegsMass": 1.5, "Legs_LowerlegsMass": 1.5, "Legs_KneeSize": 0.7, "Arms_UpperarmTone": 0.0, "Pelvis_GluteusTone": 0.0, "Torso_Tone": 0.0, "Arms_ForearmTone": 0.0, "Cheeks_Tone": 0.0, "Legs_UpperlegsTone": 0.0, "Cheeks_Mass": 1.5, "Torso_BreastMass": 1.0, "Torso_BreastTone": 0.6, "Arms_ForearmMass": 1.5, "Wrists_Size": 0.575, "Legs_LowerlegsTone": 0.0, "Pelvis_GluteusMass": 1.5, "Abdomen_Tone": 1.0}, "metaproperties": {"character_age": 0.0, "last_character_mass": 1.0, "last_character_tone": -0.5, "character_tone": -0.5, "character_mass": 1.0, "last_character_age": 0.0}}