{"manuellab_vers": [1, 5, 0], "materialproperties": {}, "proportions": {"feet_height_Z": 0.041, "feet_length": 0.136, "buttock_depth_Y": 0.1018, "lowerleg_length": 0.2546, "torso_height_Z": 0.1981, "chest_depth_Y": 0.0937, "buttock_height_Z": 0.1463, "upperleg_length": 0.2081, "chest_girth": 0.4159, "neck_height_Z": 0.0372, "upperleg_top_girth": 0.2139, "forearm_length": 0.1403, "waist_girth": 0.3003, "body_height_Z": 1.0, "buttock_girth": 0.4509, "shoulders_width": 0.1821, "hands_width": 0.0442, "lowerleg_calf_girth": 0.1622, "neck_girth": 0.1473, "head_height_Z": 0.1234, "head_width_X": 0.0807, "head_length": 0.1144, "feet_heel_width": 0.0393, "feet_width": 0.0522, "buttock_width_X": 0.1569, "elbow_girth": 0.1253, "upperarm_axillary_girth": 0.155, "upperarm_length": 0.1736, "upperleg_bottom_girth": 0.1734, "lowerleg_bottom_girth": 0.1068, "wrist_girth": 0.0792, "hands_length": 0.1053, "chest_width_X": 0.1351}, "structural": {"Torso_Mass": -0.71, "Neck_Tone": 0.06, "Waist_Size": 0.3749, "Shoulders_SizeX": 0.74, "Shoulders_Tone": -0.21, "Arms_UpperarmMass": -0.71, "Hands_Mass": -0.71, "Legs_UpperlegLength": 0.59, "Neck_Mass": -0.71, "Stomach_Volume": 0.4758, "Feet_Mass": -0.71, "Torso_Vshape": 0.56, "Legs_LowerlegLength": 0.62, "Shoulders_Mass": -0.86, "Legs_UpperlegsMass": -0.71, "Legs_LowerlegsMass": -0.71, "Legs_KneeSize": 0.302, "Arms_UpperarmTone": 0.06, "Stomach_LocalFat": 0.4395, "Pelvis_GluteusTone": 0.06, "Torso_Tone": 0.06, "Neck_Collarbone": 0.59, "Arms_ForearmTone": 0.06, "Cheeks_Tone": 0.0, "Legs_UpperlegsTone": 0.06, "Abdomen_Tone": 0.8, "Shoulders_PosZ": 0.71, "Torso_BreastMass": -0.105, "Torso_BreastTone": 0.612, "Neck_Length": 0.68, "Legs_LowerlegSize": 0.38, "Arms_UpperarmSize": 0.44, "Arms_ForearmMass": -0.71, "Wrists_Size": 0.4205, "Cheeks_Mass": -0.77, "Legs_LowerlegsTone": 0.06, "Pelvis_GluteusMass": -0.53, "Arms_ForearmSize": 0.38, "Legs_UpperlegSize": 0.32}, "metaproperties": {"character_age": 0.0, "last_character_mass": -1.0, "last_character_tone": -0.5, "character_tone": -0.5, "character_mass": -1.0, "last_character_age": 0.0}}