{"manuellab_vers": [1, 5, 0], "materialproperties": {}, "proportions": {"feet_height_Z": 0.0403, "feet_length": 0.1337, "buttock_depth_Y": 0.1316, "lowerleg_length": 0.2468, "torso_height_Z": 0.2087, "chest_depth_Y": 0.1099, "buttock_height_Z": 0.1514, "upperleg_length": 0.21, "chest_girth": 0.4534, "neck_height_Z": 0.0256, "upperleg_top_girth": 0.2734, "forearm_length": 0.1465, "waist_girth": 0.3434, "body_height_Z": 1.0, "buttock_girth": 0.5672, "shoulders_width": 0.1601, "hands_width": 0.0447, "lowerleg_calf_girth": 0.1892, "neck_girth": 0.1638, "head_height_Z": 0.128, "head_width_X": 0.0837, "head_length": 0.1187, "feet_heel_width": 0.0392, "feet_width": 0.0514, "buttock_width_X": 0.202, "elbow_girth": 0.1343, "upperarm_axillary_girth": 0.1756, "upperarm_length": 0.1802, "upperleg_bottom_girth": 0.1903, "lowerleg_bottom_girth": 0.1084, "wrist_girth": 0.0809, "hands_length": 0.0993, "chest_width_X": 0.135}, "structural": {"Torso_Mass": 0.15, "Torso_Vshape": 0.26, "Waist_Size": 0.495, "Stomach_LocalFat": 0.475, "Arms_UpperarmMass": 0.0, "Torso_BreastMass": 0.25, "Feet_Size": 0.29, "Neck_Mass": 0.33, "Stomach_Volume": 0.49, "Feet_Mass": 0.24, "Shoulders_Mass": 0.0, "Legs_UpperlegsMass": 0.0, "Legs_LowerlegsMass": 0.0, "Neck_Length": 0.38, "Pelvis_SizeX": 0.86, "Pelvis_GluteusMass": 0.21, "Shoulders_PosZ": 0.77, "Cheeks_Mass": 0.0, "Head_Size": 0.47, "Hands_Size": 0.32, "Arms_ForearmMass": 0.0, "Pelvis_SizeY": 0.8, "Hands_FingersLength": 0.11, "Wrists_Size": 0.475, "Torso_Tone": 0.23}, "metaproperties": {"character_age": 0.0, "last_character_mass": -0.5, "last_character_tone": 0.0, "character_tone": 0.0, "character_mass": -0.5, "last_character_age": 0.0}}