{"proportions": {}, "structural": {"Legs_UpperlegsTone": 0.71, "Shoulders_Tone": 0.59, "Torso_BreastTone": 0.74, "Neck_Length": 0.56, "Shoulders_Mass": 0.38, "Torso_BreastMass": 0.77, "Arms_ForearmLength": 0.53, "Legs_UpperlegLength": 0.65, "Legs_LowerlegLength": 0.62, "Pelvis_GluteusMass": 0.59, "Arms_UpperarmLength": 0.737, "Pelvis_GluteusTone": 0.92, "Shoulders_PosZ": 0.59, "Pelvis_GluteusSize": 0.57, "Torso_Dorsi": 0.8, "Legs_UpperlegSize": 0.65, "Head_Size": 0.56, "Pelvis_SizeX": 0.55, "Waist_Size": 0.26, "Body_Size": 0.46}, "manuellab_vers": [1, 5, 0], "metaproperties": {"character_age": 0.0, "last_character_mass": 0.0, "character_mass": 0.0, "last_character_tone": 0.0, "character_tone": 0.0, "last_character_age": 0.0}, "materialproperties": {}}