{"manuellab_vers": [1, 5, 0], "materialproperties": {}, "proportions": {"feet_height_Z": 0.0403, "feet_length": 0.1337, "buttock_depth_Y": 0.1176, "lowerleg_length": 0.247, "torso_height_Z": 0.2084, "chest_depth_Y": 0.1009, "buttock_height_Z": 0.1519, "upperleg_length": 0.2085, "chest_girth": 0.4235, "neck_height_Z": 0.026, "upperleg_top_girth": 0.2411, "forearm_length": 0.1465, "waist_girth": 0.3285, "body_height_Z": 1.0, "buttock_girth": 0.5136, "shoulders_width": 0.1597, "hands_width": 0.0434, "lowerleg_calf_girth": 0.1735, "neck_girth": 0.1505, "head_height_Z": 0.128, "head_width_X": 0.0837, "head_length": 0.1187, "feet_heel_width": 0.0392, "feet_width": 0.0514, "buttock_width_X": 0.1772, "elbow_girth": 0.1331, "upperarm_axillary_girth": 0.1632, "upperarm_length": 0.1801, "upperleg_bottom_girth": 0.1817, "lowerleg_bottom_girth": 0.1087, "wrist_girth": 0.0775, "hands_length": 0.0992, "chest_width_X": 0.1325}, "structural": {"Torso_Mass": -0.35, "Neck_Tone": -0.5, "Waist_Size": 0.48, "Stomach_LocalFat": 0.45, "Shoulders_Tone": -0.5, "Arms_UpperarmMass": -0.5, "Hands_Mass": 0.0, "Feet_Size": 0.29, "Neck_Mass": -0.17, "Stomach_Volume": 0.48, "Feet_Mass": -0.26, "Torso_Vshape": 0.26, "Head_Size": 0.47, "Shoulders_Mass": -0.5, "Legs_UpperlegsMass": -0.5, "Legs_LowerlegsMass": -0.5, "Arms_UpperarmTone": -0.5, "Neck_Length": 0.38, "Pelvis_GluteusTone": -0.5, "Pelvis_SizeX": 0.86, "Torso_Tone": -0.77, "Arms_ForearmTone": -0.5, "Cheeks_Tone": -0.5, "Legs_UpperlegsTone": -0.5, "Shoulders_PosZ": 0.77, "Torso_BreastMass": 0.0, "Torso_BreastTone": 0.7, "Hands_Size": 0.32, "Wrists_Size": 0.4, "Arms_ForearmMass": -0.5, "Pelvis_SizeY": 0.8, "Cheeks_Mass": -0.5, "Hands_FingersLength": 0.11, "Legs_LowerlegsTone": -0.5, "Pelvis_GluteusMass": -0.29}, "metaproperties": {"character_age": 0.0, "last_character_mass": -1.0, "last_character_tone": -1.0, "character_tone": -1.0, "character_mass": -1.0, "last_character_age": 0.0}}