{"manuellab_vers": [1, 5, 0], "materialproperties": {}, "proportions": {"feet_height_Z": 0.0387, "feet_length": 0.1352, "buttock_depth_Y": 0.2329, "lowerleg_length": 0.2411, "torso_height_Z": 0.2256, "chest_depth_Y": 0.2253, "buttock_height_Z": 0.1943, "upperleg_length": 0.1795, "chest_girth": 0.8258, "neck_height_Z": 0.0138, "upperleg_top_girth": 0.5358, "forearm_length": 0.1388, "waist_girth": 0.7767, "body_height_Z": 1.0, "buttock_girth": 0.9124, "shoulders_width": 0.178, "hands_width": 0.0478, "lowerleg_calf_girth": 0.2723, "neck_girth": 0.2814, "head_height_Z": 0.1281, "head_width_X": 0.0821, "head_length": 0.1164, "feet_heel_width": 0.0408, "feet_width": 0.0534, "buttock_width_X": 0.3024, "elbow_girth": 0.1748, "upperarm_axillary_girth": 0.2763, "upperarm_length": 0.2035, "upperleg_bottom_girth": 0.3216, "lowerleg_bottom_girth": 0.154, "wrist_girth": 0.0837, "hands_length": 0.1048, "chest_width_X": 0.2177}, "structural": {"Torso_Mass": 1.0, "Neck_Tone": -0.5, "Waist_Size": 0.35, "Stomach_LocalFat": 0.51, "Shoulders_Tone": -0.41, "Arms_UpperarmMass": 1.0, "Hands_Mass": 1.0, "Legs_UpperlegLength": 0.65, "Arms_ForearmLength": 0.53, "Neck_Mass": 1.0, "Stomach_Volume": 0.51, "Feet_Mass": 1.0, "Legs_LowerlegLength": 0.62, "Head_Size": 0.56, "Torso_Dorsi": 0.8, "Shoulders_Mass": 0.88, "Legs_UpperlegsMass": 1.0, "Legs_LowerlegsMass": 1.0, "Legs_KneeSize": 0.6, "Arms_UpperarmTone": -0.5, "Arms_UpperarmLength": 0.737, "Pelvis_GluteusTone": -0.08, "Pelvis_GluteusSize": 0.57, "Torso_Tone": -0.5, "Arms_ForearmTone": -0.5, "Pelvis_SizeX": 0.55, "Cheeks_Tone": -0.5, "Legs_UpperlegsTone": -0.29, "Body_Size": 0.46, "Shoulders_PosZ": 0.59, "Torso_BreastMass": 1.02, "Torso_BreastTone": 0.94, "Neck_Length": 0.56, "Arms_ForearmMass": 1.0, "Wrists_Size": 0.5, "Cheeks_Mass": 1.0, "Legs_LowerlegsTone": -0.5, "Pelvis_GluteusMass": 1.09, "Legs_UpperlegSize": 0.65}, "metaproperties": {"character_age": 0.0, "last_character_mass": 0.5, "last_character_tone": -1.0, "character_tone": -1.0, "character_mass": 0.5, "last_character_age": 0.0}}