{"manuellab_vers": [1, 5, 0], "materialproperties": {}, "proportions": {"feet_height_Z": 0.0383, "feet_length": 0.1337, "buttock_depth_Y": 0.2517, "lowerleg_length": 0.2333, "torso_height_Z": 0.2402, "chest_depth_Y": 0.2439, "buttock_height_Z": 0.2018, "upperleg_length": 0.1755, "chest_girth": 0.8699, "neck_height_Z": 0.0047, "upperleg_top_girth": 0.5308, "forearm_length": 0.144, "waist_girth": 0.8519, "body_height_Z": 1.0, "buttock_girth": 0.9676, "shoulders_width": 0.1723, "hands_width": 0.0474, "lowerleg_calf_girth": 0.2805, "neck_girth": 0.287, "head_height_Z": 0.1306, "head_width_X": 0.0837, "head_length": 0.1187, "feet_heel_width": 0.0409, "feet_width": 0.0529, "buttock_width_X": 0.3174, "elbow_girth": 0.1824, "upperarm_axillary_girth": 0.2888, "upperarm_length": 0.1917, "upperleg_bottom_girth": 0.3206, "lowerleg_bottom_girth": 0.1565, "wrist_girth": 0.0854, "hands_length": 0.0995, "chest_width_X": 0.2225}, "structural": {"Torso_Mass": 1.65, "Neck_Tone": 0.0, "Waist_Size": 0.695, "Stomach_LocalFat": 0.52, "Shoulders_Tone": 0.0, "Arms_UpperarmMass": 1.5, "Hands_Mass": 2.0, "Feet_Size": 0.29, "Neck_Mass": 1.83, "Stomach_Volume": 0.52, "Feet_Mass": 1.74, "Torso_Vshape": 0.26, "Head_Size": 0.47, "Shoulders_Mass": 1.5, "Legs_UpperlegsMass": 1.5, "Legs_LowerlegsMass": 1.5, "Legs_KneeSize": 0.7, "Arms_UpperarmTone": 0.0, "Neck_Length": 0.38, "Pelvis_GluteusTone": 0.0, "Pelvis_SizeX": 0.86, "Torso_Tone": -0.27, "Arms_ForearmTone": 0.0, "Cheeks_Tone": 0.0, "Legs_UpperlegsTone": 0.0, "Shoulders_PosZ": 0.77, "Torso_BreastMass": 1.0, "Torso_BreastTone": 0.6, "Hands_Size": 0.32, "Wrists_Size": 0.575, "Arms_ForearmMass": 1.5, "Pelvis_SizeY": 0.8, "Cheeks_Mass": 1.5, "Hands_FingersLength": 0.11, "Legs_LowerlegsTone": 0.0, "Pelvis_GluteusMass": 1.71}, "metaproperties": {"character_age": 0.0, "last_character_mass": 1.0, "last_character_tone": -0.5, "character_tone": -0.5, "character_mass": 1.0, "last_character_age": 0.0}}