{"manuellab_vers": [1, 5, 0], "materialproperties": {}, "proportions": {"feet_height_Z": 0.0421, "feet_length": 0.1395, "buttock_depth_Y": 0.135, "lowerleg_length": 0.2578, "torso_height_Z": 0.207, "chest_depth_Y": 0.1087, "buttock_height_Z": 0.1575, "upperleg_length": 0.1884, "chest_girth": 0.4557, "neck_height_Z": 0.0261, "upperleg_top_girth": 0.288, "forearm_length": 0.1343, "waist_girth": 0.3636, "body_height_Z": 1.0, "buttock_girth": 0.5713, "shoulders_width": 0.1671, "hands_width": 0.0453, "lowerleg_calf_girth": 0.2144, "neck_girth": 0.163, "head_height_Z": 0.1336, "head_width_X": 0.0873, "head_length": 0.1238, "feet_heel_width": 0.0409, "feet_width": 0.0536, "buttock_width_X": 0.1997, "elbow_girth": 0.14, "upperarm_axillary_girth": 0.1796, "upperarm_length": 0.1854, "upperleg_bottom_girth": 0.1989, "lowerleg_bottom_girth": 0.1135, "wrist_girth": 0.0821, "hands_length": 0.1036, "chest_width_X": 0.1414}, "structural": {"Torso_Mass": -0.2, "Neck_Tone": 0.47, "Waist_Size": 0.49, "Stomach_LocalFat": 0.45, "Arms_UpperarmMass": -0.35, "Hands_Mass": 0.0, "Legs_UpperlegLength": 0.05, "Feet_Size": 0.29, "Neck_Mass": -0.26, "Stomach_Volume": 0.48, "Feet_Mass": -0.26, "Torso_Vshape": 0.26, "Arms_UpperarmLength": 0.44, "Shoulders_Mass": -0.5, "Legs_UpperlegsMass": -0.38, "Legs_LowerlegsMass": -0.2, "Arms_UpperarmTone": 0.44, "Neck_Length": 0.08, "Pelvis_SizeX": 0.86, "Torso_Tone": 0.44, "Arms_ForearmTone": 0.59, "Shoulders_PosZ": 0.35, "Legs_UpperlegsTone": 0.53, "Cheeks_Mass": -0.5, "Torso_BreastMass": 0.0, "Head_Size": 0.47, "Hands_Size": 0.32, "Wrists_Size": 0.45, "Arms_ForearmMass": -0.38, "Pelvis_SizeY": 0.8, "Arms_ForearmLength": 0.2, "Hands_FingersLength": 0.11, "Legs_LowerlegsTone": 0.74, "Pelvis_GluteusMass": -0.29}, "metaproperties": {"character_age": 0.0, "last_character_mass": -1.0, "last_character_tone": 0.0, "character_tone": 0.0, "character_mass": -1.0, "last_character_age": 0.0}}