{"manuellab_vers": [1, 5, 0], "materialproperties": {}, "proportions": {"feet_height_Z": 0.0433, "feet_length": 0.1438, "buttock_depth_Y": 0.1268, "lowerleg_length": 0.2476, "torso_height_Z": 0.2094, "chest_depth_Y": 0.1279, "buttock_height_Z": 0.1607, "upperleg_length": 0.1841, "chest_girth": 0.5492, "neck_height_Z": 0.0368, "upperleg_top_girth": 0.3249, "forearm_length": 0.1483, "waist_girth": 0.4482, "body_height_Z": 1.0, "buttock_girth": 0.5589, "shoulders_width": 0.1803, "hands_width": 0.048, "lowerleg_calf_girth": 0.2122, "neck_girth": 0.1795, "head_height_Z": 0.1304, "head_width_X": 0.0853, "head_length": 0.1209, "feet_heel_width": 0.0416, "feet_width": 0.0552, "buttock_width_X": 0.2039, "elbow_girth": 0.1388, "upperarm_axillary_girth": 0.1957, "upperarm_length": 0.1852, "upperleg_bottom_girth": 0.2091, "lowerleg_bottom_girth": 0.114, "wrist_girth": 0.0877, "hands_length": 0.1114, "chest_width_X": 0.1577}, "structural": {"Waist_Size": 0.86, "Torso_Length": 0.68, "Torso_Vshape": 0.29, "Shoulders_Length": 0.65, "Shoulders_Mass": 0.56, "Legs_UpperlegLength": 0.08, "Wrists_Size": 0.5, "Stomach_Volume": 0.56, "Torso_SizeX": 0.83, "Pelvis_SizeX": 0.32}, "metaproperties": {"character_age": 0.0, "last_character_mass": 0.0, "last_character_tone": 0.0, "character_tone": 0.0, "character_mass": 0.0, "last_character_age": 0.0}}