{"manuellab_vers": [1, 5, 0], "materialproperties": {}, "proportions": {"feet_height_Z": 0.0409, "feet_length": 0.1414, "buttock_depth_Y": 0.1193, "lowerleg_length": 0.2272, "torso_height_Z": 0.2094, "chest_depth_Y": 0.1893, "buttock_height_Z": 0.1772, "upperleg_length": 0.2018, "chest_girth": 0.7058, "neck_height_Z": 0.0271, "upperleg_top_girth": 0.4282, "forearm_length": 0.1496, "waist_girth": 0.4228, "body_height_Z": 1.0, "buttock_girth": 0.6271, "shoulders_width": 0.1767, "hands_width": 0.0473, "lowerleg_calf_girth": 0.2619, "neck_girth": 0.2402, "head_height_Z": 0.1285, "head_width_X": 0.0802, "head_length": 0.1137, "feet_heel_width": 0.0421, "feet_width": 0.0557, "buttock_width_X": 0.2209, "elbow_girth": 0.1598, "upperarm_axillary_girth": 0.2564, "upperarm_length": 0.1876, "upperleg_bottom_girth": 0.3073, "lowerleg_bottom_girth": 0.1488, "wrist_girth": 0.0871, "hands_length": 0.1147, "chest_width_X": 0.1719}, "structural": {"Torso_BreastMass": 1.0, "Waist_Size": 0.49, "Stomach_LocalFat": 0.52, "Arms_UpperarmMass": 1.38, "Torso_Length": 0.71, "Legs_UpperlegLength": 0.65, "Stomach_Volume": 0.52, "Legs_LowerlegLength": 0.54, "Torso_SizeY": 0.29, "Arms_UpperarmLength": 0.59, "Chin_Tone": 0.29, "Shoulders_Mass": 1.08, "Legs_LowerlegsMass": 1.17, "Arms_UpperarmTone": 0.35, "Neck_Angle": 0.29, "Torso_Tone": 0.68, "Cheeks_Mass": 1.5, "Arms_ForearmLength": 0.65, "Hands_FingersInterDist": 0.38, "Wrists_Size": 0.6, "Torso_ToracicCurve": 1.0, "Legs_LowerlegsTone": 0.32, "Legs_UpperlegInCurve": 0.74, "Legs_UpperlegSize": 0.44, "Torso_Mass": 1.53, "Neck_Tone": 0.35, "Shoulders_Tone": 0.24, "Hands_Mass": 1.14, "Feet_Size": 0.62, "Neck_Mass": 1.23, "Feet_Mass": 1.23, "Legs_UpperlegsMass": 1.23, "Forehead_SizeZ": 0.62, "Legs_KneeSize": 0.7, "Shoulders_PosZ": 0.14, "Legs_UpperlegsTone": 0.23, "Neck_Size": 0.35, "Neck_Length": 0.56, "Arms_UpperarmSize": 0.17, "Arms_ForearmMass": 1.5, "Pelvis_SizeY": 0.02, "Hands_FingersLength": 1.0, "Pelvis_GluteusMass": 1.5, "Arms_ForearmSize": 0.2}, "metaproperties": {"character_age": 0.0, "last_character_mass": 1.0, "last_character_tone": 0.0, "character_tone": 0.0, "character_mass": 1.0, "last_character_age": 0.0}}