{"manuellab_vers": [1, 5, 0], "materialproperties": {}, "proportions": {"feet_height_Z": 0.0418, "feet_length": 0.1442, "buttock_depth_Y": 0.1393, "lowerleg_length": 0.2317, "torso_height_Z": 0.2133, "chest_depth_Y": 0.1986, "buttock_height_Z": 0.1759, "upperleg_length": 0.2052, "chest_girth": 0.7307, "neck_height_Z": 0.0212, "upperleg_top_girth": 0.441, "forearm_length": 0.1528, "waist_girth": 0.5151, "body_height_Z": 1.0, "buttock_girth": 0.671, "shoulders_width": 0.1658, "hands_width": 0.0482, "lowerleg_calf_girth": 0.2671, "neck_girth": 0.2304, "head_height_Z": 0.1241, "head_width_X": 0.0776, "head_length": 0.1101, "feet_heel_width": 0.0429, "feet_width": 0.0568, "buttock_width_X": 0.2354, "elbow_girth": 0.1737, "upperarm_axillary_girth": 0.268, "upperarm_length": 0.1909, "upperleg_bottom_girth": 0.3134, "lowerleg_bottom_girth": 0.1517, "wrist_girth": 0.0896, "hands_length": 0.1169, "chest_width_X": 0.1766}, "structural": {"Torso_Mass": 1.62, "Torso_Vshape": 0.26, "Waist_Size": 0.7, "Stomach_LocalFat": 0.52, "Shoulders_Tone": 0.24, "Arms_UpperarmMass": 1.38, "Hands_Mass": 1.14, "Legs_UpperlegLength": 0.65, "Feet_Size": 0.62, "Neck_Mass": 1.5, "Stomach_Volume": 0.61, "Feet_Mass": 1.23, "Legs_LowerlegLength": 0.54, "Torso_SizeY": 0.29, "Arms_UpperarmLength": 0.59, "Chin_Tone": 0.29, "Shoulders_Mass": 1.08, "Legs_UpperlegsMass": 1.23, "Legs_LowerlegsMass": 1.17, "Legs_KneeSize": 0.7, "Arms_UpperarmTone": 0.35, "Arms_ForearmLength": 0.65, "Torso_Tone": 0.62, "Forehead_SizeZ": 0.62, "Shoulders_PosZ": 0.41, "Legs_UpperlegsTone": 0.23, "Cheeks_Mass": 1.5, "Torso_BreastMass": 1.0, "Head_Size": 0.29, "Arms_UpperarmSize": 0.47, "Hands_FingersInterDist": 0.38, "Arms_ForearmMass": 1.5, "Pelvis_SizeY": 0.02, "Legs_UpperlegInCurve": 0.74, "Wrists_Size": 0.6, "Hands_FingersLength": 1.0, "Legs_LowerlegsTone": 0.32, "Pelvis_GluteusMass": 1.5, "Arms_ForearmSize": 0.44, "Torso_ToracicCurve": 1.0, "Legs_UpperlegSize": 0.44}, "metaproperties": {"character_age": 0.0, "last_character_mass": 1.0, "last_character_tone": 0.0, "character_tone": 0.0, "character_mass": 1.0, "last_character_age": 0.0}}