{"manuellab_vers": [1, 5, 0], "materialproperties": {}, "proportions": {"feet_height_Z": 0.0417, "feet_length": 0.141, "buttock_depth_Y": 0.1725, "lowerleg_length": 0.2329, "torso_height_Z": 0.2051, "chest_depth_Y": 0.1977, "buttock_height_Z": 0.1734, "upperleg_length": 0.1934, "chest_girth": 0.7233, "neck_height_Z": 0.0365, "upperleg_top_girth": 0.3968, "forearm_length": 0.1486, "waist_girth": 0.6403, "body_height_Z": 1.0, "buttock_girth": 0.7329, "shoulders_width": 0.1639, "hands_width": 0.0453, "lowerleg_calf_girth": 0.2225, "neck_girth": 0.2064, "head_height_Z": 0.1316, "head_width_X": 0.0827, "head_length": 0.1173, "feet_heel_width": 0.0411, "feet_width": 0.0547, "buttock_width_X": 0.257, "elbow_girth": 0.1524, "upperarm_axillary_girth": 0.209, "upperarm_length": 0.1824, "upperleg_bottom_girth": 0.2542, "lowerleg_bottom_girth": 0.1263, "wrist_girth": 0.0844, "hands_length": 0.1142, "chest_width_X": 0.1861}, "structural": {"Torso_BreastMass": 0.75, "Waist_Size": 0.6, "Stomach_LocalFat": 0.51, "Arms_UpperarmMass": 0.88, "Torso_Length": 0.71, "Legs_UpperlegLength": 0.65, "Stomach_Volume": 0.6, "Torso_Vshape": 0.38, "Torso_SizeY": 0.29, "Arms_UpperarmLength": 0.59, "Chin_Tone": 0.29, "Shoulders_Mass": 0.58, "Legs_LowerlegsMass": 0.67, "Arms_UpperarmTone": 0.35, "Neck_Angle": 0.29, "Torso_Tone": 0.38, "Cheeks_Mass": 1.0, "Arms_ForearmLength": 0.65, "Head_Size": 0.59, "Hands_FingersInterDist": 0.38, "Wrists_Size": 0.55, "Torso_ToracicCurve": 1.0, "Legs_LowerlegsTone": 0.32, "Legs_UpperlegInCurve": 0.74, "Legs_UpperlegSize": 0.44, "Torso_Mass": 0.94, "Neck_Tone": 0.35, "Shoulders_Tone": 0.24, "Hands_Mass": 0.64, "Feet_Size": 0.62, "Neck_Mass": 0.73, "Feet_Mass": 0.73, "Legs_LowerlegLength": 0.54, "Legs_UpperlegsMass": 0.73, "Forehead_SizeZ": 0.62, "Legs_KneeSize": 0.6, "Shoulders_PosZ": 0.14, "Legs_UpperlegsTone": 0.23, "Neck_Size": 0.35, "Neck_Length": 0.56, "Arms_UpperarmSize": 0.17, "Arms_ForearmMass": 1.0, "Pelvis_SizeY": 0.02, "Hands_FingersLength": 1.0, "Pelvis_GluteusMass": 1.0, "Arms_ForearmSize": 0.2}, "metaproperties": {"character_age": 0.0, "last_character_mass": 0.5, "last_character_tone": 0.0, "character_tone": 0.0, "character_mass": 0.5, "last_character_age": 0.0}}