{"manuellab_vers": [1, 5, 0], "materialproperties": {}, "proportions": {"feet_height_Z": 0.0416, "feet_length": 0.1414, "buttock_depth_Y": 0.1923, "lowerleg_length": 0.2363, "torso_height_Z": 0.2184, "chest_depth_Y": 0.2156, "buttock_height_Z": 0.1806, "upperleg_length": 0.186, "chest_girth": 0.7862, "neck_height_Z": 0.0227, "upperleg_top_girth": 0.4673, "forearm_length": 0.1481, "waist_girth": 0.6368, "body_height_Z": 1.0, "buttock_girth": 0.8192, "shoulders_width": 0.1874, "hands_width": 0.0499, "lowerleg_calf_girth": 0.2633, "neck_girth": 0.2449, "head_height_Z": 0.1296, "head_width_X": 0.0839, "head_length": 0.1189, "feet_heel_width": 0.0423, "feet_width": 0.0558, "buttock_width_X": 0.2919, "elbow_girth": 0.1811, "upperarm_axillary_girth": 0.2714, "upperarm_length": 0.189, "upperleg_bottom_girth": 0.2898, "lowerleg_bottom_girth": 0.1384, "wrist_girth": 0.0921, "hands_length": 0.1098, "chest_width_X": 0.1926}, "structural": {"Torso_Mass": 1.62, "Waist_Size": 0.2, "Stomach_LocalFat": 0.76, "Arms_UpperarmMass": 1.5, "Hands_Mass": 1.5, "Feet_Mass": 1.5, "Neck_Mass": 1.5, "Arms_ForearmMass": 1.5, "Torso_BreastMass": 1.18, "Pelvis_SizeX": 0.59, "Shoulders_Mass": 1.5, "Legs_UpperlegsMass": 1.5, "Legs_LowerlegsMass": 1.5, "Legs_KneeSize": 0.7, "Cheeks_Mass": 1.5, "Shoulders_Length": 0.8, "Wrists_Size": 0.6, "Stomach_Volume": 0.52, "Pelvis_GluteusSize": 0.74, "Pelvis_GluteusMass": 1.5}, "metaproperties": {"character_age": 0.0, "last_character_mass": 1.0, "last_character_tone": 0.0, "character_tone": 0.0, "character_mass": 1.0, "last_character_age": 0.0}}