{"manuellab_vers": [1, 5, 0], "materialproperties": {}, "proportions": {"feet_height_Z": 0.0406, "feet_length": 0.138, "buttock_depth_Y": 0.2201, "lowerleg_length": 0.246, "torso_height_Z": 0.2307, "chest_depth_Y": 0.2324, "buttock_height_Z": 0.1843, "upperleg_length": 0.1685, "chest_girth": 0.8348, "neck_height_Z": 0.0166, "upperleg_top_girth": 0.4845, "forearm_length": 0.1634, "waist_girth": 0.7157, "body_height_Z": 1.0, "buttock_girth": 0.8638, "shoulders_width": 0.184, "hands_width": 0.0489, "lowerleg_calf_girth": 0.2737, "neck_girth": 0.2573, "head_height_Z": 0.1336, "head_width_X": 0.0864, "head_length": 0.1225, "feet_heel_width": 0.0419, "feet_width": 0.0546, "buttock_width_X": 0.2937, "elbow_girth": 0.1879, "upperarm_axillary_girth": 0.2815, "upperarm_length": 0.1995, "upperleg_bottom_girth": 0.3145, "lowerleg_bottom_girth": 0.1394, "wrist_girth": 0.0902, "hands_length": 0.1027, "chest_width_X": 0.2064}, "structural": {"Torso_Mass": 1.59, "Neck_Tone": 0.47, "Waist_Size": 0.7, "Stomach_LocalFat": 0.52, "Arms_UpperarmMass": 1.5, "Hands_Mass": 2.0, "Legs_UpperlegLength": 0.05, "Feet_Size": 0.29, "Neck_Mass": 1.62, "Stomach_Volume": 0.52, "Feet_Mass": 1.74, "Torso_Vshape": 0.41, "Arms_UpperarmLength": 0.59, "Shoulders_Mass": 1.5, "Legs_UpperlegsMass": 1.23, "Legs_LowerlegsMass": 1.53, "Legs_KneeSize": 0.7, "Neck_Length": 0.35, "Pelvis_SizeX": 0.86, "Torso_Tone": 0.41, "Cheeks_Mass": 1.5, "Legs_UpperlegsTone": 0.35, "Torso_BreastMass": 1.0, "Head_Size": 0.47, "Hands_Size": 0.32, "Wrists_Size": 0.6, "Arms_ForearmMass": 1.5, "Pelvis_SizeY": 0.8, "Hands_FingersLength": 0.11, "Arms_ForearmLength": 0.65, "Pelvis_GluteusMass": 1.35}, "metaproperties": {"character_age": 0.0, "last_character_mass": 1.0, "last_character_tone": 0.0, "character_tone": 0.0, "character_mass": 1.0, "last_character_age": 0.0}}