{"structural": {"Neck_TrapeziousSize": 0.8, "Legs_LowerlegLength": 0.35, "Forehead_Angle": 0.35, "Nose_SizeY": 0.53, "Eyes_TypeAlmond": 0.8, "Head_CraniumDolichocephalic": 0.83, "Chin_Cleft": 0.77, "Nose_PosY": 0.59, "Eyes_Size": 0.56, "Nose_TipAngle": 0.29, "Nose_GlabellaSizeX": 0.71, "Nose_Curve": 0.71, "Mouth_LowerlipSizeZ": 0.26, "Legs_UpperlegLength": 0.32, "Eyes_PosX": 0.41, "Nose_NostrilSizeX": 0.56, "Nose_TipPosZ": 0.41, "Arms_ForearmLength": 0.38, "Eyes_SizeZ": 0.59, "Jaw_Prominence": 0.59, "Body_Size": 0.45, "Arms_UpperarmLength": 0.35, "Mouth_UpperlipSizeZ": 0.26, "Nose_GlabellaSizeY": 0.55}}