{"structural": {"Nose_Curve": 0.44, "Mouth_SizeX": 0.62, "Nose_TipPosZ": 0.38, "Torso_Length": 0.62, "Nose_TipAngle": 0.44, "Mouth_PosZ": 0.41, "Eyes_InnerPosX": 0.5, "Face_Triangle": 0.53, "Feet_Size": 0.29, "Nose_BaseSizeX": 0.29, "Nose_SizeY": 0.53, "Legs_LowerlegLength": 0.35, "Eyes_OuterPosZ": 0.58, "Eyelids_Crease": 0.02, "Jaw_Prominence": 0.26, "Nose_WingBump": 0.62, "Forehead_Angle": 0.23, "Mouth_LowerlipSizeZ": 0.35, "Nose_SeptumFlat": 0.47, "Head_Size": 0.59, "Nose_BasePosZ": 0.38, "Nose_GlabellaSizeY": 0.5, "Nose_PosY": 0.62, "Nose_BaseShape": 0.5, "Forehead_SizeZ": 0.56, "Eyes_PosX": 0.38, "Chin_SizeZ": 0.47, "Arms_UpperarmLength": 0.65, "Eyes_OuterPosX": 0.56, "Body_Size": 0.45, "Nose_NostrilCrease": 0.68, "Jaw_Angle": 0.74, "Nose_NostrilSizeY": 0.62, "Mouth_LowerlipVolume": 0.44, "Nose_NostrilSizeX": 0.55, "Head_CraniumDolichocephalic": 0.95, "Nose_NostrilDiam": 0.35, "Eyes_SizeZ": 0.29, "Nose_NostrilSizeZ": 0.53}}