{"structural": {"Head_Size": 0.86, "Shoulders_Mass": 0.77, "Eyebrows_PosZ": 0.0, "Legs_LowerlegSize": 0.62, "Pelvis_Size": 0.65, "Torso_Length": 0.6, "Arms_UpperarmMass": 0.83, "Pelvis_Length": 0.56, "Legs_UpperlegsMass": 0.74, "Arms_ForearmMass": 0.92, "Jaw_Prominence": 0.77, "Eyes_PosX": 0.0, "Legs_LowerlegLength": 0.37, "Feet_Size": 1.0, "Head_SizeX": 0.17, "Torso_SizeX": 0.89, "Eyes_SizeZ": 0.0, "Legs_UpperlegLength": 0.47, "Torso_Vshape": 0.8, "Neck_Size": 1.0, "Chin_SizeZ": 1.0, "Legs_UpperlegSize": 0.05, "Legs_LowerlegsMass": 0.71}}