{"structural": {"Mouth_SizeX": 0.65, "Shoulders_PosX": 0.95, "Eyelashes_Length": 0.65, "Legs_LowerlegLength": 1.0, "Legs_LowerlegSize": 0.62, "Eyes_OuterPosZ": 0.68, "Torso_Length": 0.0, "Torso_BreastTone": 0.92, "Arms_UpperarmMass": 0.62, "Torso_Dorsi": 1.0, "Feet_Size": 1.0, "Torso_BreastMass": 0.53, "Pelvis_Length": 0.56, "Torso_Vshape": 0.8, "Torso_SizeX": 0.0, "Eyes_SizeZ": 0.17, "Legs_UpperlegLength": 0.29, "Eyelids_OuterPosZ": 0.86, "Hands_FingersLength": 0.56, "Hands_Size": 0.71, "Eyelids_Angle": 0.53, "Legs_UpperlegSize": 0.05, "Hands_PalmLength": 0.68, "Mouth_LowerlipSizeZ": 1.0}}