{"structural": {"Chin_SizeX": 0.68, "Eyelids_OuterPosZ": 0.23, "Face_Parallelepiped": 0.71, "Torso_Length": 0.35, "Forehead_Angle": 0.56, "Neck_Back": 0.77, "Head_CraniumDolichocephalic": 0.29, "Chin_SizeZ": 0.59, "Neck_TrapeziousSize": 0.62, "Nose_SizeY": 0.35, "Torso_SizeX": 0.56, "Neck_Length": 0.42, "Hands_Size": 0.59, "Nose_TipSize": 0.71, "Eyes_TypeHooded": 0.74, "Arms_ForearmLength": 0.35, "Eyes_PosX": 0.53, "Jaw_ScaleX": 0.71, "Eyebrows_Angle": 0.26, "Chin_Prominence": 0.65, "Body_Size": 0.48, "Eyes_PosZ": 0.41}}