{"structural": {"Nose_BaseSizeX": 0.32, "Eyebrows_PosZ": 0.35, "Forehead_Angle": 0.65, "Nose_Curve": 0.59, "Chin_SizeZ": 0.62, "Forehead_Temple": 0.32, "Neck_TrapeziousSize": 0.77, "Eyes_Size": 0.59, "Pelvis_SizeY": 0.45, "Face_Ellipsoid": 0.68, "Body_Size": 0.42, "Mouth_LowerlipSizeZ": 0.23, "Nose_WingBackFlat": 0.71, "Legs_UpperlegLength": 0.56, "Nose_TipSize": 0.38, "Mouth_SizeX": 0.38, "Mouth_PosZ": 0.62, "Eyes_TypeHooded": 0.0, "Nose_NostrilSizeX": 0.29, "Head_SizeZ": 0.56, "Nose_SeptumFlat": 0.83, "Neck_Length": 0.4, "Eyes_PosX": 0.44, "Nose_WingAngle": 0.41, "Legs_LowerlegLength": 0.62, "Jaw_ScaleX": 0.62, "Eyebrows_Angle": 0.35, "Chin_Prominence": 0.71, "Head_CraniumDolichocephalic": 0.98, "Mouth_UpperlipSizeZ": 0.32}}