{"manuellab_vers": [1, 4, 0], "metaproperties": {"character_tone": 0.0, "character_age": 0.0, "character_mass": 0.5, "last_character_age": 0.0, "last_character_mass": 0.5, "last_character_tone": 0.0}, "materialproperties": {}, "proportions": {"lowerleg_calf_girth": 0.2614, "chest_width_X": 0.1827, "upperarm_length": 0.1994, "head_width_X": 0.0845, "feet_height_Z": 0.0408, "feet_width": 0.0546, "upperleg_bottom_girth": 0.2628, "buttock_height_Z": 0.1495, "forearm_length": 0.163, "buttock_girth": 0.7782, "upperleg_top_girth": 0.401, "body_height_Z": 1.0, "lowerleg_bottom_girth": 0.1426, "upperleg_length": 0.1748, "shoulders_width": 0.1774, "feet_heel_width": 0.0419, "buttock_width_X": 0.2717, "head_length": 0.1188, "wrist_girth": 0.0884, "upperarm_axillary_girth": 0.2891, "chest_girth": 0.7904, "neck_height_Z": 0.0186, "head_height_Z": 0.1357, "hands_width": 0.0489, "chest_depth_Y": 0.2087, "feet_length": 0.1381, "elbow_girth": 0.1883, "lowerleg_length": 0.2483, "hands_length": 0.1027, "waist_girth": 0.6732, "torso_height_Z": 0.248, "neck_girth": 0.2388, "buttock_depth_Y": 0.1912}, "structural": {"Head_Size": 0.47, "Torso_Tone": 0.41, "Pelvis_SizeX": 0.86, "Torso_Vshape": 0.41, "Neck_Length": 0.35, "Wrists_Size": 0.55, "Arms_UpperarmMass": 1.0, "Pelvis_GluteusMass": 0.85, "Legs_KneeSize": 0.6, "Shoulders_Mass": 1.0, "Hands_Size": 0.32, "Hands_FingersLength": 0.11, "Legs_UpperlegsTone": 0.35, "Neck_Tone": 0.47, "Legs_LowerlegsMass": 1.03, "Stomach_LocalFat": 0.51, "Arms_ForearmLength": 0.65, "Torso_Mass": 1.09, "Torso_BreastMass": 0.75, "Feet_Mass": 1.24, "Neck_Mass": 1.12, "Legs_UpperlegsMass": 0.73, "Cheeks_Mass": 1.0, "Hands_Mass": 1.5, "Pelvis_SizeY": 0.8, "Arms_ForearmMass": 1.0, "Feet_Size": 0.29, "Arms_UpperarmLength": 0.59, "Legs_UpperlegLength": 0.05, "Waist_Size": 0.6, "Stomach_Volume": 0.51}}