{"manuellab_vers": [1, 4, 0], "metaproperties": {"character_tone": 0.0, "character_age": 0.0, "character_mass": 1.0, "last_character_age": 0.0, "last_character_mass": 1.0, "last_character_tone": 0.0}, "materialproperties": {}, "proportions": {"lowerleg_calf_girth": 0.252, "chest_width_X": 0.185, "upperarm_length": 0.1861, "head_width_X": 0.082, "feet_height_Z": 0.0418, "feet_width": 0.0558, "upperleg_bottom_girth": 0.288, "buttock_height_Z": 0.1544, "forearm_length": 0.1476, "buttock_girth": 0.6883, "upperleg_top_girth": 0.422, "body_height_Z": 1.0, "lowerleg_bottom_girth": 0.1415, "upperleg_length": 0.1886, "shoulders_width": 0.1894, "feet_heel_width": 0.0423, "buttock_width_X": 0.2278, "head_length": 0.1154, "wrist_girth": 0.0921, "upperarm_axillary_girth": 0.275, "chest_girth": 0.7949, "neck_height_Z": 0.0138, "head_height_Z": 0.1314, "hands_width": 0.0499, "chest_depth_Y": 0.2024, "feet_length": 0.1414, "elbow_girth": 0.1814, "lowerleg_length": 0.2362, "hands_length": 0.1098, "waist_girth": 0.5943, "torso_height_Z": 0.2454, "neck_girth": 0.2285, "buttock_depth_Y": 0.1712}, "structural": {"Shoulders_PosZ": 0.89, "Legs_KneeSize": 0.7, "Pelvis_SizeX": 0.11, "Torso_Vshape": 0.89, "Torso_Mass": 1.5, "Torso_Dorsi": 0.71, "Feet_Mass": 1.5, "Wrists_Size": 0.6, "Arms_UpperarmMass": 1.65, "Cheeks_Mass": 1.5, "Hands_Mass": 1.5, "Torso_BreastMass": 1.0, "Pelvis_GluteusMass": 1.5, "Stomach_Volume": 0.52, "Neck_Mass": 1.5, "Arms_ForearmMass": 1.5, "Shoulders_Mass": 1.53, "Legs_UpperlegsMass": 1.23, "Waist_Size": 0.7, "Legs_LowerlegsMass": 1.5, "Stomach_LocalFat": 0.52}}