{"manuellab_vers": [1, 4, 0], "metaproperties": {"character_tone": -1.0, "character_age": 0.0, "character_mass": 0.0, "last_character_age": 0.0, "last_character_mass": 0.0, "last_character_tone": -1.0}, "materialproperties": {}, "proportions": {"lowerleg_calf_girth": 0.17, "chest_width_X": 0.1408, "upperarm_length": 0.1747, "head_width_X": 0.0793, "feet_height_Z": 0.0412, "feet_width": 0.0525, "upperleg_bottom_girth": 0.1848, "buttock_height_Z": 0.1328, "forearm_length": 0.1403, "buttock_girth": 0.4963, "upperleg_top_girth": 0.2511, "body_height_Z": 1.0, "lowerleg_bottom_girth": 0.1144, "upperleg_length": 0.2061, "shoulders_width": 0.1593, "feet_heel_width": 0.0396, "buttock_width_X": 0.187, "head_length": 0.1115, "wrist_girth": 0.0811, "upperarm_axillary_girth": 0.1677, "chest_girth": 0.473, "neck_height_Z": 0.0405, "head_height_Z": 0.1247, "hands_width": 0.0451, "chest_depth_Y": 0.1142, "feet_length": 0.1368, "elbow_girth": 0.1337, "lowerleg_length": 0.2496, "hands_length": 0.1059, "waist_girth": 0.3237, "torso_height_Z": 0.2149, "neck_girth": 0.1455, "buttock_depth_Y": 0.1082}, "structural": {"Torso_Tone": -0.44, "Legs_LowerlegSize": 0.38, "Arms_ForearmTone": -0.44, "Neck_Length": 0.68, "Wrists_Size": 0.4455, "Arms_UpperarmMass": 0.29, "Pelvis_GluteusMass": 0.29, "Legs_LowerlegLength": 0.59, "Legs_KneeSize": 0.302, "Shoulders_Tone": -0.44, "Shoulders_Mass": 0.29, "Legs_UpperlegsTone": -0.44, "Arms_UpperarmTone": -0.44, "Arms_ForearmSize": 0.38, "Neck_Tone": -0.44, "Neck_Collarbone": 0.59, "Stomach_LocalFat": 0.4895, "Legs_LowerlegsTone": -0.44, "Torso_BreastTone": 0.712, "Legs_LowerlegsMass": 0.29, "Torso_Mass": 0.29, "Torso_BreastMass": 0.395, "Feet_Mass": 0.29, "Neck_Mass": 0.29, "Pelvis_GluteusTone": -0.44, "Legs_UpperlegsMass": 0.29, "Cheeks_Mass": 0.23, "Hands_Mass": 0.29, "Legs_UpperlegSize": 0.32, "Arms_UpperarmSize": 0.44, "Arms_ForearmMass": 0.29, "Cheeks_Tone": -0.5, "Torso_Vshape": 0.35, "Legs_UpperlegLength": 0.59, "Waist_Size": 0.3799, "Stomach_Volume": 0.4958}}