{"manuellab_vers": [1, 4, 0], "metaproperties": {"character_tone": -1.0, "character_age": 0.0, "character_mass": 0.5, "last_character_age": 0.0, "last_character_mass": 0.5, "last_character_tone": -1.0}, "materialproperties": {}, "proportions": {"lowerleg_calf_girth": 0.2726, "chest_width_X": 0.1915, "upperarm_length": 0.1952, "head_width_X": 0.0865, "feet_height_Z": 0.0414, "feet_width": 0.0568, "upperleg_bottom_girth": 0.321, "buttock_height_Z": 0.1697, "forearm_length": 0.1454, "buttock_girth": 0.9242, "upperleg_top_girth": 0.4882, "body_height_Z": 1.0, "lowerleg_bottom_girth": 0.1657, "upperleg_length": 0.1639, "shoulders_width": 0.1715, "feet_heel_width": 0.0434, "buttock_width_X": 0.3131, "head_length": 0.1217, "wrist_girth": 0.0891, "upperarm_axillary_girth": 0.3055, "chest_girth": 0.7889, "neck_height_Z": 0.0127, "head_height_Z": 0.1418, "hands_width": 0.0508, "chest_depth_Y": 0.2079, "feet_length": 0.144, "elbow_girth": 0.185, "lowerleg_length": 0.2241, "hands_length": 0.1117, "waist_girth": 0.8266, "torso_height_Z": 0.2622, "neck_girth": 0.2669, "buttock_depth_Y": 0.2276}, "structural": {"Torso_Tone": -0.5, "Arms_UpperarmMass": 1.0, "Arms_ForearmTone": -0.5, "Wrists_Size": 0.5, "Pelvis_GluteusMass": 1.0, "Legs_LowerlegLength": 0.39, "Legs_KneeSize": 0.6, "Shoulders_Tone": -0.5, "Legs_LowerlegsTone": -0.5, "Legs_UpperlegsTone": -0.5, "Arms_UpperarmTone": -0.5, "Neck_Tone": -0.5, "Legs_LowerlegsMass": 1.0, "Stomach_LocalFat": 0.51, "Torso_BreastTone": 0.7, "Torso_Mass": 1.0, "Torso_BreastMass": 0.75, "Feet_Mass": 1.0, "Neck_Mass": 1.0, "Pelvis_GluteusTone": -0.5, "Legs_UpperlegsMass": 1.0, "Cheeks_Mass": 1.0, "Hands_Mass": 1.0, "Stomach_Volume": 0.51, "Arms_ForearmMass": 1.0, "Cheeks_Tone": -0.5, "Torso_Vshape": 0.32, "Head_Size": 0.59, "Legs_UpperlegLength": 0.32, "Waist_Size": 0.59, "Shoulders_Mass": 1.0}}