{"metaproperties": {"character_tone": 0.3, "character_age": 0.0, "character_mass": -0.06, "last_character_age": 0.0, "last_character_mass": -0.06, "last_character_tone": 0.3}, "materialproperties": {}, "manuellab_vers": [1, 4, 0], "proportions": {"upperarm_axillary_girth": 0.1889, "feet_heel_width": 0.0409, "upperleg_top_girth": 0.3218, "lowerleg_bottom_girth": 0.1147, "head_width_X": 0.082, "waist_girth": 0.362, "feet_length": 0.1414, "upperarm_length": 0.1788, "chest_width_X": 0.1459, "chest_depth_Y": 0.1246, "elbow_girth": 0.1456, "hands_width": 0.0471, "torso_height_Z": 0.2108, "feet_height_Z": 0.0428, "shoulders_width": 0.1734, "head_height_Z": 0.1283, "head_length": 0.1154, "hands_length": 0.1096, "upperleg_length": 0.2087, "neck_girth": 0.1745, "buttock_girth": 0.5424, "wrist_girth": 0.0875, "forearm_length": 0.1467, "upperleg_bottom_girth": 0.2139, "chest_girth": 0.5218, "lowerleg_calf_girth": 0.2093, "buttock_depth_Y": 0.1173, "feet_width": 0.0543, "buttock_height_Z": 0.141, "buttock_width_X": 0.1966, "lowerleg_length": 0.2432, "neck_height_Z": 0.0366, "body_height_Z": 1.0}, "structural": {"Cheeks_Mass": 0.44, "Waist_Size": 0.5594, "Cheeks_Tone": 0.8, "Neck_Tone": 0.8, "Legs_UpperlegsMass": 0.44, "Legs_LowerlegsTone": 0.8, "Pelvis_GluteusTone": 0.8, "Shoulders_Tone": 0.8, "Shoulders_Mass": 0.44, "Legs_UpperlegsTone": 0.8, "Arms_UpperarmMass": 0.44, "Stomach_Volume": 0.4988, "Arms_UpperarmTone": 0.8, "Feet_Mass": 0.44, "Arms_ForearmMass": 0.44, "Pelvis_GluteusMass": 0.44, "Arms_ForearmTone": 0.8, "Wrists_Size": 0.527, "Neck_Mass": 0.44, "Stomach_LocalFat": 0.497, "Torso_Tone": 0.8, "Hands_Mass": 0.44, "Legs_KneeSize": 0.56, "Torso_Mass": 0.44, "Legs_LowerlegsMass": 0.44}}