{"manuellab_vers": [1, 4, 0], "metaproperties": {"character_tone": -1.0, "character_age": 0.0, "character_mass": 1.0, "last_character_age": 0.0, "last_character_mass": 1.0, "last_character_tone": -1.0}, "materialproperties": {}, "proportions": {"lowerleg_calf_girth": 0.2689, "chest_width_X": 0.1867, "upperarm_length": 0.1927, "head_width_X": 0.0818, "feet_height_Z": 0.0385, "feet_width": 0.0529, "upperleg_bottom_girth": 0.3188, "buttock_height_Z": 0.169, "forearm_length": 0.1435, "buttock_girth": 0.9483, "upperleg_top_girth": 0.4819, "body_height_Z": 1.0, "lowerleg_bottom_girth": 0.1595, "upperleg_length": 0.1743, "shoulders_width": 0.1655, "feet_heel_width": 0.0409, "buttock_width_X": 0.3213, "head_length": 0.1151, "wrist_girth": 0.0845, "upperarm_axillary_girth": 0.3016, "chest_girth": 0.8137, "neck_height_Z": 0.0022, "head_height_Z": 0.1343, "hands_width": 0.0474, "chest_depth_Y": 0.2184, "feet_length": 0.1338, "elbow_girth": 0.1826, "lowerleg_length": 0.2331, "hands_length": 0.0995, "waist_girth": 0.8303, "torso_height_Z": 0.265, "neck_girth": 0.2589, "buttock_depth_Y": 0.2355}, "structural": {"Shoulders_PosZ": 0.77, "Head_Size": 0.47, "Torso_Tone": -0.77, "Pelvis_SizeX": 0.86, "Arms_ForearmTone": -0.5, "Neck_Length": 0.38, "Wrists_Size": 0.55, "Arms_UpperarmMass": 1.5, "Pelvis_GluteusMass": 1.71, "Legs_KneeSize": 0.7, "Shoulders_Tone": -0.5, "Shoulders_Mass": 1.5, "Hands_Size": 0.32, "Arms_UpperarmTone": -0.5, "Legs_UpperlegsTone": -0.5, "Neck_Tone": -0.5, "Legs_LowerlegsMass": 1.5, "Stomach_LocalFat": 0.52, "Legs_LowerlegsTone": -0.5, "Torso_BreastTone": 0.7, "Torso_Mass": 1.65, "Torso_BreastMass": 1.0, "Feet_Mass": 1.74, "Neck_Mass": 1.83, "Pelvis_GluteusTone": -0.5, "Legs_UpperlegsMass": 1.5, "Cheeks_Mass": 1.5, "Hands_Mass": 2.0, "Pelvis_SizeY": 0.8, "Arms_ForearmMass": 1.5, "Cheeks_Tone": -0.5, "Torso_Vshape": 0.26, "Feet_Size": 0.29, "Hands_FingersLength": 0.11, "Waist_Size": 0.69, "Stomach_Volume": 0.52}}