{"manuellab_vers": [1, 4, 0], "metaproperties": {"character_tone": -1.0, "character_age": 0.0, "character_mass": 0.0, "last_character_age": 0.0, "last_character_mass": 0.0, "last_character_tone": -1.0}, "materialproperties": {}, "proportions": {"lowerleg_calf_girth": 0.2175, "chest_width_X": 0.1677, "upperarm_length": 0.1855, "head_width_X": 0.082, "feet_height_Z": 0.0418, "feet_width": 0.0543, "upperleg_bottom_girth": 0.2436, "buttock_height_Z": 0.1503, "forearm_length": 0.144, "buttock_girth": 0.6806, "upperleg_top_girth": 0.3632, "body_height_Z": 1.0, "lowerleg_bottom_girth": 0.1376, "upperleg_length": 0.1897, "shoulders_width": 0.1766, "feet_heel_width": 0.0412, "buttock_width_X": 0.244, "head_length": 0.1154, "wrist_girth": 0.0851, "upperarm_axillary_girth": 0.229, "chest_girth": 0.6042, "neck_height_Z": 0.0256, "head_height_Z": 0.1314, "hands_width": 0.0473, "chest_depth_Y": 0.1514, "feet_length": 0.1414, "elbow_girth": 0.1579, "lowerleg_length": 0.2354, "hands_length": 0.1096, "waist_girth": 0.5402, "torso_height_Z": 0.2378, "neck_girth": 0.1981, "buttock_depth_Y": 0.1614}, "structural": {"Torso_Tone": -0.5, "Torso_BreastTone": 0.7, "Arms_ForearmTone": -0.5, "Waist_Size": 0.49, "Wrists_Size": 0.45, "Pelvis_GluteusTone": -0.5, "Legs_LowerlegsTone": -0.5, "Legs_KneeSize": 0.5, "Shoulders_Tone": -0.5, "Cheeks_Tone": -0.5, "Legs_UpperlegsTone": -0.5, "Arms_UpperarmTone": -0.5, "Neck_Tone": -0.5}}