{"manuellab_vers": [1, 4, 0], "metaproperties": {"character_tone": 0.0, "character_age": 0.0, "character_mass": 0.0, "last_character_age": 0.0, "last_character_mass": 0.0, "last_character_tone": 0.0}, "materialproperties": {}, "proportions": {"lowerleg_calf_girth": 0.2042, "chest_width_X": 0.1601, "upperarm_length": 0.1883, "head_width_X": 0.0833, "feet_height_Z": 0.0435, "feet_width": 0.0552, "upperleg_bottom_girth": 0.2078, "buttock_height_Z": 0.1475, "forearm_length": 0.1478, "buttock_girth": 0.5466, "upperleg_top_girth": 0.323, "body_height_Z": 1.0, "lowerleg_bottom_girth": 0.1168, "upperleg_length": 0.1835, "shoulders_width": 0.1761, "feet_heel_width": 0.0416, "buttock_width_X": 0.1949, "head_length": 0.1173, "wrist_girth": 0.0877, "upperarm_axillary_girth": 0.1845, "chest_girth": 0.5385, "neck_height_Z": 0.037, "head_height_Z": 0.1304, "hands_width": 0.048, "chest_depth_Y": 0.1219, "feet_length": 0.1438, "elbow_girth": 0.1391, "lowerleg_length": 0.2475, "hands_length": 0.1114, "waist_girth": 0.4436, "torso_height_Z": 0.2226, "neck_girth": 0.1713, "buttock_depth_Y": 0.1244}, "structural": {"Shoulders_Length": 0.65, "Stomach_Volume": 0.56, "Wrists_Size": 0.5, "Torso_Vshape": 0.29, "Pelvis_SizeX": 0.32, "Torso_SizeX": 0.83, "Shoulders_Mass": 0.56, "Legs_UpperlegLength": 0.08, "Waist_Size": 0.86, "Torso_Length": 0.68}}