{"manuellab_vers": [1, 4, 0], "metaproperties": {"character_tone": 0.0, "character_age": 0.0, "character_mass": 0.0, "last_character_age": 0.0, "last_character_mass": 0.0, "last_character_tone": 0.0}, "materialproperties": {}, "proportions": {"lowerleg_calf_girth": 0.1872, "chest_width_X": 0.1362, "upperarm_length": 0.1736, "head_width_X": 0.0793, "feet_height_Z": 0.0414, "feet_width": 0.0525, "upperleg_bottom_girth": 0.1921, "buttock_height_Z": 0.1353, "forearm_length": 0.1405, "buttock_girth": 0.5161, "upperleg_top_girth": 0.2817, "body_height_Z": 1.0, "lowerleg_bottom_girth": 0.1093, "upperleg_length": 0.2106, "shoulders_width": 0.1588, "feet_heel_width": 0.0395, "buttock_width_X": 0.1896, "head_length": 0.1115, "wrist_girth": 0.0823, "upperarm_axillary_girth": 0.1656, "chest_girth": 0.454, "neck_height_Z": 0.0427, "head_height_Z": 0.1241, "hands_width": 0.0451, "chest_depth_Y": 0.1062, "feet_length": 0.1368, "elbow_girth": 0.1302, "lowerleg_length": 0.2513, "hands_length": 0.106, "waist_girth": 0.3301, "torso_height_Z": 0.2047, "neck_girth": 0.1598, "buttock_depth_Y": 0.1122}, "structural": {"Torso_Tone": 0.56, "Legs_LowerlegSize": 0.38, "Arms_ForearmTone": 0.56, "Neck_Length": 0.68, "Wrists_Size": 0.4955, "Arms_UpperarmMass": 0.29, "Pelvis_GluteusMass": 0.29, "Legs_KneeSize": 0.302, "Shoulders_Tone": 0.56, "Shoulders_Mass": 0.29, "Legs_UpperlegsTone": 0.56, "Arms_UpperarmTone": 0.56, "Arms_ForearmSize": 0.38, "Neck_Tone": 0.56, "Neck_Collarbone": 0.59, "Stomach_LocalFat": 0.4895, "Legs_LowerlegsTone": 0.56, "Torso_BreastTone": 0.512, "Legs_LowerlegsMass": 0.29, "Torso_Mass": 0.29, "Torso_BreastMass": 0.395, "Feet_Mass": 0.29, "Neck_Mass": 0.29, "Pelvis_GluteusTone": 0.56, "Legs_UpperlegsMass": 0.29, "Cheeks_Mass": 0.23, "Hands_Mass": 0.29, "Legs_UpperlegSize": 0.32, "Arms_UpperarmSize": 0.44, "Arms_ForearmMass": 0.29, "Torso_Vshape": 0.35, "Legs_LowerlegLength": 0.59, "Legs_UpperlegLength": 0.59, "Waist_Size": 0.3899, "Stomach_Volume": 0.4958}}