{"manuellab_vers": [1, 4, 0], "metaproperties": {"character_tone": 0.0, "character_age": 0.0, "character_mass": 0.5, "last_character_age": 0.0, "last_character_mass": 0.5, "last_character_tone": 0.0}, "materialproperties": {}, "proportions": {"lowerleg_calf_girth": 0.2161, "chest_width_X": 0.1493, "upperarm_length": 0.1744, "head_width_X": 0.0793, "feet_height_Z": 0.041, "feet_width": 0.0533, "upperleg_bottom_girth": 0.2375, "buttock_height_Z": 0.1413, "forearm_length": 0.1426, "buttock_girth": 0.5961, "upperleg_top_girth": 0.3409, "body_height_Z": 1.0, "lowerleg_bottom_girth": 0.1208, "upperleg_length": 0.2032, "shoulders_width": 0.1594, "feet_heel_width": 0.0403, "buttock_width_X": 0.2156, "head_length": 0.1115, "wrist_girth": 0.0861, "upperarm_axillary_girth": 0.2195, "chest_girth": 0.5981, "neck_height_Z": 0.0378, "head_height_Z": 0.1252, "hands_width": 0.0472, "chest_depth_Y": 0.151, "feet_length": 0.1368, "elbow_girth": 0.1549, "lowerleg_length": 0.2487, "hands_length": 0.1061, "waist_girth": 0.4199, "torso_height_Z": 0.213, "neck_girth": 0.1904, "buttock_depth_Y": 0.1345}, "structural": {"Torso_Tone": 0.56, "Legs_LowerlegSize": 0.38, "Arms_ForearmTone": 0.56, "Neck_Length": 0.68, "Wrists_Size": 0.5455, "Arms_UpperarmMass": 0.79, "Pelvis_GluteusMass": 0.79, "Legs_KneeSize": 0.402, "Shoulders_Tone": 0.56, "Shoulders_Mass": 0.79, "Legs_UpperlegsTone": 0.56, "Arms_UpperarmTone": 0.56, "Arms_ForearmSize": 0.38, "Neck_Tone": 0.56, "Neck_Collarbone": 0.59, "Stomach_LocalFat": 0.4995, "Legs_LowerlegsTone": 0.56, "Torso_BreastTone": 0.512, "Legs_LowerlegsMass": 0.79, "Torso_Mass": 0.79, "Torso_BreastMass": 0.645, "Feet_Mass": 0.79, "Neck_Mass": 0.79, "Pelvis_GluteusTone": 0.56, "Legs_UpperlegsMass": 0.79, "Cheeks_Mass": 0.73, "Hands_Mass": 0.79, "Legs_UpperlegSize": 0.32, "Arms_UpperarmSize": 0.44, "Arms_ForearmMass": 0.79, "Torso_Vshape": 0.35, "Legs_LowerlegLength": 0.59, "Legs_UpperlegLength": 0.59, "Waist_Size": 0.4899, "Stomach_Volume": 0.5058}}