{"manuellab_vers": [1, 4, 0], "metaproperties": {"character_tone": -1.0, "character_age": 0.0, "character_mass": -0.5, "last_character_age": 0.0, "last_character_mass": -0.5, "last_character_tone": -1.0}, "materialproperties": {}, "proportions": {"lowerleg_calf_girth": 0.171, "chest_width_X": 0.1403, "upperarm_length": 0.1872, "head_width_X": 0.082, "feet_height_Z": 0.0428, "feet_width": 0.0543, "upperleg_bottom_girth": 0.1795, "buttock_height_Z": 0.1362, "forearm_length": 0.1454, "buttock_girth": 0.5178, "upperleg_top_girth": 0.2717, "body_height_Z": 1.0, "lowerleg_bottom_girth": 0.1149, "upperleg_length": 0.2079, "shoulders_width": 0.1747, "feet_heel_width": 0.0409, "buttock_width_X": 0.1953, "head_length": 0.1154, "wrist_girth": 0.0828, "upperarm_axillary_girth": 0.1612, "chest_girth": 0.4809, "neck_height_Z": 0.0374, "head_height_Z": 0.1283, "hands_width": 0.0459, "chest_depth_Y": 0.1163, "feet_length": 0.1414, "elbow_girth": 0.1363, "lowerleg_length": 0.2433, "hands_length": 0.1095, "waist_girth": 0.3247, "torso_height_Z": 0.2155, "neck_girth": 0.1396, "buttock_depth_Y": 0.1054}, "structural": {"Torso_Tone": -0.5, "Pelvis_SizeX": 0.59, "Arms_ForearmTone": -0.5, "Wrists_Size": 0.425, "Arms_UpperarmMass": 0.0, "Pelvis_GluteusMass": 0.0, "Legs_LowerlegsMass": 0.0, "Shoulders_Tone": -0.5, "Legs_LowerlegsTone": -0.5, "Legs_UpperlegsTone": -0.5, "Arms_UpperarmTone": -0.5, "Shoulders_Mass": 0.0, "Neck_Tone": -0.5, "Stomach_LocalFat": 0.715, "Torso_BreastTone": 0.7, "Torso_Mass": 0.12, "Torso_BreastMass": 0.43, "Feet_Mass": 0.0, "Neck_Mass": 0.0, "Pelvis_GluteusTone": -0.5, "Legs_UpperlegsMass": 0.0, "Cheeks_Mass": 0.0, "Hands_Mass": 0.0, "Pelvis_GluteusSize": 0.74, "Arms_ForearmMass": 0.0, "Cheeks_Tone": -0.5, "Stomach_Volume": 0.49, "Waist_Size": -0.015, "Shoulders_Length": 0.8}}