{"manuellab_vers": [1, 4, 0], "metaproperties": {"character_tone": 0.0, "character_age": 0.0, "character_mass": -0.5, "last_character_age": 0.0, "last_character_mass": -0.5, "last_character_tone": 0.0}, "materialproperties": {}, "proportions": {"lowerleg_calf_girth": 0.1946, "chest_width_X": 0.1479, "upperarm_length": 0.1948, "head_width_X": 0.0845, "feet_height_Z": 0.0418, "feet_width": 0.053, "upperleg_bottom_girth": 0.1897, "buttock_height_Z": 0.1434, "forearm_length": 0.1607, "buttock_girth": 0.553, "upperleg_top_girth": 0.2734, "body_height_Z": 1.0, "lowerleg_bottom_girth": 0.1139, "upperleg_length": 0.1874, "shoulders_width": 0.1743, "feet_heel_width": 0.0405, "buttock_width_X": 0.2005, "head_length": 0.1188, "wrist_girth": 0.0836, "upperarm_axillary_girth": 0.1725, "chest_girth": 0.4617, "neck_height_Z": 0.0326, "head_height_Z": 0.1322, "hands_width": 0.0462, "chest_depth_Y": 0.1034, "feet_length": 0.1381, "elbow_girth": 0.1418, "lowerleg_length": 0.2551, "hands_length": 0.1026, "waist_girth": 0.333, "torso_height_Z": 0.2218, "neck_girth": 0.1602, "buttock_depth_Y": 0.1214}, "structural": {"Head_Size": 0.47, "Torso_Tone": 0.41, "Pelvis_SizeX": 0.86, "Torso_Vshape": 0.41, "Neck_Length": 0.35, "Wrists_Size": 0.475, "Arms_UpperarmMass": 0.0, "Pelvis_GluteusMass": -0.15, "Legs_LowerlegsMass": 0.03, "Shoulders_Mass": 0.0, "Hands_Size": 0.32, "Hands_FingersLength": 0.11, "Legs_UpperlegsTone": 0.35, "Neck_Tone": 0.47, "Stomach_LocalFat": 0.475, "Arms_ForearmLength": 0.65, "Torso_Mass": 0.09, "Torso_BreastMass": 0.25, "Feet_Mass": 0.24, "Neck_Mass": 0.12, "Legs_UpperlegsMass": -0.27, "Cheeks_Mass": 0.0, "Pelvis_SizeY": 0.8, "Arms_ForearmMass": 0.0, "Feet_Size": 0.29, "Arms_UpperarmLength": 0.59, "Legs_UpperlegLength": 0.05, "Waist_Size": 0.495, "Stomach_Volume": 0.49}}