{"manuellab_vers": [1, 4, 0], "metaproperties": {"character_tone": 0.0, "character_age": 0.0, "character_mass": 0.0, "last_character_age": 0.0, "last_character_mass": 0.0, "last_character_tone": 0.0}, "materialproperties": {}, "proportions": {"lowerleg_calf_girth": 0.2017, "chest_width_X": 0.1469, "upperarm_length": 0.175, "head_width_X": 0.082, "feet_height_Z": 0.0428, "feet_width": 0.0543, "upperleg_bottom_girth": 0.2576, "buttock_height_Z": 0.1479, "forearm_length": 0.1461, "buttock_girth": 0.6264, "upperleg_top_girth": 0.3794, "body_height_Z": 1.0, "lowerleg_bottom_girth": 0.1149, "upperleg_length": 0.2116, "shoulders_width": 0.1661, "feet_heel_width": 0.0409, "buttock_width_X": 0.2397, "head_length": 0.1154, "wrist_girth": 0.0863, "upperarm_axillary_girth": 0.1889, "chest_girth": 0.5, "neck_height_Z": 0.0459, "head_height_Z": 0.1283, "hands_width": 0.0473, "chest_depth_Y": 0.1199, "feet_length": 0.1414, "elbow_girth": 0.1472, "lowerleg_length": 0.2393, "hands_length": 0.1096, "waist_girth": 0.5214, "torso_height_Z": 0.1968, "neck_girth": 0.1693, "buttock_depth_Y": 0.1253}, "structural": {"Shoulders_PosZ": 0.17, "Pelvis_SizeX": 0.8, "Torso_Vshape": 0.38, "Arms_UpperarmMass": 0.68, "Wrists_Size": 0.5, "Legs_UpperlegsMass": 0.71, "Pelvis_GluteusSize": 0.59, "Legs_UpperlegInCurve": 0.23, "Legs_UpperlegsTone": 0.26, "Stomach_LocalFat": 0.92, "Waist_Size": 0.86, "Shoulders_Length": 0.32}}