{"manuellab_vers": [1, 4, 0], "metaproperties": {"character_tone": 0.0, "character_age": 0.0, "character_mass": -1.0, "last_character_age": 0.0, "last_character_mass": -1.0, "last_character_tone": 0.0}, "materialproperties": {}, "proportions": {"lowerleg_calf_girth": 0.207, "chest_width_X": 0.155, "upperarm_length": 0.1842, "head_width_X": 0.0865, "feet_height_Z": 0.0435, "feet_width": 0.0553, "upperleg_bottom_girth": 0.1858, "buttock_height_Z": 0.1402, "forearm_length": 0.1478, "buttock_girth": 0.5033, "upperleg_top_girth": 0.2685, "body_height_Z": 1.0, "lowerleg_bottom_girth": 0.1152, "upperleg_length": 0.2001, "shoulders_width": 0.1845, "feet_heel_width": 0.0416, "buttock_width_X": 0.1843, "head_length": 0.1217, "wrist_girth": 0.0863, "upperarm_axillary_girth": 0.1759, "chest_girth": 0.4661, "neck_height_Z": 0.029, "head_height_Z": 0.1354, "hands_width": 0.0468, "chest_depth_Y": 0.0989, "feet_length": 0.144, "elbow_girth": 0.1482, "lowerleg_length": 0.2386, "hands_length": 0.1116, "waist_girth": 0.3406, "torso_height_Z": 0.225, "neck_girth": 0.1591, "buttock_depth_Y": 0.1085}, "structural": {"Shoulders_PosZ": 0.74, "Torso_Tone": 0.53, "Arms_UpperarmMass": -0.5, "Torso_Vshape": 0.62, "Wrists_Size": 0.45, "Pelvis_GluteusMass": -0.29, "Arms_UpperarmSize": 0.71, "Shoulders_Tone": 0.62, "Legs_LowerlegsTone": 0.95, "Shoulders_Size": 0.56, "Legs_UpperlegsTone": 0.35, "Shoulders_Mass": -0.38, "Arms_ForearmSize": 0.71, "Stomach_LocalFat": 0.45, "Torso_SizeX": 0.59, "Legs_LowerlegsMass": -0.11, "Torso_Mass": -0.26, "Torso_BreastMass": 0.0, "Feet_Mass": -0.5, "Neck_Mass": -0.5, "Legs_UpperlegsMass": -0.32, "Cheeks_Mass": -0.5, "Hands_Mass": -0.5, "Arms_ForearmMass": -0.5, "Legs_LowerlegLength": 0.39, "Head_Size": 0.59, "Legs_UpperlegLength": 0.32, "Waist_Size": 0.49, "Stomach_Volume": 0.48}}