{"manuellab_vers": [1, 4, 0], "metaproperties": {"character_tone": -0.5, "character_age": 0.0, "character_mass": 0.0, "last_character_age": 0.0, "last_character_mass": 0.0, "last_character_tone": -0.5}, "materialproperties": {}, "proportions": {"lowerleg_calf_girth": 0.2472, "chest_width_X": 0.2012, "upperarm_length": 0.1916, "head_width_X": 0.0865, "feet_height_Z": 0.0425, "feet_width": 0.0553, "upperleg_bottom_girth": 0.2943, "buttock_height_Z": 0.1655, "forearm_length": 0.1465, "buttock_girth": 0.8769, "upperleg_top_girth": 0.4523, "body_height_Z": 1.0, "lowerleg_bottom_girth": 0.1397, "upperleg_length": 0.1636, "shoulders_width": 0.1894, "feet_heel_width": 0.0419, "buttock_width_X": 0.296, "head_length": 0.1217, "wrist_girth": 0.0885, "upperarm_axillary_girth": 0.2586, "chest_girth": 0.7471, "neck_height_Z": 0.014, "head_height_Z": 0.1386, "hands_width": 0.0481, "chest_depth_Y": 0.1864, "feet_length": 0.144, "elbow_girth": 0.1704, "lowerleg_length": 0.2285, "hands_length": 0.1116, "waist_girth": 0.7938, "torso_height_Z": 0.2626, "neck_girth": 0.2082, "buttock_depth_Y": 0.2168}, "structural": {"Shoulders_PosZ": 0.74, "Torso_Tone": 0.03, "Cheeks_Tone": 0.0, "Arms_ForearmTone": 0.0, "Wrists_Size": 0.475, "Pelvis_GluteusMass": 0.71, "Arms_UpperarmSize": 0.71, "Shoulders_Tone": 0.12, "Legs_LowerlegsTone": 0.45, "Arms_UpperarmTone": 0.0, "Legs_UpperlegsTone": -0.15, "Arms_ForearmSize": 0.71, "Neck_Tone": 0.0, "Legs_LowerlegsMass": 0.89, "Torso_SizeX": 0.59, "Torso_BreastTone": 0.6, "Torso_Mass": 0.74, "Pelvis_GluteusTone": 0.0, "Legs_UpperlegsMass": 0.68, "Torso_Vshape": 0.62, "Legs_LowerlegLength": 0.39, "Head_Size": 0.59, "Shoulders_Size": 0.56, "Legs_UpperlegLength": 0.32, "Waist_Size": 0.495, "Shoulders_Mass": 0.62}}