{"manuellab_vers": [1, 4, 0], "metaproperties": {"character_tone": 0.0, "character_age": 0.0, "character_mass": 0.0, "last_character_age": 0.0, "last_character_mass": 0.0, "last_character_tone": 0.0}, "materialproperties": {}, "proportions": {"lowerleg_calf_girth": 0.2004, "chest_width_X": 0.1421, "upperarm_length": 0.188, "head_width_X": 0.0847, "feet_height_Z": 0.0445, "feet_width": 0.0566, "upperleg_bottom_girth": 0.2146, "buttock_height_Z": 0.1399, "forearm_length": 0.1544, "buttock_girth": 0.5703, "upperleg_top_girth": 0.3225, "body_height_Z": 1.0, "lowerleg_bottom_girth": 0.1178, "upperleg_length": 0.2085, "shoulders_width": 0.1654, "feet_heel_width": 0.0423, "buttock_width_X": 0.2109, "head_length": 0.1192, "wrist_girth": 0.0846, "upperarm_axillary_girth": 0.1702, "chest_girth": 0.4846, "neck_height_Z": 0.0411, "head_height_Z": 0.1367, "hands_width": 0.0457, "chest_depth_Y": 0.1105, "feet_length": 0.1475, "elbow_girth": 0.1352, "lowerleg_length": 0.2393, "hands_length": 0.1194, "waist_girth": 0.3444, "torso_height_Z": 0.2015, "neck_girth": 0.1529, "buttock_depth_Y": 0.1234}, "structural": {"Shoulders_PosZ": 0.14, "Head_Size": 0.59, "Forehead_SizeZ": 0.62, "Torso_Tone": 0.38, "Pelvis_SizeX": 0.62, "Torso_Vshape": 0.38, "Neck_Length": 0.41, "Wrists_Size": 0.5, "Arms_UpperarmSize": 0.47, "Shoulders_Tone": 0.24, "Shoulders_Mass": 0.08, "Arms_UpperarmTone": 0.35, "Legs_UpperlegsTone": 0.35, "Hands_FingersInterDist": 0.38, "Neck_Tone": 0.35, "Arms_UpperarmMass": 0.38, "Neck_Angle": 0.29, "Arms_ForearmLength": 0.65, "Arms_ForearmSize": 0.44, "Hands_FingersLength": 1.0, "Neck_Size": 0.35, "Torso_Mass": 0.44, "Torso_SizeY": 0.29, "Feet_Mass": 0.23, "Neck_Mass": 0.32, "Torso_ToracicCurve": 1.0, "Hands_Mass": 0.14, "Feet_Size": 0.62, "Arms_UpperarmLength": 0.59, "Chin_Tone": 0.29, "Stomach_Volume": 0.59}}