{"manuellab_vers": [1, 4, 0], "metaproperties": {"character_tone": 0.0, "character_age": 0.0, "character_mass": 1.0, "last_character_age": 0.0, "last_character_mass": 1.0, "last_character_tone": 0.0}, "materialproperties": {}, "proportions": {"lowerleg_calf_girth": 0.2509, "chest_width_X": 0.1507, "upperarm_length": 0.1866, "head_width_X": 0.0784, "feet_height_Z": 0.0411, "feet_width": 0.0557, "upperleg_bottom_girth": 0.3059, "buttock_height_Z": 0.1606, "forearm_length": 0.1491, "buttock_girth": 0.6776, "upperleg_top_girth": 0.4156, "body_height_Z": 1.0, "lowerleg_bottom_girth": 0.1517, "upperleg_length": 0.2021, "shoulders_width": 0.1691, "feet_heel_width": 0.0421, "buttock_width_X": 0.2607, "head_length": 0.1103, "wrist_girth": 0.0871, "upperarm_axillary_girth": 0.265, "chest_girth": 0.6821, "neck_height_Z": 0.0304, "head_height_Z": 0.1313, "hands_width": 0.0473, "chest_depth_Y": 0.1723, "feet_length": 0.1414, "elbow_girth": 0.1603, "lowerleg_length": 0.2271, "hands_length": 0.1147, "waist_girth": 0.407, "torso_height_Z": 0.2185, "neck_girth": 0.2238, "buttock_depth_Y": 0.1284}, "structural": {"Shoulders_PosZ": 0.14, "Legs_KneeSize": 0.7, "Legs_UpperlegsMass": 1.23, "Arms_UpperarmTone": 0.35, "Arms_ForearmSize": 0.2, "Arms_ForearmLength": 0.65, "Hands_FingersInterDist": 0.38, "Neck_Size": 0.35, "Hands_Mass": 1.14, "Torso_BreastMass": 1.0, "Pelvis_SizeY": 0.02, "Feet_Mass": 1.23, "Torso_ToracicCurve": 1.0, "Legs_LowerlegsTone": 0.32, "Cheeks_Mass": 1.5, "Legs_UpperlegSize": 0.44, "Legs_UpperlegInCurve": 0.74, "Hands_FingersLength": 1.0, "Legs_UpperlegLength": 0.65, "Waist_Size": 0.49, "Torso_Length": 0.71, "Forehead_SizeZ": 0.62, "Torso_Tone": 0.68, "Arms_UpperarmMass": 1.38, "Neck_Length": 0.56, "Wrists_Size": 0.6, "Pelvis_GluteusMass": 1.5, "Arms_UpperarmSize": 0.17, "Shoulders_Tone": 0.24, "Shoulders_Mass": 1.08, "Legs_UpperlegsTone": 0.23, "Neck_Tone": 0.35, "Legs_LowerlegsMass": 1.17, "Stomach_LocalFat": 0.52, "Neck_Angle": 0.29, "Torso_Mass": 1.53, "Torso_SizeY": 0.29, "Neck_Mass": 1.23, "Arms_ForearmMass": 1.5, "Legs_LowerlegLength": 0.54, "Feet_Size": 0.62, "Arms_UpperarmLength": 0.59, "Chin_Tone": 0.29, "Stomach_Volume": 0.52}}