{"manuellab_vers": [1, 4, 0], "metaproperties": {"character_tone": -1.0, "character_age": 0.0, "character_mass": 0.0, "last_character_age": 0.0, "last_character_mass": 0.0, "last_character_tone": -1.0}, "materialproperties": {}, "proportions": {"lowerleg_calf_girth": 0.2167, "chest_width_X": 0.1828, "upperarm_length": 0.1885, "head_width_X": 0.082, "feet_height_Z": 0.0418, "feet_width": 0.0543, "upperleg_bottom_girth": 0.1798, "buttock_height_Z": 0.1484, "forearm_length": 0.1442, "buttock_girth": 0.6088, "upperleg_top_girth": 0.28, "body_height_Z": 1.0, "lowerleg_bottom_girth": 0.1376, "upperleg_length": 0.1858, "shoulders_width": 0.19, "feet_heel_width": 0.0412, "buttock_width_X": 0.1847, "head_length": 0.1154, "wrist_girth": 0.0851, "upperarm_axillary_girth": 0.2442, "chest_girth": 0.6376, "neck_height_Z": 0.0143, "head_height_Z": 0.1314, "hands_width": 0.0473, "chest_depth_Y": 0.1516, "feet_length": 0.1414, "elbow_girth": 0.1653, "lowerleg_length": 0.2394, "hands_length": 0.1096, "waist_girth": 0.5354, "torso_height_Z": 0.2491, "neck_girth": 0.1982, "buttock_depth_Y": 0.1598}, "structural": {"Shoulders_PosZ": 0.89, "Torso_Tone": -0.5, "Pelvis_SizeX": 0.11, "Arms_ForearmTone": -0.5, "Torso_Dorsi": 0.71, "Neck_Tone": -0.5, "Wrists_Size": 0.45, "Torso_BreastTone": 0.7, "Pelvis_GluteusTone": -0.5, "Legs_UpperlegsMass": 0.23, "Legs_LowerlegsTone": -0.5, "Torso_Vshape": 0.89, "Shoulders_Tone": -0.5, "Shoulders_Mass": 0.53, "Cheeks_Tone": -0.5, "Arms_UpperarmTone": -0.5, "Legs_UpperlegsTone": -0.5, "Waist_Size": 0.49, "Arms_UpperarmMass": 0.65}}