{"manuellab_vers": [1, 4, 0], "metaproperties": {"character_tone": 0.0, "character_age": 0.0, "character_mass": 0.5, "last_character_age": 0.0, "last_character_mass": 0.5, "last_character_tone": 0.0}, "materialproperties": {}, "proportions": {"lowerleg_calf_girth": 0.2519, "chest_width_X": 0.1863, "upperarm_length": 0.1861, "head_width_X": 0.082, "feet_height_Z": 0.0418, "feet_width": 0.0558, "upperleg_bottom_girth": 0.2863, "buttock_height_Z": 0.1541, "forearm_length": 0.1476, "buttock_girth": 0.6877, "upperleg_top_girth": 0.422, "body_height_Z": 1.0, "lowerleg_bottom_girth": 0.1415, "upperleg_length": 0.1888, "shoulders_width": 0.1894, "feet_heel_width": 0.0423, "buttock_width_X": 0.2278, "head_length": 0.1154, "wrist_girth": 0.0904, "upperarm_axillary_girth": 0.2752, "chest_girth": 0.7752, "neck_height_Z": 0.0246, "head_height_Z": 0.1314, "hands_width": 0.0499, "chest_depth_Y": 0.1976, "feet_length": 0.1414, "elbow_girth": 0.1814, "lowerleg_length": 0.2359, "hands_length": 0.1097, "waist_girth": 0.5796, "torso_height_Z": 0.2349, "neck_girth": 0.2285, "buttock_depth_Y": 0.1708}, "structural": {"Legs_KneeSize": 0.6, "Pelvis_SizeX": 0.11, "Torso_Vshape": 0.89, "Torso_Mass": 1.0, "Torso_BreastMass": 0.75, "Feet_Mass": 1.0, "Wrists_Size": 0.55, "Arms_UpperarmMass": 1.0, "Cheeks_Mass": 1.0, "Hands_Mass": 1.0, "Pelvis_GluteusMass": 1.0, "Stomach_Volume": 0.51, "Neck_Mass": 1.0, "Arms_ForearmMass": 1.0, "Shoulders_Mass": 1.0, "Legs_UpperlegsMass": 1.0, "Waist_Size": 0.6, "Legs_LowerlegsMass": 1.0, "Stomach_LocalFat": 0.51}}