{"manuellab_vers": [1, 4, 0], "metaproperties": {"character_tone": 0.0, "character_age": 0.0, "character_mass": -0.5, "last_character_age": 0.0, "last_character_mass": -0.5, "last_character_tone": 0.0}, "materialproperties": {}, "proportions": {"lowerleg_calf_girth": 0.1864, "chest_width_X": 0.1434, "upperarm_length": 0.1795, "head_width_X": 0.082, "feet_height_Z": 0.0428, "feet_width": 0.0543, "upperleg_bottom_girth": 0.1878, "buttock_height_Z": 0.1372, "forearm_length": 0.1454, "buttock_girth": 0.4965, "upperleg_top_girth": 0.2768, "body_height_Z": 1.0, "lowerleg_bottom_girth": 0.1138, "upperleg_length": 0.2088, "shoulders_width": 0.1736, "feet_heel_width": 0.0409, "buttock_width_X": 0.1834, "head_length": 0.1154, "wrist_girth": 0.0841, "upperarm_axillary_girth": 0.1662, "chest_girth": 0.4535, "neck_height_Z": 0.037, "head_height_Z": 0.1283, "hands_width": 0.0459, "chest_depth_Y": 0.102, "feet_length": 0.1414, "elbow_girth": 0.1366, "lowerleg_length": 0.243, "hands_length": 0.1095, "waist_girth": 0.3235, "torso_height_Z": 0.2142, "neck_girth": 0.1532, "buttock_depth_Y": 0.1066}, "structural": {"Legs_KneeSize": 0.5, "Torso_BreastTone": 0.41, "Torso_Mass": 0.0, "Torso_BreastMass": 0.28, "Feet_Mass": 0.0, "Wrists_Size": 0.475, "Arms_UpperarmMass": 0.0, "Cheeks_Mass": 0.0, "Hands_Mass": 0.0, "Pelvis_GluteusMass": 0.0, "Stomach_Volume": 0.49, "Neck_Mass": 0.0, "Arms_ForearmMass": 0.0, "Shoulders_Mass": 0.0, "Legs_UpperlegsMass": 0.0, "Waist_Size": 0.495, "Legs_LowerlegsMass": 0.0, "Stomach_LocalFat": 0.475}}