{"manuellab_vers": [1, 4, 0], "metaproperties": {"character_tone": 0.0, "character_age": 0.0, "character_mass": 0.5, "last_character_age": 0.0, "last_character_mass": 0.5, "last_character_tone": 0.0}, "materialproperties": {}, "proportions": {"lowerleg_calf_girth": 0.2463, "chest_width_X": 0.1626, "upperarm_length": 0.196, "head_width_X": 0.0806, "feet_height_Z": 0.04, "feet_width": 0.0535, "upperleg_bottom_girth": 0.2922, "buttock_height_Z": 0.1362, "forearm_length": 0.1434, "buttock_girth": 0.6742, "upperleg_top_girth": 0.423, "body_height_Z": 1.0, "lowerleg_bottom_girth": 0.1364, "upperleg_length": 0.209, "shoulders_width": 0.1681, "feet_heel_width": 0.0408, "buttock_width_X": 0.2402, "head_length": 0.1134, "wrist_girth": 0.0867, "upperarm_axillary_girth": 0.252, "chest_girth": 0.7385, "neck_height_Z": 0.0225, "head_height_Z": 0.1292, "hands_width": 0.0479, "chest_depth_Y": 0.1906, "feet_length": 0.1356, "elbow_girth": 0.1752, "lowerleg_length": 0.2489, "hands_length": 0.1052, "waist_girth": 0.5435, "torso_height_Z": 0.2253, "neck_girth": 0.2221, "buttock_depth_Y": 0.156}, "structural": {"Shoulders_PosZ": 0.59, "Legs_KneeSize": 0.6, "Body_Size": 0.46, "Pelvis_SizeX": 0.55, "Torso_Dorsi": 0.8, "Wrists_Size": 0.55, "Arms_UpperarmMass": 1.0, "Pelvis_GluteusMass": 1.09, "Legs_LowerlegsMass": 1.0, "Shoulders_Tone": 0.59, "Shoulders_Mass": 0.88, "Head_Size": 0.56, "Stomach_LocalFat": 0.51, "Arms_ForearmLength": 0.53, "Torso_BreastTone": 0.74, "Torso_Mass": 1.0, "Torso_BreastMass": 1.02, "Feet_Mass": 1.0, "Neck_Mass": 1.0, "Pelvis_GluteusTone": 0.65, "Legs_UpperlegsMass": 1.0, "Cheeks_Mass": 1.0, "Hands_Mass": 1.0, "Legs_UpperlegSize": 0.65, "Pelvis_GluteusSize": 0.57, "Arms_ForearmMass": 1.0, "Legs_LowerlegLength": 0.62, "Arms_UpperarmLength": 0.737, "Legs_UpperlegLength": 0.65, "Waist_Size": 0.36, "Stomach_Volume": 0.51}}