{"manuellab_vers": [1, 4, 0], "metaproperties": {"character_tone": -1.0, "character_age": 0.0, "character_mass": 0.0, "last_character_age": 0.0, "last_character_mass": 0.0, "last_character_tone": -1.0}, "materialproperties": {}, "proportions": {"lowerleg_calf_girth": 0.2175, "chest_width_X": 0.1731, "upperarm_length": 0.1936, "head_width_X": 0.082, "feet_height_Z": 0.0418, "feet_width": 0.0543, "upperleg_bottom_girth": 0.2436, "buttock_height_Z": 0.1487, "forearm_length": 0.144, "buttock_girth": 0.7513, "upperleg_top_girth": 0.3857, "body_height_Z": 1.0, "lowerleg_bottom_girth": 0.1376, "upperleg_length": 0.1894, "shoulders_width": 0.1785, "feet_heel_width": 0.0412, "buttock_width_X": 0.2619, "head_length": 0.1154, "wrist_girth": 0.0851, "upperarm_axillary_girth": 0.2343, "chest_girth": 0.6868, "neck_height_Z": 0.0248, "head_height_Z": 0.1314, "hands_width": 0.0473, "chest_depth_Y": 0.1824, "feet_length": 0.1414, "elbow_girth": 0.1579, "lowerleg_length": 0.2354, "hands_length": 0.1096, "waist_girth": 0.6707, "torso_height_Z": 0.2411, "neck_girth": 0.1995, "buttock_depth_Y": 0.1793}, "structural": {"Shoulders_Length": 0.8, "Torso_Tone": -0.5, "Pelvis_SizeX": 0.59, "Arms_ForearmTone": -0.5, "Torso_Mass": 0.62, "Torso_BreastMass": 0.68, "Waist_Size": -0.01, "Wrists_Size": 0.45, "Pelvis_GluteusTone": -0.5, "Legs_LowerlegsTone": -0.5, "Pelvis_GluteusSize": 0.74, "Shoulders_Tone": -0.5, "Cheeks_Tone": -0.5, "Legs_UpperlegsTone": -0.5, "Arms_UpperarmTone": -0.5, "Stomach_LocalFat": 0.74, "Neck_Tone": -0.5, "Torso_BreastTone": 0.7}}