{"manuellab_vers": [1, 4, 0], "metaproperties": {"character_tone": 0.0, "character_age": 0.0, "character_mass": 1.0, "last_character_age": 0.0, "last_character_mass": 1.0, "last_character_tone": 0.0}, "materialproperties": {}, "proportions": {"lowerleg_calf_girth": 0.2566, "chest_width_X": 0.171, "upperarm_length": 0.1871, "head_width_X": 0.0865, "feet_height_Z": 0.0425, "feet_width": 0.0568, "upperleg_bottom_girth": 0.2931, "buttock_height_Z": 0.1574, "forearm_length": 0.1503, "buttock_girth": 0.7391, "upperleg_top_girth": 0.43, "body_height_Z": 1.0, "lowerleg_bottom_girth": 0.144, "upperleg_length": 0.1812, "shoulders_width": 0.1678, "feet_heel_width": 0.0431, "buttock_width_X": 0.2595, "head_length": 0.1217, "wrist_girth": 0.0938, "upperarm_axillary_girth": 0.2802, "chest_girth": 0.7735, "neck_height_Z": 0.0234, "head_height_Z": 0.1386, "hands_width": 0.0508, "chest_depth_Y": 0.2059, "feet_length": 0.144, "elbow_girth": 0.1847, "lowerleg_length": 0.2317, "hands_length": 0.1118, "waist_girth": 0.6085, "torso_height_Z": 0.2388, "neck_girth": 0.2345, "buttock_depth_Y": 0.1746}, "structural": {"Legs_KneeSize": 0.7, "Arms_UpperarmMass": 1.5, "Torso_Vshape": 0.32, "Torso_Mass": 1.5, "Torso_BreastMass": 1.0, "Feet_Mass": 1.5, "Wrists_Size": 0.6, "Legs_UpperlegsMass": 1.5, "Cheeks_Mass": 1.5, "Hands_Mass": 1.5, "Pelvis_GluteusMass": 1.5, "Stomach_Volume": 0.52, "Neck_Mass": 1.5, "Arms_ForearmMass": 1.5, "Legs_LowerlegLength": 0.39, "Head_Size": 0.59, "Shoulders_Mass": 1.5, "Legs_UpperlegLength": 0.32, "Waist_Size": 0.7, "Legs_LowerlegsMass": 1.5, "Stomach_LocalFat": 0.52}}