{"manuellab_vers": [1, 4, 0], "metaproperties": {"character_tone": -1.0, "character_age": 0.0, "character_mass": 0.0, "last_character_age": 0.0, "last_character_mass": 0.0, "last_character_tone": -1.0}, "materialproperties": {}, "proportions": {"lowerleg_calf_girth": 0.1674, "chest_width_X": 0.1704, "upperarm_length": 0.1868, "head_width_X": 0.0758, "feet_height_Z": 0.0436, "feet_width": 0.0553, "upperleg_bottom_girth": 0.1781, "buttock_height_Z": 0.1413, "forearm_length": 0.1496, "buttock_girth": 0.6408, "upperleg_top_girth": 0.2646, "body_height_Z": 1.0, "lowerleg_bottom_girth": 0.1152, "upperleg_length": 0.1925, "shoulders_width": 0.1568, "feet_heel_width": 0.0414, "buttock_width_X": 0.2094, "head_length": 0.1067, "wrist_girth": 0.0816, "upperarm_axillary_girth": 0.1894, "chest_girth": 0.6201, "neck_height_Z": 0.0333, "head_height_Z": 0.1258, "hands_width": 0.0447, "chest_depth_Y": 0.1548, "feet_length": 0.1443, "elbow_girth": 0.1474, "lowerleg_length": 0.2446, "hands_length": 0.1168, "waist_girth": 0.6275, "torso_height_Z": 0.2297, "neck_girth": 0.1871, "buttock_depth_Y": 0.152}, "structural": {"Shoulders_PosZ": 0.41, "Head_Size": 0.29, "Forehead_SizeZ": 0.62, "Torso_Tone": -0.38, "Arms_UpperarmMass": 0.38, "Arms_ForearmTone": -0.5, "Wrists_Size": 0.45, "Torso_Vshape": 0.26, "Arms_ForearmSize": 0.44, "Arms_UpperarmLength": 0.59, "Arms_UpperarmSize": 0.47, "Shoulders_Tone": -0.76, "Shoulders_Mass": 0.08, "Arms_UpperarmTone": -0.65, "Legs_UpperlegsTone": -0.77, "Hands_FingersInterDist": 0.38, "Neck_Tone": -0.5, "Legs_LowerlegsMass": 0.17, "Arms_ForearmLength": 0.65, "Legs_LowerlegsTone": -0.68, "Torso_BreastTone": 0.7, "Torso_Mass": 0.62, "Torso_SizeY": 0.29, "Feet_Mass": 0.23, "Hands_Mass": 0.14, "Torso_ToracicCurve": 1.0, "Pelvis_GluteusTone": -0.5, "Legs_UpperlegsMass": 0.23, "Hands_FingersLength": 1.0, "Pelvis_SizeY": 0.02, "Legs_LowerlegLength": 0.54, "Cheeks_Tone": -0.5, "Legs_UpperlegInCurve": 0.74, "Feet_Size": 0.62, "Legs_UpperlegSize": 0.44, "Legs_UpperlegLength": 0.65, "Waist_Size": 0.49, "Chin_Tone": 0.29, "Stomach_Volume": 0.59}}