{"manuellab_vers": [1, 4, 0], "metaproperties": {"character_tone": 0.0, "character_age": 0.0, "character_mass": -0.5, "last_character_age": 0.0, "last_character_mass": -0.5, "last_character_tone": 0.0}, "materialproperties": {}, "proportions": {"lowerleg_calf_girth": 0.1864, "chest_width_X": 0.1402, "upperarm_length": 0.1872, "head_width_X": 0.082, "feet_height_Z": 0.0428, "feet_width": 0.0543, "upperleg_bottom_girth": 0.1878, "buttock_height_Z": 0.1401, "forearm_length": 0.1454, "buttock_girth": 0.5388, "upperleg_top_girth": 0.2953, "body_height_Z": 1.0, "lowerleg_bottom_girth": 0.1138, "upperleg_length": 0.209, "shoulders_width": 0.1747, "feet_heel_width": 0.0409, "buttock_width_X": 0.1982, "head_length": 0.1154, "wrist_girth": 0.0841, "upperarm_axillary_girth": 0.1662, "chest_girth": 0.4774, "neck_height_Z": 0.0373, "head_height_Z": 0.1283, "hands_width": 0.0459, "chest_depth_Y": 0.1148, "feet_length": 0.1414, "elbow_girth": 0.1366, "lowerleg_length": 0.243, "hands_length": 0.1095, "waist_girth": 0.3568, "torso_height_Z": 0.211, "neck_girth": 0.1532, "buttock_depth_Y": 0.1124}, "structural": {"Shoulders_Length": 0.8, "Neck_Mass": 0.0, "Pelvis_SizeX": 0.59, "Torso_Mass": 0.12, "Torso_BreastMass": 0.43, "Feet_Mass": 0.0, "Wrists_Size": 0.475, "Pelvis_GluteusSize": 0.74, "Arms_UpperarmMass": 0.0, "Cheeks_Mass": 0.0, "Hands_Mass": 0.0, "Pelvis_GluteusMass": 0.0, "Stomach_Volume": 0.49, "Arms_ForearmMass": 0.0, "Shoulders_Mass": 0.0, "Legs_UpperlegsMass": 0.0, "Waist_Size": -0.005, "Legs_LowerlegsMass": 0.0, "Stomach_LocalFat": 0.715}}