{"manuellab_vers": [1, 4, 0], "metaproperties": {"character_tone": -1.0, "character_age": 0.0, "character_mass": 1.0, "last_character_age": 0.0, "last_character_mass": 1.0, "last_character_tone": -1.0}, "materialproperties": {}, "proportions": {"lowerleg_calf_girth": 0.2666, "chest_width_X": 0.1865, "upperarm_length": 0.2001, "head_width_X": 0.0847, "feet_height_Z": 0.0425, "feet_width": 0.0581, "upperleg_bottom_girth": 0.316, "buttock_height_Z": 0.1669, "forearm_length": 0.1517, "buttock_girth": 0.9178, "upperleg_top_girth": 0.4778, "body_height_Z": 1.0, "lowerleg_bottom_girth": 0.1654, "upperleg_length": 0.1721, "shoulders_width": 0.1716, "feet_heel_width": 0.044, "buttock_width_X": 0.3105, "head_length": 0.1192, "wrist_girth": 0.0887, "upperarm_axillary_girth": 0.3047, "chest_girth": 0.7976, "neck_height_Z": 0.0182, "head_height_Z": 0.143, "hands_width": 0.0493, "chest_depth_Y": 0.2099, "feet_length": 0.1474, "elbow_girth": 0.1799, "lowerleg_length": 0.226, "hands_length": 0.1195, "waist_girth": 0.8257, "torso_height_Z": 0.2462, "neck_girth": 0.2533, "buttock_depth_Y": 0.226}, "structural": {"Shoulders_PosZ": 0.14, "Pelvis_SizeX": 0.62, "Torso_Vshape": 0.38, "Legs_KneeSize": 0.7, "Legs_UpperlegsMass": 1.5, "Arms_UpperarmTone": -0.65, "Arms_ForearmSize": 0.44, "Arms_ForearmLength": 0.65, "Hands_FingersInterDist": 0.38, "Torso_BreastTone": 0.7, "Neck_Size": 0.35, "Hands_Mass": 1.14, "Torso_BreastMass": 1.0, "Feet_Mass": 1.23, "Torso_ToracicCurve": 1.0, "Pelvis_GluteusTone": -0.5, "Legs_LowerlegsTone": -0.5, "Cheeks_Mass": 1.5, "Head_Size": 0.59, "Waist_Size": 0.69, "Forehead_SizeZ": 0.62, "Torso_Tone": -0.62, "Arms_UpperarmMass": 1.38, "Arms_ForearmTone": -0.5, "Neck_Length": 0.41, "Wrists_Size": 0.55, "Pelvis_GluteusMass": 1.5, "Arms_UpperarmSize": 0.47, "Shoulders_Tone": -0.76, "Shoulders_Mass": 1.08, "Hands_FingersLength": 1.0, "Legs_UpperlegsTone": -0.65, "Neck_Tone": -0.65, "Legs_LowerlegsMass": 1.5, "Stomach_LocalFat": 0.52, "Neck_Angle": 0.29, "Torso_Mass": 1.44, "Torso_SizeY": 0.29, "Neck_Mass": 1.32, "Arms_ForearmMass": 1.5, "Cheeks_Tone": -0.5, "Feet_Size": 0.62, "Arms_UpperarmLength": 0.59, "Chin_Tone": 0.29, "Stomach_Volume": 0.61}}