{"manuellab_vers": [1, 4, 0], "metaproperties": {"character_tone": -1.0, "character_age": 0.0, "character_mass": 1.0, "last_character_age": 0.0, "last_character_mass": 1.0, "last_character_tone": -1.0}, "materialproperties": {}, "proportions": {"lowerleg_calf_girth": 0.2564, "chest_width_X": 0.1799, "upperarm_length": 0.1919, "head_width_X": 0.0784, "feet_height_Z": 0.0408, "feet_width": 0.0557, "upperleg_bottom_girth": 0.3062, "buttock_height_Z": 0.1627, "forearm_length": 0.1454, "buttock_girth": 0.8473, "upperleg_top_girth": 0.4474, "body_height_Z": 1.0, "lowerleg_bottom_girth": 0.1587, "upperleg_length": 0.1793, "shoulders_width": 0.1718, "feet_heel_width": 0.0422, "buttock_width_X": 0.2939, "head_length": 0.1103, "wrist_girth": 0.0844, "upperarm_axillary_girth": 0.2875, "chest_girth": 0.7648, "neck_height_Z": 0.0247, "head_height_Z": 0.1327, "hands_width": 0.0473, "chest_depth_Y": 0.1995, "feet_length": 0.1414, "elbow_girth": 0.1619, "lowerleg_length": 0.226, "hands_length": 0.1146, "waist_girth": 0.7609, "torso_height_Z": 0.2468, "neck_girth": 0.2416, "buttock_depth_Y": 0.1958}, "structural": {"Shoulders_PosZ": 0.14, "Legs_KneeSize": 0.7, "Legs_UpperlegsMass": 1.23, "Arms_UpperarmTone": -0.65, "Arms_ForearmSize": 0.2, "Arms_ForearmLength": 0.65, "Hands_FingersInterDist": 0.38, "Torso_BreastTone": 0.7, "Neck_Size": 0.35, "Hands_Mass": 1.14, "Torso_BreastMass": 1.0, "Pelvis_SizeY": 0.02, "Feet_Mass": 1.23, "Torso_ToracicCurve": 1.0, "Pelvis_GluteusTone": -0.5, "Legs_LowerlegsTone": -0.68, "Cheeks_Mass": 1.5, "Legs_UpperlegSize": 0.44, "Hands_FingersLength": 1.0, "Legs_UpperlegLength": 0.65, "Waist_Size": 0.48, "Torso_Length": 0.71, "Forehead_SizeZ": 0.62, "Torso_Tone": -0.32, "Arms_UpperarmMass": 1.38, "Arms_ForearmTone": -0.5, "Neck_Length": 0.56, "Wrists_Size": 0.55, "Pelvis_GluteusMass": 1.5, "Legs_LowerlegLength": 0.54, "Arms_UpperarmSize": 0.17, "Shoulders_Tone": -0.76, "Shoulders_Mass": 1.08, "Legs_UpperlegsTone": -0.77, "Neck_Tone": -0.65, "Legs_LowerlegsMass": 1.17, "Stomach_LocalFat": 0.52, "Neck_Angle": 0.29, "Torso_Mass": 1.53, "Torso_SizeY": 0.29, "Neck_Mass": 1.23, "Arms_ForearmMass": 1.5, "Cheeks_Tone": -0.5, "Legs_UpperlegInCurve": 0.74, "Feet_Size": 0.62, "Arms_UpperarmLength": 0.59, "Chin_Tone": 0.29, "Stomach_Volume": 0.52}}