{"manuellab_vers": [1, 4, 0], "metaproperties": {"character_tone": -1.0, "character_age": 0.0, "character_mass": -1.0, "last_character_age": 0.0, "last_character_mass": -1.0, "last_character_tone": -1.0}, "materialproperties": {}, "proportions": {"lowerleg_calf_girth": 0.1741, "chest_width_X": 0.155, "upperarm_length": 0.1842, "head_width_X": 0.0865, "feet_height_Z": 0.0435, "feet_width": 0.0553, "upperleg_bottom_girth": 0.1826, "buttock_height_Z": 0.1364, "forearm_length": 0.1478, "buttock_girth": 0.4849, "upperleg_top_girth": 0.2573, "body_height_Z": 1.0, "lowerleg_bottom_girth": 0.1169, "upperleg_length": 0.1996, "shoulders_width": 0.1844, "feet_heel_width": 0.0416, "buttock_width_X": 0.1839, "head_length": 0.1217, "wrist_girth": 0.085, "upperarm_axillary_girth": 0.1694, "chest_girth": 0.474, "neck_height_Z": 0.0291, "head_height_Z": 0.1354, "hands_width": 0.0468, "chest_depth_Y": 0.1017, "feet_length": 0.144, "elbow_girth": 0.1479, "lowerleg_length": 0.2388, "hands_length": 0.1115, "waist_girth": 0.309, "torso_height_Z": 0.229, "neck_girth": 0.1452, "buttock_depth_Y": 0.1014}, "structural": {"Shoulders_PosZ": 0.74, "Torso_Tone": -0.47, "Arms_UpperarmMass": -0.5, "Arms_ForearmTone": -0.5, "Wrists_Size": 0.4, "Pelvis_GluteusMass": -0.29, "Legs_LowerlegLength": 0.39, "Arms_UpperarmSize": 0.71, "Shoulders_Tone": -0.38, "Legs_LowerlegsTone": -0.05, "Legs_UpperlegsTone": -0.65, "Arms_UpperarmTone": -0.5, "Arms_ForearmSize": 0.71, "Neck_Tone": -0.5, "Legs_LowerlegsMass": -0.11, "Stomach_LocalFat": 0.45, "Torso_BreastTone": 0.7, "Torso_Mass": -0.26, "Torso_BreastMass": 0.0, "Feet_Mass": -0.5, "Torso_SizeX": 0.59, "Pelvis_GluteusTone": -0.5, "Legs_UpperlegsMass": -0.32, "Cheeks_Mass": -0.5, "Hands_Mass": -0.5, "Stomach_Volume": 0.48, "Neck_Mass": -0.5, "Arms_ForearmMass": -0.5, "Cheeks_Tone": -0.5, "Torso_Vshape": 0.62, "Head_Size": 0.59, "Shoulders_Size": 0.56, "Legs_UpperlegLength": 0.32, "Waist_Size": 0.48, "Shoulders_Mass": -0.38}}