{"manuellab_vers": [1, 4, 0], "metaproperties": {"character_tone": -1.0, "character_age": 0.0, "character_mass": 0.5, "last_character_age": 0.0, "last_character_mass": 0.5, "last_character_tone": -1.0}, "materialproperties": {}, "proportions": {"lowerleg_calf_girth": 0.2559, "chest_width_X": 0.1826, "upperarm_length": 0.1854, "head_width_X": 0.0793, "feet_height_Z": 0.0394, "feet_width": 0.0533, "upperleg_bottom_girth": 0.3032, "buttock_height_Z": 0.161, "forearm_length": 0.138, "buttock_girth": 0.8765, "upperleg_top_girth": 0.4495, "body_height_Z": 1.0, "lowerleg_bottom_girth": 0.1555, "upperleg_length": 0.1756, "shoulders_width": 0.1647, "feet_heel_width": 0.0408, "buttock_width_X": 0.2973, "head_length": 0.1115, "wrist_girth": 0.0836, "upperarm_axillary_girth": 0.2891, "chest_girth": 0.7329, "neck_height_Z": 0.0206, "head_height_Z": 0.1301, "hands_width": 0.0472, "chest_depth_Y": 0.1907, "feet_length": 0.1368, "elbow_girth": 0.1735, "lowerleg_length": 0.2368, "hands_length": 0.106, "waist_girth": 0.7715, "torso_height_Z": 0.2493, "neck_girth": 0.2516, "buttock_depth_Y": 0.2158}, "structural": {"Torso_Tone": -0.44, "Legs_LowerlegSize": 0.38, "Arms_ForearmTone": -0.44, "Neck_Length": 0.68, "Wrists_Size": 0.4955, "Arms_UpperarmMass": 0.79, "Pelvis_GluteusMass": 0.79, "Legs_LowerlegLength": 0.59, "Legs_KneeSize": 0.402, "Shoulders_Tone": -0.44, "Shoulders_Mass": 0.79, "Legs_UpperlegsTone": -0.44, "Arms_UpperarmTone": -0.44, "Arms_ForearmSize": 0.38, "Neck_Tone": -0.44, "Neck_Collarbone": 0.59, "Stomach_LocalFat": 0.4995, "Legs_LowerlegsTone": -0.44, "Torso_BreastTone": 0.712, "Legs_LowerlegsMass": 0.79, "Torso_Mass": 0.79, "Torso_BreastMass": 0.645, "Feet_Mass": 0.79, "Neck_Mass": 0.79, "Pelvis_GluteusTone": -0.44, "Legs_UpperlegsMass": 0.79, "Cheeks_Mass": 0.73, "Hands_Mass": 0.79, "Legs_UpperlegSize": 0.32, "Arms_UpperarmSize": 0.44, "Arms_ForearmMass": 0.79, "Cheeks_Tone": -0.5, "Torso_Vshape": 0.35, "Legs_UpperlegLength": 0.59, "Waist_Size": 0.4799, "Stomach_Volume": 0.5058}}