{"manuellab_vers": [1, 4, 0], "metaproperties": {"character_tone": -0.5, "character_age": 0.0, "character_mass": 0.5, "last_character_age": 0.0, "last_character_mass": 0.5, "last_character_tone": -0.5}, "materialproperties": {}, "proportions": {"lowerleg_calf_girth": 0.2677, "chest_width_X": 0.1867, "upperarm_length": 0.1993, "head_width_X": 0.082, "feet_height_Z": 0.0407, "feet_width": 0.0558, "upperleg_bottom_girth": 0.3153, "buttock_height_Z": 0.1689, "forearm_length": 0.1428, "buttock_girth": 0.9523, "upperleg_top_girth": 0.5006, "body_height_Z": 1.0, "lowerleg_bottom_girth": 0.1628, "upperleg_length": 0.1727, "shoulders_width": 0.1809, "feet_heel_width": 0.0426, "buttock_width_X": 0.3222, "head_length": 0.1154, "wrist_girth": 0.0883, "upperarm_axillary_girth": 0.3, "chest_girth": 0.8003, "neck_height_Z": 0.0144, "head_height_Z": 0.1345, "hands_width": 0.0499, "chest_depth_Y": 0.2163, "feet_length": 0.1414, "elbow_girth": 0.1816, "lowerleg_length": 0.2287, "hands_length": 0.1097, "waist_girth": 0.8342, "torso_height_Z": 0.255, "neck_girth": 0.2604, "buttock_depth_Y": 0.2295}, "structural": {"Torso_Tone": 0.0, "Pelvis_SizeX": 0.59, "Arms_ForearmTone": 0.0, "Wrists_Size": 0.525, "Arms_UpperarmMass": 1.0, "Pelvis_GluteusMass": 1.0, "Legs_KneeSize": 0.6, "Shoulders_Tone": 0.0, "Legs_LowerlegsTone": 0.0, "Legs_UpperlegsTone": 0.0, "Arms_UpperarmTone": 0.0, "Neck_Tone": 0.0, "Legs_LowerlegsMass": 1.0, "Stomach_LocalFat": 0.75, "Torso_BreastTone": 0.6, "Torso_Mass": 1.12, "Torso_BreastMass": 0.93, "Feet_Mass": 1.0, "Neck_Mass": 1.0, "Pelvis_GluteusTone": 0.0, "Legs_UpperlegsMass": 1.0, "Cheeks_Mass": 1.0, "Hands_Mass": 1.0, "Pelvis_GluteusSize": 0.74, "Stomach_Volume": 0.51, "Arms_ForearmMass": 1.0, "Cheeks_Tone": 0.0, "Shoulders_Length": 0.8, "Waist_Size": 0.095, "Shoulders_Mass": 1.0}}