{"manuellab_vers": [1, 4, 0], "metaproperties": {"character_tone": -0.5, "character_age": 0.0, "character_mass": 0.0, "last_character_age": 0.0, "last_character_mass": 0.0, "last_character_tone": -0.5}, "materialproperties": {}, "proportions": {"lowerleg_calf_girth": 0.2215, "chest_width_X": 0.1687, "upperarm_length": 0.1889, "head_width_X": 0.0865, "feet_height_Z": 0.0425, "feet_width": 0.0553, "upperleg_bottom_girth": 0.248, "buttock_height_Z": 0.1531, "forearm_length": 0.1466, "buttock_girth": 0.6931, "upperleg_top_girth": 0.3697, "body_height_Z": 1.0, "lowerleg_bottom_girth": 0.14, "upperleg_length": 0.1814, "shoulders_width": 0.1683, "feet_heel_width": 0.042, "buttock_width_X": 0.2485, "head_length": 0.1217, "wrist_girth": 0.0872, "upperarm_axillary_girth": 0.2331, "chest_girth": 0.6159, "neck_height_Z": 0.0244, "head_height_Z": 0.1386, "hands_width": 0.0481, "chest_depth_Y": 0.1568, "feet_length": 0.144, "elbow_girth": 0.1608, "lowerleg_length": 0.2308, "hands_length": 0.1116, "waist_girth": 0.5505, "torso_height_Z": 0.2421, "neck_girth": 0.2036, "buttock_depth_Y": 0.1643}, "structural": {"Torso_Vshape": 0.32, "Head_Size": 0.59, "Torso_Tone": 0.0, "Torso_BreastTone": 0.6, "Arms_ForearmTone": 0.0, "Legs_LowerlegLength": 0.39, "Waist_Size": 0.495, "Wrists_Size": 0.475, "Pelvis_GluteusTone": 0.0, "Legs_LowerlegsTone": 0.0, "Shoulders_Tone": 0.0, "Cheeks_Tone": 0.0, "Legs_UpperlegsTone": 0.0, "Arms_UpperarmTone": 0.0, "Legs_UpperlegLength": 0.32, "Neck_Tone": 0.0}}