{"manuellab_vers": [1, 4, 0], "metaproperties": {"character_tone": 0.0, "character_age": 0.0, "character_mass": 1.0, "last_character_age": 0.0, "last_character_mass": 1.0, "last_character_tone": 0.0}, "materialproperties": {}, "proportions": {"lowerleg_calf_girth": 0.2464, "chest_width_X": 0.1638, "upperarm_length": 0.1967, "head_width_X": 0.0806, "feet_height_Z": 0.04, "feet_width": 0.0535, "upperleg_bottom_girth": 0.2938, "buttock_height_Z": 0.1366, "forearm_length": 0.1434, "buttock_girth": 0.6747, "upperleg_top_girth": 0.423, "body_height_Z": 1.0, "lowerleg_bottom_girth": 0.1364, "upperleg_length": 0.2088, "shoulders_width": 0.1683, "feet_heel_width": 0.0408, "buttock_width_X": 0.2402, "head_length": 0.1134, "wrist_girth": 0.0885, "upperarm_axillary_girth": 0.2658, "chest_girth": 0.7419, "neck_height_Z": 0.021, "head_height_Z": 0.1292, "hands_width": 0.0479, "chest_depth_Y": 0.1906, "feet_length": 0.1356, "elbow_girth": 0.1752, "lowerleg_length": 0.2492, "hands_length": 0.1053, "waist_girth": 0.5547, "torso_height_Z": 0.2264, "neck_girth": 0.2224, "buttock_depth_Y": 0.1563}, "structural": {"Shoulders_PosZ": 0.59, "Legs_KneeSize": 0.7, "Body_Size": 0.46, "Pelvis_SizeX": 0.55, "Torso_Dorsi": 0.8, "Wrists_Size": 0.6, "Arms_UpperarmMass": 1.5, "Pelvis_GluteusMass": 1.59, "Legs_LowerlegsMass": 1.5, "Shoulders_Tone": 0.59, "Shoulders_Mass": 1.38, "Head_Size": 0.56, "Stomach_LocalFat": 0.52, "Arms_ForearmLength": 0.53, "Torso_BreastTone": 0.74, "Torso_Mass": 1.5, "Torso_BreastMass": 1.27, "Feet_Mass": 1.5, "Neck_Mass": 1.5, "Pelvis_GluteusTone": 0.65, "Legs_UpperlegsMass": 1.5, "Cheeks_Mass": 1.5, "Hands_Mass": 1.5, "Legs_UpperlegSize": 0.65, "Pelvis_GluteusSize": 0.57, "Arms_ForearmMass": 1.5, "Legs_LowerlegLength": 0.62, "Arms_UpperarmLength": 0.737, "Legs_UpperlegLength": 0.65, "Waist_Size": 0.46, "Stomach_Volume": 0.52}}