{"manuellab_vers": [1, 4, 0], "metaproperties": {"character_tone": -0.5, "character_age": 0.0, "character_mass": 0.0, "last_character_age": 0.0, "last_character_mass": 0.0, "last_character_tone": -0.5}, "materialproperties": {}, "proportions": {"lowerleg_calf_girth": 0.2123, "chest_width_X": 0.1576, "upperarm_length": 0.1976, "head_width_X": 0.0806, "feet_height_Z": 0.04, "feet_width": 0.0521, "upperleg_bottom_girth": 0.25, "buttock_height_Z": 0.1448, "forearm_length": 0.1399, "buttock_girth": 0.6925, "upperleg_top_girth": 0.377, "body_height_Z": 1.0, "lowerleg_bottom_girth": 0.1325, "upperleg_length": 0.1967, "shoulders_width": 0.1686, "feet_heel_width": 0.0397, "buttock_width_X": 0.2421, "head_length": 0.1134, "wrist_girth": 0.0821, "upperarm_axillary_girth": 0.2021, "chest_girth": 0.6357, "neck_height_Z": 0.0239, "head_height_Z": 0.1292, "hands_width": 0.0453, "chest_depth_Y": 0.1627, "feet_length": 0.1356, "elbow_girth": 0.152, "lowerleg_length": 0.2484, "hands_length": 0.1051, "waist_girth": 0.5071, "torso_height_Z": 0.228, "neck_girth": 0.1921, "buttock_depth_Y": 0.1643}, "structural": {"Shoulders_PosZ": 0.59, "Head_Size": 0.56, "Torso_Tone": 0.0, "Body_Size": 0.46, "Pelvis_SizeX": 0.55, "Arms_ForearmTone": 0.0, "Torso_Dorsi": 0.8, "Wrists_Size": 0.475, "Pelvis_GluteusMass": 0.59, "Shoulders_Tone": 0.09, "Shoulders_Mass": 0.38, "Legs_UpperlegsTone": 0.0, "Arms_UpperarmTone": 0.0, "Neck_Tone": 0.0, "Arms_ForearmLength": 0.53, "Torso_BreastTone": 0.84, "Torso_BreastMass": 0.77, "Pelvis_GluteusTone": 0.15, "Legs_LowerlegsTone": 0.0, "Legs_UpperlegSize": 0.65, "Pelvis_GluteusSize": 0.57, "Cheeks_Tone": 0.0, "Legs_LowerlegLength": 0.62, "Arms_UpperarmLength": 0.737, "Legs_UpperlegLength": 0.65, "Waist_Size": 0.255}}