{"manuellab_vers": [1, 4, 0], "metaproperties": {"character_tone": 0.0, "character_age": 0.0, "character_mass": -0.5, "last_character_age": 0.0, "last_character_mass": -0.5, "last_character_tone": 0.0}, "materialproperties": {}, "proportions": {"lowerleg_calf_girth": 0.1692, "chest_width_X": 0.1348, "upperarm_length": 0.1803, "head_width_X": 0.0784, "feet_height_Z": 0.0427, "feet_width": 0.0543, "upperleg_bottom_girth": 0.1744, "buttock_height_Z": 0.1373, "forearm_length": 0.148, "buttock_girth": 0.4493, "upperleg_top_girth": 0.2312, "body_height_Z": 1.0, "lowerleg_bottom_girth": 0.1126, "upperleg_length": 0.213, "shoulders_width": 0.1659, "feet_heel_width": 0.0405, "buttock_width_X": 0.1709, "head_length": 0.1103, "wrist_girth": 0.0794, "upperarm_axillary_girth": 0.1543, "chest_girth": 0.4183, "neck_height_Z": 0.0467, "head_height_Z": 0.1267, "hands_width": 0.0435, "chest_depth_Y": 0.0923, "feet_length": 0.1414, "elbow_girth": 0.1192, "lowerleg_length": 0.2399, "hands_length": 0.1145, "waist_girth": 0.3066, "torso_height_Z": 0.2032, "neck_girth": 0.1326, "buttock_depth_Y": 0.0836}, "structural": {"Shoulders_PosZ": 0.14, "Forehead_SizeZ": 0.62, "Torso_Tone": 0.68, "Arms_UpperarmMass": -0.12, "Neck_Length": 0.56, "Wrists_Size": 0.475, "Neck_Size": 0.35, "Arms_ForearmSize": 0.2, "Pelvis_GluteusMass": 0.0, "Arms_UpperarmLength": 0.59, "Arms_UpperarmSize": 0.17, "Shoulders_Tone": 0.24, "Shoulders_Mass": -0.42, "Arms_UpperarmTone": 0.35, "Legs_UpperlegsTone": 0.23, "Hands_FingersInterDist": 0.38, "Neck_Tone": 0.35, "Legs_LowerlegsMass": -0.33, "Stomach_LocalFat": 0.475, "Neck_Angle": 0.29, "Arms_ForearmLength": 0.65, "Legs_LowerlegsTone": 0.32, "Hands_FingersLength": 1.0, "Torso_Mass": 0.03, "Torso_BreastMass": 0.25, "Torso_SizeY": 0.29, "Feet_Mass": -0.27, "Neck_Mass": -0.27, "Torso_ToracicCurve": 1.0, "Legs_LowerlegLength": 0.54, "Legs_UpperlegsMass": -0.27, "Cheeks_Mass": 0.0, "Hands_Mass": -0.36, "Pelvis_SizeY": 0.02, "Stomach_Volume": 0.49, "Arms_ForearmMass": 0.0, "Legs_UpperlegInCurve": 0.74, "Feet_Size": 0.62, "Legs_UpperlegSize": 0.44, "Legs_UpperlegLength": 0.65, "Waist_Size": 0.285, "Chin_Tone": 0.29, "Torso_Length": 0.71}}