{"manuellab_vers": [1, 4, 0], "metaproperties": {"character_tone": -1.0, "character_age": 0.0, "character_mass": 0.0, "last_character_age": 0.0, "last_character_mass": 0.0, "last_character_tone": -1.0}, "materialproperties": {}, "proportions": {"lowerleg_calf_girth": 0.2175, "chest_width_X": 0.1682, "upperarm_length": 0.1812, "head_width_X": 0.082, "feet_height_Z": 0.0418, "feet_width": 0.0543, "upperleg_bottom_girth": 0.2436, "buttock_height_Z": 0.1539, "forearm_length": 0.144, "buttock_girth": 0.7117, "upperleg_top_girth": 0.3707, "body_height_Z": 1.0, "lowerleg_bottom_girth": 0.1376, "upperleg_length": 0.1906, "shoulders_width": 0.1691, "feet_heel_width": 0.0412, "buttock_width_X": 0.2586, "head_length": 0.1154, "wrist_girth": 0.0851, "upperarm_axillary_girth": 0.2327, "chest_girth": 0.6053, "neck_height_Z": 0.0346, "head_height_Z": 0.1314, "hands_width": 0.0473, "chest_depth_Y": 0.155, "feet_length": 0.1414, "elbow_girth": 0.1579, "lowerleg_length": 0.2354, "hands_length": 0.1096, "waist_girth": 0.6275, "torso_height_Z": 0.2252, "neck_girth": 0.1973, "buttock_depth_Y": 0.1639}, "structural": {"Shoulders_PosZ": 0.17, "Shoulders_Length": 0.32, "Torso_Tone": -0.5, "Pelvis_SizeX": 0.8, "Arms_ForearmTone": -0.5, "Waist_Size": 0.85, "Wrists_Size": 0.45, "Torso_Vshape": 0.38, "Pelvis_GluteusTone": -0.5, "Legs_LowerlegsTone": -0.5, "Pelvis_GluteusSize": 0.59, "Shoulders_Tone": -0.5, "Cheeks_Tone": -0.5, "Legs_UpperlegsTone": -0.5, "Arms_UpperarmTone": -0.5, "Stomach_LocalFat": 0.68, "Neck_Tone": -0.5, "Torso_BreastTone": 0.7}}