{"manuellab_vers": [1, 4, 0], "metaproperties": {"character_tone": -1.0, "character_age": 0.0, "character_mass": -1.0, "last_character_age": 0.0, "last_character_mass": -1.0, "last_character_tone": -1.0}, "materialproperties": {}, "proportions": {"lowerleg_calf_girth": 0.1719, "chest_width_X": 0.1414, "upperarm_length": 0.1805, "head_width_X": 0.0818, "feet_height_Z": 0.0405, "feet_width": 0.0514, "upperleg_bottom_girth": 0.1804, "buttock_height_Z": 0.1358, "forearm_length": 0.146, "buttock_girth": 0.517, "upperleg_top_girth": 0.2542, "body_height_Z": 1.0, "lowerleg_bottom_girth": 0.1114, "upperleg_length": 0.2099, "shoulders_width": 0.1592, "feet_heel_width": 0.0392, "buttock_width_X": 0.1938, "head_length": 0.1151, "wrist_girth": 0.0775, "upperarm_axillary_girth": 0.1621, "chest_girth": 0.4415, "neck_height_Z": 0.0253, "head_height_Z": 0.128, "hands_width": 0.0434, "chest_depth_Y": 0.1004, "feet_length": 0.1338, "elbow_girth": 0.1371, "lowerleg_length": 0.2474, "hands_length": 0.0992, "waist_girth": 0.2957, "torso_height_Z": 0.2256, "neck_girth": 0.1379, "buttock_depth_Y": 0.1105}, "structural": {"Shoulders_PosZ": 0.77, "Head_Size": 0.47, "Torso_Tone": -0.77, "Pelvis_SizeX": 0.86, "Arms_ForearmTone": -0.5, "Neck_Length": 0.38, "Wrists_Size": 0.4, "Arms_UpperarmMass": -0.5, "Pelvis_GluteusMass": -0.29, "Legs_LowerlegsMass": -0.5, "Shoulders_Tone": -0.5, "Shoulders_Mass": -0.5, "Hands_Size": 0.32, "Arms_UpperarmTone": -0.5, "Legs_UpperlegsTone": -0.5, "Neck_Tone": -0.5, "Stomach_LocalFat": 0.45, "Legs_LowerlegsTone": -0.5, "Torso_BreastTone": 0.7, "Torso_Mass": -0.35, "Torso_BreastMass": 0.0, "Feet_Mass": -0.26, "Neck_Mass": -0.17, "Pelvis_GluteusTone": -0.5, "Legs_UpperlegsMass": -0.5, "Cheeks_Mass": -0.5, "Hands_Mass": 0.0, "Pelvis_SizeY": 0.8, "Arms_ForearmMass": -0.5, "Cheeks_Tone": -0.5, "Torso_Vshape": 0.26, "Feet_Size": 0.29, "Hands_FingersLength": 0.11, "Waist_Size": 0.48, "Stomach_Volume": 0.48}}