{"manuellab_vers": [1, 4, 0], "metaproperties": {"character_tone": -1.0, "character_age": 0.0, "character_mass": -1.0, "last_character_age": 0.0, "last_character_mass": -1.0, "last_character_tone": -1.0}, "materialproperties": {}, "proportions": {"lowerleg_calf_girth": 0.1612, "chest_width_X": 0.1358, "upperarm_length": 0.1736, "head_width_X": 0.0793, "feet_height_Z": 0.0414, "feet_width": 0.0525, "upperleg_bottom_girth": 0.1731, "buttock_height_Z": 0.1294, "forearm_length": 0.1405, "buttock_girth": 0.4593, "upperleg_top_girth": 0.2305, "body_height_Z": 1.0, "lowerleg_bottom_girth": 0.1101, "upperleg_length": 0.2096, "shoulders_width": 0.1587, "feet_heel_width": 0.0395, "buttock_width_X": 0.1746, "head_length": 0.1115, "wrist_girth": 0.079, "upperarm_axillary_girth": 0.1549, "chest_girth": 0.4258, "neck_height_Z": 0.0428, "head_height_Z": 0.1241, "hands_width": 0.0444, "chest_depth_Y": 0.0968, "feet_length": 0.1368, "elbow_girth": 0.1298, "lowerleg_length": 0.2513, "hands_length": 0.1059, "waist_girth": 0.2766, "torso_height_Z": 0.2112, "neck_girth": 0.1345, "buttock_depth_Y": 0.0961}, "structural": {"Torso_Tone": -0.44, "Legs_LowerlegSize": 0.38, "Arms_ForearmTone": -0.44, "Neck_Length": 0.68, "Wrists_Size": 0.3955, "Arms_UpperarmMass": -0.71, "Pelvis_GluteusMass": -0.71, "Legs_LowerlegLength": 0.59, "Legs_KneeSize": 0.302, "Shoulders_Tone": -0.44, "Shoulders_Mass": -0.71, "Legs_UpperlegsTone": -0.44, "Arms_UpperarmTone": -0.44, "Arms_ForearmSize": 0.38, "Neck_Tone": -0.44, "Neck_Collarbone": 0.59, "Stomach_LocalFat": 0.4395, "Legs_LowerlegsTone": -0.44, "Torso_BreastTone": 0.712, "Legs_LowerlegsMass": -0.71, "Torso_Mass": -0.71, "Torso_BreastMass": -0.105, "Feet_Mass": -0.71, "Neck_Mass": -0.71, "Pelvis_GluteusTone": -0.44, "Legs_UpperlegsMass": -0.71, "Cheeks_Mass": -0.77, "Hands_Mass": -0.71, "Legs_UpperlegSize": 0.32, "Arms_UpperarmSize": 0.44, "Arms_ForearmMass": -0.71, "Cheeks_Tone": -0.5, "Torso_Vshape": 0.35, "Legs_UpperlegLength": 0.59, "Waist_Size": 0.3699, "Stomach_Volume": 0.4758}}