{"manuellab_vers": [1, 4, 0], "metaproperties": {"character_tone": -1.0, "character_age": 0.0, "character_mass": 0.5, "last_character_age": 0.0, "last_character_mass": 0.5, "last_character_tone": -1.0}, "materialproperties": {}, "proportions": {"lowerleg_calf_girth": 0.2668, "chest_width_X": 0.1881, "upperarm_length": 0.1981, "head_width_X": 0.0847, "feet_height_Z": 0.0425, "feet_width": 0.0573, "upperleg_bottom_girth": 0.3143, "buttock_height_Z": 0.1665, "forearm_length": 0.1517, "buttock_girth": 0.917, "upperleg_top_girth": 0.4778, "body_height_Z": 1.0, "lowerleg_bottom_girth": 0.1643, "upperleg_length": 0.1722, "shoulders_width": 0.1706, "feet_heel_width": 0.0434, "buttock_width_X": 0.3105, "head_length": 0.1192, "wrist_girth": 0.0861, "upperarm_axillary_girth": 0.2799, "chest_girth": 0.764, "neck_height_Z": 0.0222, "head_height_Z": 0.143, "hands_width": 0.0474, "chest_depth_Y": 0.1975, "feet_length": 0.1474, "elbow_girth": 0.1799, "lowerleg_length": 0.2256, "hands_length": 0.1194, "waist_girth": 0.8115, "torso_height_Z": 0.2426, "neck_girth": 0.2523, "buttock_depth_Y": 0.2257}, "structural": {"Shoulders_PosZ": 0.14, "Pelvis_SizeX": 0.62, "Torso_Vshape": 0.38, "Legs_KneeSize": 0.6, "Legs_UpperlegsMass": 1.0, "Arms_UpperarmTone": -0.65, "Arms_ForearmSize": 0.44, "Arms_ForearmLength": 0.65, "Hands_FingersInterDist": 0.38, "Torso_BreastTone": 0.7, "Neck_Size": 0.35, "Hands_Mass": 0.64, "Torso_BreastMass": 0.75, "Feet_Mass": 0.73, "Torso_ToracicCurve": 1.0, "Pelvis_GluteusTone": -0.5, "Legs_LowerlegsTone": -0.5, "Cheeks_Mass": 1.0, "Head_Size": 0.59, "Waist_Size": 0.59, "Forehead_SizeZ": 0.62, "Torso_Tone": -0.62, "Arms_UpperarmMass": 0.88, "Arms_ForearmTone": -0.5, "Neck_Length": 0.41, "Wrists_Size": 0.5, "Pelvis_GluteusMass": 1.0, "Arms_UpperarmSize": 0.47, "Shoulders_Tone": -0.76, "Shoulders_Mass": 0.58, "Hands_FingersLength": 1.0, "Legs_UpperlegsTone": -0.65, "Neck_Tone": -0.65, "Legs_LowerlegsMass": 1.0, "Stomach_LocalFat": 0.51, "Neck_Angle": 0.29, "Torso_Mass": 0.94, "Torso_SizeY": 0.29, "Neck_Mass": 0.82, "Arms_ForearmMass": 1.0, "Cheeks_Tone": -0.5, "Feet_Size": 0.62, "Arms_UpperarmLength": 0.59, "Chin_Tone": 0.29, "Stomach_Volume": 0.6}}