{"manuellab_vers": [1, 4, 0], "metaproperties": {"character_tone": -1.0, "character_age": 0.0, "character_mass": 0.5, "last_character_age": 0.0, "last_character_mass": 0.5, "last_character_tone": -1.0}, "materialproperties": {}, "proportions": {"lowerleg_calf_girth": 0.2677, "chest_width_X": 0.1899, "upperarm_length": 0.1917, "head_width_X": 0.082, "feet_height_Z": 0.0407, "feet_width": 0.0558, "upperleg_bottom_girth": 0.3153, "buttock_height_Z": 0.1667, "forearm_length": 0.1428, "buttock_girth": 0.9076, "upperleg_top_girth": 0.4794, "body_height_Z": 1.0, "lowerleg_bottom_girth": 0.1628, "upperleg_length": 0.1725, "shoulders_width": 0.1797, "feet_heel_width": 0.0426, "buttock_width_X": 0.3074, "head_length": 0.1154, "wrist_girth": 0.0875, "upperarm_axillary_girth": 0.3, "chest_girth": 0.786, "neck_height_Z": 0.0141, "head_height_Z": 0.1345, "hands_width": 0.0499, "chest_depth_Y": 0.2071, "feet_length": 0.1414, "elbow_girth": 0.1816, "lowerleg_length": 0.2287, "hands_length": 0.1096, "waist_girth": 0.8117, "torso_height_Z": 0.2575, "neck_girth": 0.2604, "buttock_depth_Y": 0.2236}, "structural": {"Torso_Tone": -0.5, "Arms_UpperarmMass": 1.0, "Arms_ForearmTone": -0.5, "Wrists_Size": 0.5, "Pelvis_GluteusMass": 1.0, "Legs_KneeSize": 0.6, "Shoulders_Tone": -0.5, "Legs_LowerlegsTone": -0.5, "Legs_UpperlegsTone": -0.5, "Arms_UpperarmTone": -0.5, "Neck_Tone": -0.5, "Legs_LowerlegsMass": 1.0, "Stomach_LocalFat": 0.51, "Torso_BreastTone": 0.61, "Torso_Mass": 1.0, "Torso_BreastMass": 0.78, "Feet_Mass": 1.0, "Neck_Mass": 1.0, "Pelvis_GluteusTone": -0.5, "Legs_UpperlegsMass": 1.0, "Cheeks_Mass": 1.0, "Hands_Mass": 1.0, "Arms_ForearmMass": 1.0, "Cheeks_Tone": -0.5, "Stomach_Volume": 0.51, "Waist_Size": 0.59, "Shoulders_Mass": 1.0}}