{"manuellab_vers": [1, 4, 0], "metaproperties": {"character_tone": 0.0, "character_age": 0.0, "character_mass": 1.0, "last_character_age": 0.0, "last_character_mass": 1.0, "last_character_tone": 0.0}, "materialproperties": {}, "proportions": {"lowerleg_calf_girth": 0.249, "chest_width_X": 0.1803, "upperarm_length": 0.1876, "head_width_X": 0.0865, "feet_height_Z": 0.0435, "feet_width": 0.0568, "upperleg_bottom_girth": 0.3067, "buttock_height_Z": 0.1595, "forearm_length": 0.1502, "buttock_girth": 0.7516, "upperleg_top_girth": 0.4438, "body_height_Z": 1.0, "lowerleg_bottom_girth": 0.1227, "upperleg_length": 0.179, "shoulders_width": 0.186, "feet_heel_width": 0.0427, "buttock_width_X": 0.2711, "head_length": 0.1217, "wrist_girth": 0.0951, "upperarm_axillary_girth": 0.2833, "chest_girth": 0.7875, "neck_height_Z": 0.0185, "head_height_Z": 0.1386, "hands_width": 0.0508, "chest_depth_Y": 0.204, "feet_length": 0.144, "elbow_girth": 0.1945, "lowerleg_length": 0.233, "hands_length": 0.1118, "waist_girth": 0.5983, "torso_height_Z": 0.2423, "neck_girth": 0.235, "buttock_depth_Y": 0.1725}, "structural": {"Shoulders_PosZ": 0.74, "Torso_Tone": 0.53, "Arms_UpperarmMass": 1.5, "Torso_Vshape": 0.62, "Legs_KneeSize": 0.7, "Wrists_Size": 0.6, "Pelvis_GluteusMass": 1.71, "Arms_UpperarmSize": 0.71, "Shoulders_Tone": 0.62, "Legs_LowerlegsTone": 0.95, "Shoulders_Size": 0.56, "Legs_UpperlegsTone": 0.35, "Arms_ForearmSize": 0.71, "Stomach_LocalFat": 0.52, "Torso_SizeX": 0.59, "Legs_LowerlegsMass": 1.89, "Torso_Mass": 1.74, "Torso_BreastMass": 1.0, "Feet_Mass": 1.5, "Neck_Mass": 1.5, "Legs_UpperlegsMass": 1.68, "Cheeks_Mass": 1.5, "Hands_Mass": 1.5, "Stomach_Volume": 0.52, "Arms_ForearmMass": 1.5, "Legs_LowerlegLength": 0.39, "Head_Size": 0.59, "Legs_UpperlegLength": 0.32, "Waist_Size": 0.7, "Shoulders_Mass": 1.62}}