{"manuellab_vers": [1, 4, 0], "metaproperties": {"character_tone": -0.5, "character_age": 0.0, "character_mass": 0.5, "last_character_age": 0.0, "last_character_mass": 0.5, "last_character_tone": -0.5}, "materialproperties": {}, "proportions": {"lowerleg_calf_girth": 0.262, "chest_width_X": 0.1807, "upperarm_length": 0.2041, "head_width_X": 0.0806, "feet_height_Z": 0.039, "feet_width": 0.0535, "upperleg_bottom_girth": 0.3207, "buttock_height_Z": 0.1608, "forearm_length": 0.1387, "buttock_girth": 0.8967, "upperleg_top_girth": 0.4914, "body_height_Z": 1.0, "lowerleg_bottom_girth": 0.1574, "upperleg_length": 0.1798, "shoulders_width": 0.172, "feet_heel_width": 0.0411, "buttock_width_X": 0.3037, "head_length": 0.1134, "wrist_girth": 0.0848, "upperarm_axillary_girth": 0.2806, "chest_girth": 0.7859, "neck_height_Z": 0.0113, "head_height_Z": 0.1322, "hands_width": 0.0479, "chest_depth_Y": 0.2049, "feet_length": 0.1356, "elbow_girth": 0.1755, "lowerleg_length": 0.2416, "hands_length": 0.1052, "waist_girth": 0.7717, "torso_height_Z": 0.2486, "neck_girth": 0.2537, "buttock_depth_Y": 0.2191}, "structural": {"Shoulders_PosZ": 0.59, "Head_Size": 0.56, "Torso_Tone": 0.0, "Body_Size": 0.46, "Pelvis_SizeX": 0.55, "Arms_ForearmTone": 0.0, "Torso_Dorsi": 0.8, "Wrists_Size": 0.525, "Pelvis_GluteusMass": 1.09, "Legs_KneeSize": 0.6, "Shoulders_Tone": 0.09, "Shoulders_Mass": 0.88, "Legs_UpperlegsTone": 0.0, "Arms_UpperarmTone": 0.0, "Neck_Tone": 0.0, "Stomach_LocalFat": 0.51, "Arms_UpperarmMass": 1.0, "Arms_ForearmLength": 0.53, "Legs_LowerlegsTone": 0.0, "Torso_BreastTone": 0.84, "Legs_LowerlegsMass": 1.0, "Torso_Mass": 1.0, "Torso_BreastMass": 1.02, "Feet_Mass": 1.0, "Neck_Mass": 1.0, "Pelvis_GluteusTone": 0.15, "Legs_UpperlegsMass": 1.0, "Cheeks_Mass": 1.0, "Hands_Mass": 1.0, "Legs_UpperlegSize": 0.65, "Pelvis_GluteusSize": 0.57, "Arms_ForearmMass": 1.0, "Cheeks_Tone": 0.0, "Legs_LowerlegLength": 0.62, "Arms_UpperarmLength": 0.737, "Legs_UpperlegLength": 0.65, "Waist_Size": 0.355, "Stomach_Volume": 0.51}}