{"manuellab_vers": [1, 4, 0], "metaproperties": {"character_tone": -0.5, "character_age": 0.0, "character_mass": 1.0, "last_character_age": 0.0, "last_character_mass": 1.0, "last_character_tone": -0.5}, "materialproperties": {}, "proportions": {"lowerleg_calf_girth": 0.2557, "chest_width_X": 0.1783, "upperarm_length": 0.1914, "head_width_X": 0.081, "feet_height_Z": 0.0407, "feet_width": 0.0555, "upperleg_bottom_girth": 0.3053, "buttock_height_Z": 0.1628, "forearm_length": 0.1449, "buttock_girth": 0.8512, "upperleg_top_girth": 0.4461, "body_height_Z": 1.0, "lowerleg_bottom_girth": 0.1582, "upperleg_length": 0.1788, "shoulders_width": 0.1641, "feet_heel_width": 0.042, "buttock_width_X": 0.293, "head_length": 0.114, "wrist_girth": 0.085, "upperarm_axillary_girth": 0.2866, "chest_girth": 0.7719, "neck_height_Z": 0.0231, "head_height_Z": 0.1367, "hands_width": 0.0471, "chest_depth_Y": 0.2043, "feet_length": 0.141, "elbow_girth": 0.1615, "lowerleg_length": 0.2254, "hands_length": 0.1143, "waist_girth": 0.7901, "torso_height_Z": 0.2455, "neck_girth": 0.243, "buttock_depth_Y": 0.198}, "structural": {"Shoulders_PosZ": 0.14, "Torso_Vshape": 0.38, "Legs_KneeSize": 0.7, "Legs_UpperlegsMass": 1.23, "Arms_UpperarmTone": -0.15, "Arms_ForearmSize": 0.2, "Arms_ForearmLength": 0.65, "Hands_FingersInterDist": 0.38, "Torso_BreastTone": 0.6, "Neck_Size": 0.35, "Pelvis_SizeY": 0.02, "Torso_BreastMass": 1.0, "Feet_Mass": 1.23, "Torso_ToracicCurve": 1.0, "Pelvis_GluteusTone": 0.0, "Legs_LowerlegsTone": -0.18, "Cheeks_Mass": 1.5, "Hands_Mass": 1.14, "Legs_UpperlegSize": 0.44, "Hands_FingersLength": 1.0, "Legs_UpperlegLength": 0.65, "Waist_Size": 0.695, "Torso_Length": 0.71, "Forehead_SizeZ": 0.62, "Torso_Tone": -0.12, "Arms_UpperarmMass": 1.38, "Arms_ForearmTone": 0.0, "Neck_Length": 0.56, "Wrists_Size": 0.575, "Pelvis_GluteusMass": 1.5, "Legs_LowerlegLength": 0.54, "Arms_UpperarmSize": 0.17, "Shoulders_Tone": -0.26, "Shoulders_Mass": 1.08, "Head_Size": 0.59, "Legs_UpperlegsTone": -0.27, "Neck_Tone": -0.15, "Legs_LowerlegsMass": 1.17, "Stomach_LocalFat": 0.52, "Neck_Angle": 0.29, "Torso_Mass": 1.44, "Torso_SizeY": 0.29, "Neck_Mass": 1.23, "Arms_ForearmMass": 1.5, "Cheeks_Tone": 0.0, "Legs_UpperlegInCurve": 0.74, "Feet_Size": 0.62, "Arms_UpperarmLength": 0.59, "Chin_Tone": 0.29, "Stomach_Volume": 0.61}}