{"manuellab_vers": [1, 4, 0], "metaproperties": {"character_tone": -0.5, "character_age": 0.0, "character_mass": 1.0, "last_character_age": 0.0, "last_character_mass": 1.0, "last_character_tone": -0.5}, "materialproperties": {}, "proportions": {"lowerleg_calf_girth": 0.2557, "chest_width_X": 0.1812, "upperarm_length": 0.1854, "head_width_X": 0.0793, "feet_height_Z": 0.0394, "feet_width": 0.0539, "upperleg_bottom_girth": 0.3045, "buttock_height_Z": 0.1614, "forearm_length": 0.138, "buttock_girth": 0.8773, "upperleg_top_girth": 0.4495, "body_height_Z": 1.0, "lowerleg_bottom_girth": 0.1563, "upperleg_length": 0.1755, "shoulders_width": 0.1647, "feet_heel_width": 0.0412, "buttock_width_X": 0.2973, "head_length": 0.1115, "wrist_girth": 0.0866, "upperarm_axillary_girth": 0.2891, "chest_girth": 0.7807, "neck_height_Z": 0.0206, "head_height_Z": 0.1301, "hands_width": 0.0482, "chest_depth_Y": 0.2085, "feet_length": 0.1368, "elbow_girth": 0.1735, "lowerleg_length": 0.237, "hands_length": 0.1061, "waist_girth": 0.785, "torso_height_Z": 0.249, "neck_girth": 0.2516, "buttock_depth_Y": 0.2162}, "structural": {"Torso_Tone": 0.06, "Legs_LowerlegSize": 0.38, "Arms_ForearmTone": 0.06, "Neck_Length": 0.68, "Wrists_Size": 0.5705, "Arms_UpperarmMass": 1.29, "Pelvis_GluteusMass": 1.29, "Legs_LowerlegLength": 0.59, "Legs_KneeSize": 0.502, "Shoulders_Tone": 0.06, "Shoulders_Mass": 1.29, "Legs_UpperlegsTone": 0.06, "Arms_UpperarmTone": 0.06, "Arms_ForearmSize": 0.38, "Neck_Tone": 0.06, "Neck_Collarbone": 0.59, "Stomach_LocalFat": 0.5095, "Legs_LowerlegsTone": 0.06, "Torso_BreastTone": 0.612, "Legs_LowerlegsMass": 1.29, "Torso_Mass": 1.29, "Torso_BreastMass": 0.895, "Feet_Mass": 1.29, "Neck_Mass": 1.29, "Pelvis_GluteusTone": 0.06, "Legs_UpperlegsMass": 1.29, "Cheeks_Mass": 1.23, "Hands_Mass": 1.29, "Legs_UpperlegSize": 0.32, "Arms_UpperarmSize": 0.44, "Arms_ForearmMass": 1.29, "Cheeks_Tone": 0.0, "Torso_Vshape": 0.35, "Legs_UpperlegLength": 0.59, "Waist_Size": 0.5849, "Stomach_Volume": 0.5158}}