{"manuellab_vers": [1, 4, 0], "metaproperties": {"character_tone": -0.5, "character_age": 0.0, "character_mass": -0.5, "last_character_age": 0.0, "last_character_mass": -0.5, "last_character_tone": -0.5}, "materialproperties": {}, "proportions": {"lowerleg_calf_girth": 0.1943, "chest_width_X": 0.1541, "upperarm_length": 0.1847, "head_width_X": 0.0854, "feet_height_Z": 0.0423, "feet_width": 0.0536, "upperleg_bottom_girth": 0.1896, "buttock_height_Z": 0.1394, "forearm_length": 0.1338, "buttock_girth": 0.5498, "upperleg_top_girth": 0.2701, "body_height_Z": 1.0, "lowerleg_bottom_girth": 0.1163, "upperleg_length": 0.1886, "shoulders_width": 0.1667, "feet_heel_width": 0.0409, "buttock_width_X": 0.2056, "head_length": 0.1202, "wrist_girth": 0.0839, "upperarm_axillary_girth": 0.173, "chest_girth": 0.4923, "neck_height_Z": 0.0254, "head_height_Z": 0.1336, "hands_width": 0.0467, "chest_depth_Y": 0.1161, "feet_length": 0.1397, "elbow_girth": 0.1431, "lowerleg_length": 0.2581, "hands_length": 0.1037, "waist_girth": 0.3702, "torso_height_Z": 0.2269, "neck_girth": 0.1446, "buttock_depth_Y": 0.1231}, "structural": {"Shoulders_PosZ": 0.35, "Head_Size": 0.47, "Torso_Tone": -0.06, "Pelvis_SizeX": 0.86, "Arms_ForearmTone": 0.09, "Neck_Length": 0.08, "Wrists_Size": 0.45, "Arms_UpperarmMass": 0.15, "Pelvis_GluteusMass": 0.21, "Legs_LowerlegsMass": 0.3, "Shoulders_Tone": 0.0, "Shoulders_Mass": 0.0, "Hands_Size": 0.32, "Arms_UpperarmTone": -0.06, "Legs_UpperlegsTone": 0.03, "Arms_UpperarmLength": 0.44, "Neck_Tone": -0.03, "Stomach_LocalFat": 0.475, "Arms_ForearmLength": 0.2, "Legs_LowerlegsTone": 0.24, "Torso_BreastTone": 0.6, "Torso_Mass": 0.3, "Torso_BreastMass": 0.25, "Feet_Mass": 0.24, "Neck_Mass": 0.24, "Pelvis_GluteusTone": 0.0, "Legs_UpperlegsMass": 0.12, "Cheeks_Mass": 0.0, "Pelvis_SizeY": 0.8, "Arms_ForearmMass": 0.12, "Cheeks_Tone": 0.0, "Torso_Vshape": 0.26, "Feet_Size": 0.29, "Hands_FingersLength": 0.11, "Legs_UpperlegLength": 0.05, "Waist_Size": 0.49, "Stomach_Volume": 0.49}}