{"manuellab_vers": [1, 4, 0], "metaproperties": {"character_tone": -1.0, "character_age": 0.0, "character_mass": 1.0, "last_character_age": 0.0, "last_character_mass": 1.0, "last_character_tone": -1.0}, "materialproperties": {}, "proportions": {"lowerleg_calf_girth": 0.2616, "chest_width_X": 0.1811, "upperarm_length": 0.1952, "head_width_X": 0.0758, "feet_height_Z": 0.0416, "feet_width": 0.0568, "upperleg_bottom_girth": 0.3123, "buttock_height_Z": 0.163, "forearm_length": 0.1485, "buttock_girth": 0.8708, "upperleg_top_girth": 0.4563, "body_height_Z": 1.0, "lowerleg_bottom_girth": 0.1618, "upperleg_length": 0.1829, "shoulders_width": 0.1605, "feet_heel_width": 0.043, "buttock_width_X": 0.2998, "head_length": 0.1067, "wrist_girth": 0.0868, "upperarm_axillary_girth": 0.2954, "chest_girth": 0.7777, "neck_height_Z": 0.0179, "head_height_Z": 0.1288, "hands_width": 0.0482, "chest_depth_Y": 0.2054, "feet_length": 0.1443, "elbow_girth": 0.176, "lowerleg_length": 0.2306, "hands_length": 0.1169, "waist_girth": 0.8079, "torso_height_Z": 0.2484, "neck_girth": 0.2474, "buttock_depth_Y": 0.2026}, "structural": {"Shoulders_PosZ": 0.41, "Torso_Vshape": 0.26, "Legs_KneeSize": 0.7, "Legs_UpperlegsMass": 1.23, "Arms_UpperarmTone": -0.65, "Arms_ForearmSize": 0.44, "Arms_ForearmLength": 0.65, "Hands_FingersInterDist": 0.38, "Torso_BreastTone": 0.7, "Hands_Mass": 1.14, "Torso_BreastMass": 1.0, "Pelvis_SizeY": 0.02, "Feet_Mass": 1.23, "Torso_ToracicCurve": 1.0, "Pelvis_GluteusTone": -0.5, "Legs_LowerlegsTone": -0.68, "Cheeks_Mass": 1.5, "Legs_UpperlegSize": 0.44, "Head_Size": 0.29, "Legs_UpperlegLength": 0.65, "Waist_Size": 0.69, "Forehead_SizeZ": 0.62, "Torso_Tone": -0.38, "Arms_UpperarmMass": 1.38, "Arms_ForearmTone": -0.5, "Wrists_Size": 0.55, "Pelvis_GluteusMass": 1.5, "Legs_LowerlegLength": 0.54, "Arms_UpperarmSize": 0.47, "Shoulders_Tone": -0.76, "Shoulders_Mass": 1.08, "Hands_FingersLength": 1.0, "Legs_UpperlegsTone": -0.77, "Neck_Tone": -0.5, "Legs_LowerlegsMass": 1.17, "Stomach_LocalFat": 0.52, "Torso_Mass": 1.62, "Torso_SizeY": 0.29, "Neck_Mass": 1.5, "Arms_ForearmMass": 1.5, "Cheeks_Tone": -0.5, "Legs_UpperlegInCurve": 0.74, "Feet_Size": 0.62, "Arms_UpperarmLength": 0.59, "Chin_Tone": 0.29, "Stomach_Volume": 0.61}}