{"manuellab_vers": [1, 4, 0], "metaproperties": {"character_tone": 0.0, "character_age": 0.0, "character_mass": -1.0, "last_character_age": 0.0, "last_character_mass": -1.0, "last_character_tone": 0.0}, "materialproperties": {}, "proportions": {"lowerleg_calf_girth": 0.1895, "chest_width_X": 0.1596, "upperarm_length": 0.1879, "head_width_X": 0.0833, "feet_height_Z": 0.0435, "feet_width": 0.0552, "upperleg_bottom_girth": 0.1907, "buttock_height_Z": 0.1435, "forearm_length": 0.1478, "buttock_girth": 0.4865, "upperleg_top_girth": 0.2808, "body_height_Z": 1.0, "lowerleg_bottom_girth": 0.1157, "upperleg_length": 0.1841, "shoulders_width": 0.176, "feet_heel_width": 0.0416, "buttock_width_X": 0.1738, "head_length": 0.1173, "wrist_girth": 0.0848, "upperarm_axillary_girth": 0.169, "chest_girth": 0.4757, "neck_height_Z": 0.0378, "head_height_Z": 0.1304, "hands_width": 0.0467, "chest_depth_Y": 0.1023, "feet_length": 0.1438, "elbow_girth": 0.1389, "lowerleg_length": 0.247, "hands_length": 0.1113, "waist_girth": 0.4046, "torso_height_Z": 0.2256, "neck_girth": 0.1545, "buttock_depth_Y": 0.1095}, "structural": {"Legs_LowerlegsMass": -0.5, "Pelvis_SizeX": 0.32, "Torso_Vshape": 0.29, "Wrists_Size": 0.45, "Arms_ForearmMass": -0.5, "Pelvis_GluteusMass": -0.5, "Shoulders_Mass": -0.44, "Stomach_LocalFat": 0.45, "Arms_UpperarmMass": -0.5, "Legs_UpperlegLength": 0.08, "Torso_Mass": -0.5, "Torso_BreastMass": 0.0, "Feet_Mass": -0.5, "Neck_Mass": -0.5, "Legs_UpperlegsMass": -0.5, "Cheeks_Mass": -0.5, "Torso_Length": 0.68, "Hands_Mass": -0.5, "Torso_SizeX": 0.83, "Stomach_Volume": 0.54, "Waist_Size": 0.85, "Shoulders_Length": 0.65}}