{"manuellab_vers": [1, 4, 0], "metaproperties": {"character_tone": -1.0, "character_age": 0.0, "character_mass": 0.5, "last_character_age": 0.0, "last_character_mass": 0.5, "last_character_tone": -1.0}, "materialproperties": {}, "proportions": {"lowerleg_calf_girth": 0.2722, "chest_width_X": 0.207, "upperarm_length": 0.2001, "head_width_X": 0.0833, "feet_height_Z": 0.0414, "feet_width": 0.0567, "upperleg_bottom_girth": 0.3203, "buttock_height_Z": 0.1736, "forearm_length": 0.1451, "buttock_girth": 0.91, "upperleg_top_girth": 0.4872, "body_height_Z": 1.0, "lowerleg_bottom_girth": 0.1655, "upperleg_length": 0.1476, "shoulders_width": 0.1822, "feet_heel_width": 0.0433, "buttock_width_X": 0.2999, "head_length": 0.1173, "wrist_girth": 0.0889, "upperarm_axillary_girth": 0.3049, "chest_girth": 0.8235, "neck_height_Z": 0.0145, "head_height_Z": 0.1368, "hands_width": 0.0507, "chest_depth_Y": 0.2112, "feet_length": 0.1438, "elbow_girth": 0.1846, "lowerleg_length": 0.2324, "hands_length": 0.1115, "waist_girth": 0.8995, "torso_height_Z": 0.2695, "neck_girth": 0.2632, "buttock_depth_Y": 0.2291}, "structural": {"Shoulders_Length": 0.65, "Torso_Tone": -0.5, "Pelvis_SizeX": 0.32, "Arms_ForearmTone": -0.5, "Wrists_Size": 0.5, "Arms_UpperarmMass": 1.0, "Pelvis_GluteusMass": 1.0, "Legs_KneeSize": 0.6, "Shoulders_Tone": -0.5, "Shoulders_Mass": 1.06, "Legs_UpperlegsTone": -0.5, "Arms_UpperarmTone": -0.5, "Neck_Tone": -0.5, "Legs_LowerlegsMass": 1.0, "Stomach_LocalFat": 0.51, "Legs_LowerlegsTone": -0.5, "Torso_BreastTone": 0.7, "Torso_Mass": 1.0, "Torso_BreastMass": 0.75, "Feet_Mass": 1.0, "Torso_SizeX": 0.83, "Pelvis_GluteusTone": -0.5, "Legs_UpperlegsMass": 1.0, "Cheeks_Mass": 1.0, "Hands_Mass": 1.0, "Stomach_Volume": 0.57, "Neck_Mass": 1.0, "Torso_Length": 0.68, "Cheeks_Tone": -0.5, "Torso_Vshape": 0.29, "Legs_UpperlegLength": 0.08, "Waist_Size": 0.95, "Arms_ForearmMass": 1.0}}