{"manuellab_vers": [1, 4, 0], "metaproperties": {"character_tone": -0.5, "character_age": 0.0, "character_mass": 1.0, "last_character_age": 0.0, "last_character_mass": 1.0, "last_character_tone": -0.5}, "materialproperties": {}, "proportions": {"lowerleg_calf_girth": 0.2594, "chest_width_X": 0.2009, "upperarm_length": 0.1964, "head_width_X": 0.0865, "feet_height_Z": 0.0423, "feet_width": 0.0568, "upperleg_bottom_girth": 0.3225, "buttock_height_Z": 0.17, "forearm_length": 0.1453, "buttock_girth": 0.925, "upperleg_top_girth": 0.4882, "body_height_Z": 1.0, "lowerleg_bottom_girth": 0.1474, "upperleg_length": 0.1605, "shoulders_width": 0.1907, "feet_heel_width": 0.0431, "buttock_width_X": 0.3131, "head_length": 0.1217, "wrist_girth": 0.093, "upperarm_axillary_girth": 0.3104, "chest_girth": 0.8557, "neck_height_Z": 0.0057, "head_height_Z": 0.1418, "hands_width": 0.0508, "chest_depth_Y": 0.2254, "feet_length": 0.144, "elbow_girth": 0.1949, "lowerleg_length": 0.2272, "hands_length": 0.1118, "waist_girth": 0.8511, "torso_height_Z": 0.2689, "neck_girth": 0.2682, "buttock_depth_Y": 0.228}, "structural": {"Shoulders_PosZ": 0.74, "Torso_Tone": 0.03, "Arms_UpperarmMass": 1.5, "Arms_ForearmTone": 0.0, "Wrists_Size": 0.575, "Pelvis_GluteusMass": 1.71, "Legs_LowerlegLength": 0.39, "Legs_KneeSize": 0.7, "Shoulders_Tone": 0.12, "Shoulders_Mass": 1.62, "Legs_UpperlegsTone": -0.15, "Arms_UpperarmTone": 0.0, "Arms_ForearmSize": 0.71, "Neck_Tone": 0.0, "Legs_LowerlegsMass": 1.89, "Stomach_LocalFat": 0.52, "Legs_LowerlegsTone": 0.45, "Torso_BreastTone": 0.6, "Torso_Mass": 1.74, "Torso_BreastMass": 1.0, "Feet_Mass": 1.5, "Torso_SizeX": 0.59, "Pelvis_GluteusTone": 0.0, "Legs_UpperlegsMass": 1.68, "Cheeks_Mass": 1.5, "Hands_Mass": 1.5, "Arms_UpperarmSize": 0.71, "Neck_Mass": 1.5, "Arms_ForearmMass": 1.5, "Cheeks_Tone": 0.0, "Torso_Vshape": 0.62, "Head_Size": 0.59, "Shoulders_Size": 0.56, "Legs_UpperlegLength": 0.32, "Waist_Size": 0.695, "Stomach_Volume": 0.52}}