{"manuellab_vers": [1, 4, 0], "metaproperties": {"character_tone": -0.5, "character_age": 0.0, "character_mass": -0.5, "last_character_age": 0.0, "last_character_mass": -0.5, "last_character_tone": -0.5}, "materialproperties": {}, "proportions": {"lowerleg_calf_girth": 0.1674, "chest_width_X": 0.1373, "upperarm_length": 0.1834, "head_width_X": 0.0758, "feet_height_Z": 0.0436, "feet_width": 0.0553, "upperleg_bottom_girth": 0.1781, "buttock_height_Z": 0.1326, "forearm_length": 0.1511, "buttock_girth": 0.4456, "upperleg_top_girth": 0.2359, "body_height_Z": 1.0, "lowerleg_bottom_girth": 0.1152, "upperleg_length": 0.2172, "shoulders_width": 0.1545, "feet_heel_width": 0.0414, "buttock_width_X": 0.1761, "head_length": 0.1067, "wrist_girth": 0.0812, "upperarm_axillary_girth": 0.1596, "chest_girth": 0.437, "neck_height_Z": 0.0403, "head_height_Z": 0.1227, "hands_width": 0.0444, "chest_depth_Y": 0.0979, "feet_length": 0.1443, "elbow_girth": 0.1319, "lowerleg_length": 0.2447, "hands_length": 0.1167, "waist_girth": 0.3017, "torso_height_Z": 0.2085, "neck_girth": 0.1297, "buttock_depth_Y": 0.081}, "structural": {"Shoulders_PosZ": 0.41, "Torso_Vshape": 0.26, "Legs_LowerlegsMass": -0.33, "Legs_UpperlegsMass": -0.27, "Arms_UpperarmTone": -0.15, "Arms_ForearmSize": 0.44, "Arms_ForearmLength": 0.65, "Hands_FingersInterDist": 0.38, "Torso_BreastTone": 0.6, "Hands_Mass": -0.36, "Torso_BreastMass": 0.25, "Pelvis_SizeY": 0.02, "Feet_Mass": -0.27, "Torso_ToracicCurve": 1.0, "Pelvis_GluteusTone": 0.0, "Legs_LowerlegsTone": -0.18, "Cheeks_Mass": 0.0, "Legs_UpperlegSize": 0.44, "Head_Size": 0.29, "Legs_UpperlegLength": 0.65, "Waist_Size": 0.49, "Forehead_SizeZ": 0.62, "Torso_Tone": 0.12, "Arms_UpperarmMass": -0.12, "Arms_ForearmTone": 0.0, "Wrists_Size": 0.45, "Pelvis_GluteusMass": 0.0, "Legs_LowerlegLength": 0.54, "Arms_UpperarmSize": 0.47, "Shoulders_Tone": -0.26, "Shoulders_Mass": -0.42, "Hands_FingersLength": 1.0, "Legs_UpperlegsTone": -0.27, "Neck_Tone": 0.0, "Stomach_LocalFat": 0.475, "Torso_Mass": 0.12, "Torso_SizeY": 0.29, "Neck_Mass": 0.0, "Arms_ForearmMass": 0.0, "Cheeks_Tone": 0.0, "Legs_UpperlegInCurve": 0.74, "Feet_Size": 0.62, "Arms_UpperarmLength": 0.59, "Chin_Tone": 0.29, "Stomach_Volume": 0.58}}