{"manuellab_vers": [1, 4, 0], "metaproperties": {"character_tone": -0.5, "character_age": 0.0, "character_mass": 1.0, "last_character_age": 0.0, "last_character_mass": 1.0, "last_character_tone": -0.5}, "materialproperties": {}, "proportions": {"lowerleg_calf_girth": 0.2675, "chest_width_X": 0.1913, "upperarm_length": 0.1874, "head_width_X": 0.082, "feet_height_Z": 0.0407, "feet_width": 0.0558, "upperleg_bottom_girth": 0.321, "buttock_height_Z": 0.1719, "forearm_length": 0.1428, "buttock_girth": 0.9392, "upperleg_top_girth": 0.4913, "body_height_Z": 1.0, "lowerleg_bottom_girth": 0.1628, "upperleg_length": 0.1732, "shoulders_width": 0.1722, "feet_heel_width": 0.0426, "buttock_width_X": 0.322, "head_length": 0.1154, "wrist_girth": 0.0901, "upperarm_axillary_girth": 0.3043, "chest_girth": 0.8254, "neck_height_Z": 0.0231, "head_height_Z": 0.1345, "hands_width": 0.0499, "chest_depth_Y": 0.2241, "feet_length": 0.1414, "elbow_girth": 0.1816, "lowerleg_length": 0.229, "hands_length": 0.1097, "waist_girth": 0.9682, "torso_height_Z": 0.2434, "neck_girth": 0.2595, "buttock_depth_Y": 0.2274}, "structural": {"Shoulders_PosZ": 0.17, "Torso_Tone": 0.0, "Pelvis_SizeX": 0.8, "Arms_ForearmTone": 0.0, "Wrists_Size": 0.575, "Torso_Vshape": 0.38, "Arms_UpperarmMass": 1.68, "Pelvis_GluteusMass": 1.5, "Legs_KneeSize": 0.7, "Shoulders_Tone": 0.0, "Shoulders_Mass": 1.5, "Legs_UpperlegsTone": -0.24, "Arms_UpperarmTone": 0.0, "Neck_Tone": 0.0, "Legs_LowerlegsMass": 1.5, "Stomach_LocalFat": 0.94, "Legs_LowerlegsTone": 0.0, "Torso_BreastTone": 0.6, "Torso_Mass": 1.5, "Torso_BreastMass": 1.0, "Feet_Mass": 1.5, "Neck_Mass": 1.5, "Pelvis_GluteusTone": 0.0, "Legs_UpperlegsMass": 1.71, "Cheeks_Mass": 1.5, "Hands_Mass": 1.5, "Pelvis_GluteusSize": 0.59, "Arms_ForearmMass": 1.5, "Cheeks_Tone": 0.0, "Legs_UpperlegInCurve": 0.23, "Stomach_Volume": 0.52, "Waist_Size": 1.055, "Shoulders_Length": 0.32}}