{"manuellab_vers": [1, 4, 0], "metaproperties": {"character_tone": 0.0, "character_age": 0.0, "character_mass": 0.0, "last_character_age": 0.0, "last_character_mass": 0.0, "last_character_tone": 0.0}, "materialproperties": {}, "proportions": {"lowerleg_calf_girth": 0.2363, "chest_width_X": 0.1706, "upperarm_length": 0.185, "head_width_X": 0.0854, "feet_height_Z": 0.0423, "feet_width": 0.0544, "upperleg_bottom_girth": 0.2312, "buttock_height_Z": 0.1491, "forearm_length": 0.135, "buttock_girth": 0.7033, "upperleg_top_girth": 0.363, "body_height_Z": 1.0, "lowerleg_bottom_girth": 0.1195, "upperleg_length": 0.1787, "shoulders_width": 0.1679, "feet_heel_width": 0.0415, "buttock_width_X": 0.246, "head_length": 0.1202, "wrist_girth": 0.087, "upperarm_axillary_girth": 0.2066, "chest_girth": 0.6307, "neck_height_Z": 0.0217, "head_height_Z": 0.1355, "hands_width": 0.0495, "chest_depth_Y": 0.1585, "feet_length": 0.1397, "elbow_girth": 0.155, "lowerleg_length": 0.2578, "hands_length": 0.1038, "waist_girth": 0.5514, "torso_height_Z": 0.2307, "neck_girth": 0.2071, "buttock_depth_Y": 0.1708}, "structural": {"Shoulders_PosZ": 0.35, "Head_Size": 0.47, "Torso_Tone": 0.44, "Pelvis_SizeX": 0.86, "Arms_ForearmTone": 0.59, "Neck_Length": 0.08, "Wrists_Size": 0.5, "Pelvis_GluteusMass": 0.71, "Legs_LowerlegsMass": 0.8, "Legs_LowerlegsTone": 0.74, "Hands_Size": 0.32, "Arms_UpperarmTone": 0.44, "Legs_UpperlegsTone": 0.53, "Neck_Tone": 0.47, "Arms_UpperarmMass": 0.65, "Arms_ForearmLength": 0.2, "Hands_FingersLength": 0.11, "Torso_Mass": 0.8, "Feet_Mass": 0.74, "Neck_Mass": 0.74, "Legs_UpperlegsMass": 0.62, "Hands_Mass": 1.0, "Pelvis_SizeY": 0.8, "Arms_ForearmMass": 0.62, "Torso_Vshape": 0.26, "Feet_Size": 0.29, "Arms_UpperarmLength": 0.44, "Legs_UpperlegLength": 0.05}}