{"metaproperties": {"character_tone": 0.0, "character_age": 0.0, "character_mass": 0.0, "last_character_age": 0.0, "last_character_mass": 0.0, "last_character_tone": 0.0}, "materialproperties": {}, "manuellab_vers": [1, 4, 0], "proportions": {"upperarm_axillary_girth": 0.1806, "feet_heel_width": 0.0407, "upperleg_top_girth": 0.3407, "lowerleg_bottom_girth": 0.1209, "head_width_X": 0.0786, "waist_girth": 0.4331, "feet_length": 0.1418, "upperarm_length": 0.1808, "chest_width_X": 0.1536, "chest_depth_Y": 0.1379, "elbow_girth": 0.1377, "hands_width": 0.0439, "torso_height_Z": 0.2224, "feet_height_Z": 0.0425, "shoulders_width": 0.1693, "head_height_Z": 0.1269, "head_length": 0.1106, "hands_length": 0.1148, "upperleg_length": 0.21, "neck_girth": 0.1644, "buttock_girth": 0.5818, "wrist_girth": 0.0821, "forearm_length": 0.1484, "upperleg_bottom_girth": 0.2389, "chest_girth": 0.5637, "lowerleg_calf_girth": 0.1985, "buttock_depth_Y": 0.1182, "feet_width": 0.0544, "buttock_height_Z": 0.1403, "buttock_width_X": 0.2215, "lowerleg_length": 0.236, "neck_height_Z": 0.0323, "body_height_Z": 1.0}, "structural": {"Waist_Size": 0.29, "Legs_UpperlegSize": 0.44, "Arms_ForearmSize": 0.59, "Feet_Size": 0.62, "Legs_UpperlegsMass": 0.59, "Torso_ToracicCurve": 1.0, "Legs_LowerlegsTone": 0.32, "Shoulders_Tone": 0.24, "Shoulders_Mass": 0.2, "Legs_UpperlegsTone": 0.23, "Arms_UpperarmMass": 0.53, "Shoulders_PosZ": 0.56, "Arms_UpperarmLength": 0.59, "Torso_Length": 0.71, "Chin_Tone": 0.29, "Legs_UpperlegInCurve": 0.65, "Arms_ForearmLength": 0.65, "Torso_SizeX": 0.56, "Hands_FingersInterDist": 0.38, "Legs_LowerlegLength": 0.54, "Pelvis_GluteusMass": 0.65, "Legs_UpperlegLength": 0.65, "Pelvis_SizeY": 0.02, "Arms_UpperarmSize": 0.56, "Hands_FingersLength": 1.0, "Feet_Mass": 0.23, "Arms_UpperarmTone": 0.38, "Hands_Mass": 0.14, "Forehead_SizeZ": 0.62, "Torso_Mass": 0.8, "Torso_Tone": 0.53}}