{"metaproperties": {"character_tone": 0.0, "character_age": 0.0, "character_mass": 0.0, "last_character_age": 0.0, "last_character_mass": 0.0, "last_character_tone": 0.0}, "materialproperties": {}, "manuellab_vers": [1, 4, 0], "proportions": {"upperarm_axillary_girth": 0.1648, "feet_heel_width": 0.0414, "upperleg_top_girth": 0.2645, "lowerleg_bottom_girth": 0.1152, "head_width_X": 0.0758, "waist_girth": 0.3492, "feet_length": 0.1443, "upperarm_length": 0.1834, "chest_width_X": 0.1403, "chest_depth_Y": 0.1128, "elbow_girth": 0.1323, "hands_width": 0.0447, "torso_height_Z": 0.203, "feet_height_Z": 0.0436, "shoulders_width": 0.1545, "head_height_Z": 0.1227, "head_length": 0.1067, "hands_length": 0.1168, "upperleg_length": 0.2174, "neck_girth": 0.1591, "buttock_girth": 0.5094, "wrist_girth": 0.0828, "forearm_length": 0.1511, "upperleg_bottom_girth": 0.1891, "chest_girth": 0.4917, "lowerleg_calf_girth": 0.1772, "buttock_depth_Y": 0.1018, "feet_width": 0.0553, "buttock_height_Z": 0.1379, "buttock_width_X": 0.188, "lowerleg_length": 0.2448, "neck_height_Z": 0.0403, "body_height_Z": 1.0}, "structural": {"Legs_UpperlegSize": 0.44, "Torso_SizeY": 0.29, "Arms_ForearmSize": 0.44, "Feet_Size": 0.62, "Legs_UpperlegsMass": 0.23, "Torso_ToracicCurve": 1.0, "Hands_Mass": 0.14, "Shoulders_Tone": 0.24, "Shoulders_Mass": 0.08, "Legs_UpperlegsTone": 0.23, "Arms_UpperarmMass": 0.38, "Shoulders_PosZ": 0.41, "Stomach_Volume": 0.59, "Arms_UpperarmLength": 0.59, "Chin_Tone": 0.29, "Legs_UpperlegInCurve": 0.74, "Arms_ForearmLength": 0.65, "Torso_Vshape": 0.26, "Hands_FingersInterDist": 0.38, "Legs_LowerlegLength": 0.54, "Head_Size": 0.29, "Feet_Mass": 0.23, "Pelvis_SizeY": 0.02, "Arms_UpperarmSize": 0.47, "Hands_FingersLength": 1.0, "Legs_UpperlegLength": 0.65, "Arms_UpperarmTone": 0.35, "Legs_LowerlegsMass": 0.17, "Legs_LowerlegsTone": 0.32, "Forehead_SizeZ": 0.62, "Torso_Mass": 0.62, "Torso_Tone": 0.62}}