{"manuellab_vers": [1, 4, 0], "metaproperties": {"character_tone": -1.0, "character_age": 0.0, "character_mass": 0.5, "last_character_age": 0.0, "last_character_mass": 0.5, "last_character_tone": -1.0}, "materialproperties": {}, "proportions": {"lowerleg_calf_girth": 0.2428, "chest_width_X": 0.1827, "upperarm_length": 0.1933, "head_width_X": 0.0758, "feet_height_Z": 0.042, "feet_width": 0.056, "upperleg_bottom_girth": 0.3033, "buttock_height_Z": 0.1625, "forearm_length": 0.1485, "buttock_girth": 0.8663, "upperleg_top_girth": 0.4477, "body_height_Z": 1.0, "lowerleg_bottom_girth": 0.152, "upperleg_length": 0.1811, "shoulders_width": 0.1595, "feet_heel_width": 0.0423, "buttock_width_X": 0.2965, "head_length": 0.1067, "wrist_girth": 0.0843, "upperarm_axillary_girth": 0.271, "chest_girth": 0.7426, "neck_height_Z": 0.0218, "head_height_Z": 0.1288, "hands_width": 0.0464, "chest_depth_Y": 0.1926, "feet_length": 0.1443, "elbow_girth": 0.176, "lowerleg_length": 0.2319, "hands_length": 0.1168, "waist_girth": 0.7938, "torso_height_Z": 0.2449, "neck_girth": 0.2463, "buttock_depth_Y": 0.2021}, "structural": {"Shoulders_PosZ": 0.41, "Torso_Vshape": 0.26, "Legs_KneeSize": 0.6, "Legs_UpperlegsMass": 0.73, "Arms_UpperarmTone": -0.65, "Arms_ForearmSize": 0.44, "Arms_ForearmLength": 0.65, "Hands_FingersInterDist": 0.38, "Torso_BreastTone": 0.7, "Hands_Mass": 0.64, "Torso_BreastMass": 0.75, "Pelvis_SizeY": 0.02, "Feet_Mass": 0.73, "Torso_ToracicCurve": 1.0, "Pelvis_GluteusTone": -0.5, "Legs_LowerlegsTone": -0.68, "Cheeks_Mass": 1.0, "Legs_UpperlegSize": 0.44, "Head_Size": 0.29, "Legs_UpperlegLength": 0.65, "Waist_Size": 0.59, "Forehead_SizeZ": 0.62, "Torso_Tone": -0.38, "Arms_UpperarmMass": 0.88, "Arms_ForearmTone": -0.5, "Wrists_Size": 0.5, "Pelvis_GluteusMass": 1.0, "Legs_LowerlegLength": 0.54, "Arms_UpperarmSize": 0.47, "Shoulders_Tone": -0.76, "Shoulders_Mass": 0.58, "Hands_FingersLength": 1.0, "Legs_UpperlegsTone": -0.77, "Neck_Tone": -0.5, "Legs_LowerlegsMass": 0.67, "Stomach_LocalFat": 0.51, "Torso_Mass": 1.12, "Torso_SizeY": 0.29, "Neck_Mass": 1.0, "Arms_ForearmMass": 1.0, "Cheeks_Tone": -0.5, "Legs_UpperlegInCurve": 0.74, "Feet_Size": 0.62, "Arms_UpperarmLength": 0.59, "Chin_Tone": 0.29, "Stomach_Volume": 0.6}}