{"manuellab_vers": [1, 4, 0], "metaproperties": {"character_tone": 0.0, "character_age": 0.0, "character_mass": 0.5, "last_character_age": 0.0, "last_character_mass": 0.5, "last_character_tone": 0.0}, "materialproperties": {}, "proportions": {"lowerleg_calf_girth": 0.214, "chest_width_X": 0.1512, "upperarm_length": 0.1836, "head_width_X": 0.0784, "feet_height_Z": 0.042, "feet_width": 0.0549, "upperleg_bottom_girth": 0.2535, "buttock_height_Z": 0.1585, "forearm_length": 0.1486, "buttock_girth": 0.6415, "upperleg_top_girth": 0.369, "body_height_Z": 1.0, "lowerleg_bottom_girth": 0.1294, "upperleg_length": 0.196, "shoulders_width": 0.1675, "feet_heel_width": 0.0412, "buttock_width_X": 0.2415, "head_length": 0.1103, "wrist_girth": 0.0846, "upperarm_axillary_girth": 0.2223, "chest_girth": 0.649, "neck_height_Z": 0.0386, "head_height_Z": 0.1294, "hands_width": 0.0455, "chest_depth_Y": 0.1615, "feet_length": 0.1414, "elbow_girth": 0.1533, "lowerleg_length": 0.2335, "hands_length": 0.1146, "waist_girth": 0.3939, "torso_height_Z": 0.2124, "neck_girth": 0.1916, "buttock_depth_Y": 0.1269}, "structural": {"Shoulders_PosZ": 0.14, "Legs_KneeSize": 0.6, "Legs_UpperlegsMass": 0.73, "Arms_UpperarmTone": 0.35, "Arms_ForearmSize": 0.2, "Arms_ForearmLength": 0.65, "Hands_FingersInterDist": 0.38, "Neck_Size": 0.35, "Hands_Mass": 0.64, "Torso_BreastMass": 0.75, "Pelvis_SizeY": 0.02, "Feet_Mass": 0.73, "Torso_ToracicCurve": 1.0, "Legs_LowerlegsTone": 0.32, "Cheeks_Mass": 1.0, "Legs_UpperlegSize": 0.44, "Legs_UpperlegInCurve": 0.74, "Hands_FingersLength": 1.0, "Legs_UpperlegLength": 0.65, "Waist_Size": 0.39, "Torso_Length": 0.71, "Forehead_SizeZ": 0.62, "Torso_Tone": 0.68, "Arms_UpperarmMass": 0.88, "Neck_Length": 0.56, "Wrists_Size": 0.55, "Pelvis_GluteusMass": 1.0, "Arms_UpperarmSize": 0.17, "Shoulders_Tone": 0.24, "Shoulders_Mass": 0.58, "Legs_UpperlegsTone": 0.23, "Neck_Tone": 0.35, "Legs_LowerlegsMass": 0.67, "Stomach_LocalFat": 0.51, "Neck_Angle": 0.29, "Torso_Mass": 1.03, "Torso_SizeY": 0.29, "Neck_Mass": 0.73, "Arms_ForearmMass": 1.0, "Legs_LowerlegLength": 0.54, "Feet_Size": 0.62, "Arms_UpperarmLength": 0.59, "Chin_Tone": 0.29, "Stomach_Volume": 0.51}}