{"manuellab_vers": [1, 4, 0], "metaproperties": {"character_tone": -0.5, "character_age": 0.0, "character_mass": -1.0, "last_character_age": 0.0, "last_character_mass": -1.0, "last_character_tone": -0.5}, "materialproperties": {}, "proportions": {"lowerleg_calf_girth": 0.1741, "chest_width_X": 0.1439, "upperarm_length": 0.1828, "head_width_X": 0.0865, "feet_height_Z": 0.0435, "feet_width": 0.0553, "upperleg_bottom_girth": 0.1826, "buttock_height_Z": 0.1365, "forearm_length": 0.148, "buttock_girth": 0.4849, "upperleg_top_girth": 0.2573, "body_height_Z": 1.0, "lowerleg_bottom_girth": 0.1169, "upperleg_length": 0.1996, "shoulders_width": 0.1652, "feet_heel_width": 0.0416, "buttock_width_X": 0.1839, "head_length": 0.1217, "wrist_girth": 0.0844, "upperarm_axillary_girth": 0.1642, "chest_girth": 0.4456, "neck_height_Z": 0.0361, "head_height_Z": 0.1354, "hands_width": 0.0468, "chest_depth_Y": 0.0998, "feet_length": 0.144, "elbow_girth": 0.1388, "lowerleg_length": 0.2388, "hands_length": 0.1115, "waist_girth": 0.2999, "torso_height_Z": 0.222, "neck_girth": 0.1441, "buttock_depth_Y": 0.1014}, "structural": {"Torso_Tone": 0.0, "Arms_UpperarmMass": -0.5, "Arms_ForearmTone": 0.0, "Wrists_Size": 0.425, "Pelvis_GluteusMass": -0.5, "Legs_LowerlegLength": 0.39, "Legs_LowerlegsMass": -0.5, "Shoulders_Tone": 0.0, "Legs_LowerlegsTone": 0.0, "Legs_UpperlegsTone": 0.0, "Arms_UpperarmTone": 0.0, "Neck_Tone": 0.0, "Stomach_LocalFat": 0.45, "Torso_BreastTone": 0.6, "Torso_Mass": -0.5, "Torso_BreastMass": 0.0, "Feet_Mass": -0.5, "Neck_Mass": -0.5, "Pelvis_GluteusTone": 0.0, "Legs_UpperlegsMass": -0.5, "Cheeks_Mass": -0.5, "Hands_Mass": -0.5, "Stomach_Volume": 0.48, "Arms_ForearmMass": -0.5, "Cheeks_Tone": 0.0, "Torso_Vshape": 0.32, "Head_Size": 0.59, "Legs_UpperlegLength": 0.32, "Waist_Size": 0.485, "Shoulders_Mass": -0.5}}