{"manuellab_vers": [1, 4, 0], "metaproperties": {"character_tone": 0.0, "character_age": 0.0, "character_mass": 0.0, "last_character_age": 0.0, "last_character_mass": 0.0, "last_character_tone": 0.0}, "materialproperties": {}, "proportions": {"lowerleg_calf_girth": 0.2019, "chest_width_X": 0.1679, "upperarm_length": 0.1817, "head_width_X": 0.0818, "feet_height_Z": 0.0405, "feet_width": 0.0521, "upperleg_bottom_girth": 0.2058, "buttock_height_Z": 0.1388, "forearm_length": 0.1461, "buttock_girth": 0.6859, "upperleg_top_girth": 0.3337, "body_height_Z": 1.0, "lowerleg_bottom_girth": 0.1124, "upperleg_length": 0.1991, "shoulders_width": 0.1613, "feet_heel_width": 0.0397, "buttock_width_X": 0.2351, "head_length": 0.1151, "wrist_girth": 0.0827, "upperarm_axillary_girth": 0.1884, "chest_girth": 0.6165, "neck_height_Z": 0.02, "head_height_Z": 0.1301, "hands_width": 0.0474, "chest_depth_Y": 0.1571, "feet_length": 0.1338, "elbow_girth": 0.1376, "lowerleg_length": 0.2476, "hands_length": 0.0994, "waist_girth": 0.591, "torso_height_Z": 0.2376, "neck_girth": 0.2075, "buttock_depth_Y": 0.1717}, "structural": {"Shoulders_PosZ": 0.77, "Torso_Tone": 0.23, "Pelvis_SizeX": 0.86, "Torso_Vshape": 0.26, "Torso_Mass": 0.65, "Wrists_Size": 0.5, "Neck_Mass": 0.83, "Pelvis_GluteusMass": 0.71, "Pelvis_SizeY": 0.8, "Neck_Length": 0.38, "Hands_Mass": 1.0, "Hands_Size": 0.32, "Head_Size": 0.47, "Feet_Size": 0.29, "Hands_FingersLength": 0.11, "Feet_Mass": 0.74}}