{"manuellab_vers": [1, 4, 0], "metaproperties": {"character_tone": -1.0, "character_age": 0.0, "character_mass": 0.0, "last_character_age": 0.0, "last_character_mass": 0.0, "last_character_tone": -1.0}, "materialproperties": {}, "proportions": {"lowerleg_calf_girth": 0.2726, "chest_width_X": 0.2028, "upperarm_length": 0.1923, "head_width_X": 0.0865, "feet_height_Z": 0.0414, "feet_width": 0.0553, "upperleg_bottom_girth": 0.2946, "buttock_height_Z": 0.1644, "forearm_length": 0.1465, "buttock_girth": 0.8816, "upperleg_top_girth": 0.4526, "body_height_Z": 1.0, "lowerleg_bottom_girth": 0.1636, "upperleg_length": 0.1676, "shoulders_width": 0.1898, "feet_heel_width": 0.0423, "buttock_width_X": 0.2966, "head_length": 0.1217, "wrist_girth": 0.0879, "upperarm_axillary_girth": 0.2653, "chest_girth": 0.7501, "neck_height_Z": 0.0126, "head_height_Z": 0.1386, "hands_width": 0.0481, "chest_depth_Y": 0.1861, "feet_length": 0.144, "elbow_girth": 0.1704, "lowerleg_length": 0.225, "hands_length": 0.1116, "waist_girth": 0.8071, "torso_height_Z": 0.2652, "neck_girth": 0.2087, "buttock_depth_Y": 0.2188}, "structural": {"Shoulders_PosZ": 0.74, "Torso_Tone": -0.47, "Cheeks_Tone": -0.5, "Arms_ForearmTone": -0.5, "Wrists_Size": 0.45, "Pelvis_GluteusMass": 0.71, "Arms_UpperarmSize": 0.71, "Shoulders_Tone": -0.38, "Legs_LowerlegsTone": -0.05, "Arms_UpperarmTone": -0.5, "Legs_UpperlegsTone": -0.65, "Arms_ForearmSize": 0.71, "Neck_Tone": -0.5, "Legs_LowerlegsMass": 0.89, "Torso_SizeX": 0.59, "Torso_BreastTone": 0.7, "Torso_Mass": 0.74, "Pelvis_GluteusTone": -0.5, "Legs_UpperlegsMass": 0.68, "Torso_Vshape": 0.62, "Legs_LowerlegLength": 0.39, "Head_Size": 0.59, "Shoulders_Size": 0.56, "Legs_UpperlegLength": 0.32, "Waist_Size": 0.49, "Shoulders_Mass": 0.62}}