{"structural": {"Hands_Mass": 1.0, "Legs_UpperlegsTone": 1.0, "Legs_UpperlegSize": 0.29, "Neck_Mass": 1.0, "Legs_UpperlegLength": 0.0, "Hands_FingersDiam": 1.0, "Nose_BaseSizeX": 0.8, "Chin_SizeZ": 0.65, "Arms_ForearmTone": 1.0, "Torso_Mass": 1.0, "Arms_UpperarmLength": 1.0, "Eyebrows_Angle": 0.89, "Neck_Size": 0.92, "Chin_SizeX": 0.98, "Legs_AnkleSize": 1.0, "Forehead_Angle": 0.44, "Pelvis_GluteusMass": 1.0, "Head_Size": 0.0, "Shoulders_Mass": 1.0, "Arms_UpperarmTone": 1.0, "Hands_Size": 1.0, "Torso_BreastMass": 1.0, "Arms_ForearmMass": 1.0, "Pelvis_GluteusTone": 1.0, "Legs_LowerlegsMass": 1.0, "Feet_Mass": 0.08, "Nose_GlabellaPosZ": 0.74, "Shoulders_Length": 1.0, "Torso_SizeX": 0.31, "Arms_UpperarmMass": 1.0, "Arms_ForearmLength": 1.0, "Neck_TrapeziousSize": 0.83, "Arms_ForearmSize": 1.0, "Legs_LowerlegSize": 1.0, "Hands_Tone": 1.0, "Neck_Angle": 0.0, "Wrists_Size": 0.71, "Forehead_Temple": 0.29, "Nose_Curve": 0.11, "Jaw_Prominence": 1.0, "Body_Size": 1.0, "Legs_LowerlegsTone": 1.0, "Torso_Tone": 1.0, "Neck_Tone": 1.0, "Feet_Size": 1.0, "Neck_Length": 0.2, "Legs_LowerlegLength": 0.0, "Shoulders_Tone": 1.0, "Legs_UpperlegsMass": 1.0, "Torso_Vshape": 0.86, "Nose_TipSize": 0.59}}