{"structural": {"Torso_BreastMass": 1.0, "Legs_UpperlegLength": 0.14, "Arms_ForearmMass": 1.0, "Nose_GlabellaPosZ": 0.74, "Hands_FingersDiam": 1.0, "Eyebrows_Angle": 0.89, "Neck_Mass": 1.0, "Legs_AnkleSize": 1.0, "Legs_UpperlegsMass": 1.0, "Arms_UpperarmMass": 1.0, "Hands_Tone": 1.0, "Shoulders_Mass": 1.0, "Feet_Size": 1.0, "Nose_BaseSizeX": 0.8, "Head_Size": 0.0, "Wrists_Size": 0.71, "Nose_Rhombus": 0.0, "Legs_LowerlegsMass": 1.0, "Shoulders_Length": 1.0, "Torso_Tone": 1.0, "Chin_SizeX": 0.98, "Shoulders_Tone": 1.0, "Jaw_Prominence": 1.0, "Legs_LowerlegLength": 0.05, "Legs_LowerlegsTone": 1.0, "Pelvis_GluteusMass": 1.0, "Neck_Tone": 1.0, "Torso_SizeX": 0.31, "Feet_Mass": 0.08, "Legs_LowerlegSize": 1.0, "Forehead_Angle": 0.44, "Hands_Mass": 1.0, "Legs_UpperlegSize": 0.29, "Nose_Curve": 0.11, "Pelvis_GluteusTone": 1.0, "Arms_ForearmTone": 1.0, "Forehead_Temple": 0.29, "Chin_SizeZ": 0.65, "Hands_Size": 1.0, "Nose_TipSize": 0.59, "Arms_UpperarmTone": 1.0, "Legs_UpperlegsTone": 1.0, "Torso_Vshape": 0.86, "Torso_Mass": 1.0}}
