{"structural": {"Torso_BreastMass": 0.72, "Arms_UpperarmMass": 0.0, "Torso_Tone": 0.0, "Arms_ForearmMass": 0.0, "Chin_SizeX": 0.08, "Shoulders_Tone": 0.0, "Nose_GlabellaPosZ": 0.17, "Legs_LowerlegLength": 1.0, "Legs_LowerlegsTone": 0.0, "Eyebrows_Angle": 0.74, "Neck_Tone": 0.0, "Neck_Mass": 0.0, "Nose_TipAngle": 0.2, "Torso_SizeX": 0.0, "Forehead_SizeZ": 0.8, "Hands_PalmLength": 1.0, "Legs_UpperlegsMass": 0.0, "Forehead_SizeX": 0.83, "Arms_ForearmLength": 1.0, "Nose_GlabellaSizeX": 0.98, "Ears_SizeZ": 0.92, "Shoulders_Mass": 0.0, "Arms_ForearmTone": 0.0, "Forehead_Temple": 0.29, "Nose_TipSize": 0.35, "Head_Size": 0.0, "Torso_Mass": 0.0, "Chin_Prominence": 0.98, "Nose_Rhombus": 0.71, "Hands_FingersLength": 1.0, "Cheeks_Mass": 0.0, "Arms_UpperarmTone": 0.0, "Legs_UpperlegsTone": 0.0, "Ears_SizeY": 0.0, "Legs_LowerlegsMass": 0.0, "Torso_Length": 1.0, "Neck_Length": 1.0, "Eyes_InnerPosZ": 0.17}}