{"structural": {"Legs_LowerlegsMass": 1.0, "Chin_Prominence": 0.77, "Legs_UpperlegsTone": 1.0, "Legs_UpperlegLength": 0.73, "Torso_Tone": 1.0, "Arms_ForearmMass": 1.0, "Jaw_Prominence": 0.83, "Arms_UpperarmLength": 0.8, "Legs_LowerlegLength": 0.98, "Shoulders_Tone": 1.0, "Nose_SizeY": 0.59, "Neck_Mass": 1.0, "Arms_UpperarmTone": 1.0, "Legs_LowerlegsTone": 1.0, "Pelvis_GluteusTone": 1.0, "Torso_BreastMass": 0.71, "Torso_Vshape": 0.89, "Torso_Mass": 0.49, "Legs_UpperlegsMass": 0.67, "Feet_Size": 0.98, "Eyelids_Angle": 0.29, "Pelvis_GluteusMass": 1.0, "Head_Size": 0.38, "Arms_ForearmTone": 1.0, "Arms_UpperarmMass": 1.0, "Chin_Cleft": 0.98, "Neck_Tone": 1.0, "Shoulders_Mass": 1.0, "Eyebrows_Angle": 0.71}}