{"structural": {"Legs_UpperlegSize": 1.0, "Hands_Size": 1.0, "Pelvis_GluteusTone": 0.38, "Arms_UpperarmMass": 1.0, "Neck_Mass": 0.98, "Torso_BreastMass": 0.56, "Torso_SizeX": 0.49, "Arms_ForearmSize": 1.0, "Legs_LowerlegsMass": 1.0, "Eyes_SizeZ": 0.17, "Torso_Mass": 1.0, "Pelvis_GluteusMass": 1.0, "Shoulders_Tone": 1.0, "Torso_Vshape": 0.91, "Feet_Size": 1.0, "Arms_ForearmMass": 1.0, "Legs_UpperlegsTone": 0.38, "Torso_Tone": 0.29, "Neck_TrapeziousSize": 1.0, "Jaw_Prominence": 0.92, "Shoulders_Mass": 0.94, "Legs_UpperlegsMass": 1.0, "Legs_LowerlegSize": 1.0, "Legs_LowerlegsTone": 0.44, "Cheeks_Mass": 0.86, "Neck_Size": 0.83, "Eyebrows_Angle": 0.68, "Nose_TipRound": 0.89, "Head_Size": 0.29, "Pelvis_GluteusSize": 0.83, "Wrists_Size": 1.0}}