{"structural": {"Torso_Vshape": 0.26, "Legs_LowerlegsMass": 0.53, "Arms_ForearmMass": 0.74, "Arms_ForearmLength": 0.2, "Feet_Size": 0.29, "Pelvis_SizeX": 0.86, "Torso_Tone": 0.17, "Hands_Size": 0.32, "Arms_ForearmTone": 0.23, "Feet_Mass": 0.74, "Pelvis_SizeY": 0.8, "Head_Size": 0.47, "Neck_Length": 0.44, "Legs_UpperlegsTone": 0.38, "Torso_Mass": 0.8, "Pelvis_GluteusMass": 0.71, "Hands_FingersLength": 0.11, "Legs_UpperlegLength": 0.05, "Hands_Mass": 1.0, "Neck_Tone": 0.47, "Neck_Mass": 0.74, "Arms_UpperarmLength": 0.44, "Arms_UpperarmMass": 0.77, "Arms_UpperarmTone": 0.26, "Legs_UpperlegsMass": 0.62}}