{"structural": {"Neck_Mass": 0.23, "Legs_UpperlegLength": 0.65, "Neck_Angle": 0.29, "Pelvis_SizeY": 0.02, "Shoulders_PosZ": 0.14, "Shoulders_Tone": 0.24, "Legs_UpperlegSize": 0.44, "Feet_Size": 0.62, "Arms_ForearmSize": 0.2, "Legs_LowerlegLength": 0.54, "Forehead_SizeZ": 0.62, "Torso_Vshape": 0.38, "Legs_UpperlegsTone": 0.23, "Shoulders_Mass": 0.26, "Legs_UpperlegInCurve": 0.74, "Torso_Length": 0.71, "Legs_LowerlegsTone": 0.32, "Neck_Tone": 0.35, "Legs_LowerlegsMass": 0.17, "Hands_FingersInterDist": 0.38, "Torso_SizeY": 0.29, "Torso_Mass": 0.44, "Hands_FingersLength": 1.0, "Arms_UpperarmMass": 0.5, "Torso_Tone": 0.38, "Arms_UpperarmSize": 0.3, "Pelvis_GluteusMass": 0.76, "Arms_UpperarmLength": 0.59, "Stomach_Volume": 0.59, "Arms_ForearmLength": 0.65, "Chin_Tone": 0.29, "Torso_ToracicCurve": 1.0, "Legs_UpperlegsMass": 0.44, "Neck_Size": 0.35, "Head_Size": 0.59, "Feet_Mass": 0.23, "Hands_Mass": 0.14, "Neck_Length": 0.56}}