{"structural": {"Arms_UpperarmTone": 0.44, "Hands_FingersLength": 0.11, "Neck_Tone": 0.35, "Pelvis_SizeY": 0.8, "Shoulders_PosZ": 0.35, "Legs_LowerlegsTone": 0.74, "Feet_Size": 0.29, "Arms_ForearmMass": 0.62, "Neck_Mass": 0.62, "Pelvis_SizeX": 0.86, "Legs_UpperlegsTone": 0.53, "Torso_Vshape": 0.26, "Arms_ForearmLength": 0.2, "Legs_LowerlegsMass": 0.8, "Torso_Mass": 0.8, "Legs_UpperlegLength": 0.05, "Arms_UpperarmMass": 0.65, "Torso_Tone": 0.44, "Pelvis_GluteusMass": 0.71, "Arms_UpperarmLength": 0.44, "Arms_ForearmTone": 0.59, "Hands_Mass": 1.0, "Legs_UpperlegsMass": 0.62, "Head_Size": 0.47, "Feet_Mass": 0.74, "Hands_Size": 0.32, "Neck_Length": 0.08}}