{"structural": {"Stomach_Volume": 0.59, "Neck_Size": 0.35, "Arms_ForearmLength": 0.65, "Shoulders_Mass": 0.08, "Pelvis_SizeY": 0.02, "Torso_Vshape": 0.38, "Arms_UpperarmTone": 0.35, "Neck_Length": 0.56, "Chin_Tone": 0.29, "Legs_UpperlegsMass": 0.23, "Legs_LowerlegLength": 0.54, "Torso_SizeY": 0.29, "Arms_UpperarmSize": 0.17, "Forehead_SizeZ": 0.62, "Hands_Mass": 0.14, "Arms_ForearmSize": 0.2, "Arms_UpperarmMass": 0.38, "Legs_UpperlegInCurve": 0.74, "Torso_Tone": 0.38, "Feet_Size": 0.62, "Arms_UpperarmLength": 0.59, "Torso_Length": 0.71, "Hands_FingersInterDist": 0.38, "Torso_Mass": 0.44, "Shoulders_PosZ": 0.38, "Torso_ToracicCurve": 1.0, "Legs_UpperlegSize": 0.44, "Legs_LowerlegsMass": 0.17, "Legs_LowerlegsTone": 0.32, "Legs_UpperlegLength": 0.65, "Legs_UpperlegsTone": 0.23, "Neck_Angle": 0.29, "Feet_Mass": 0.23, "Shoulders_Tone": 0.24, "Neck_Tone": 0.29, "Hands_FingersLength": 1.0, "Head_Size": 0.59}}