{"structural": {"Arms_UpperarmTone": 0.0, "Neck_Length": 0.11, "Arms_UpperarmMass": 1.0, "Cheeks_Mass": 1.0, "Shoulders_Tone": 0.0, "Legs_LowerlegsMass": 1.0, "Pelvis_GluteusTone": 0.0, "Torso_Vshape": 0.0, "Arms_ForearmMass": 1.0, "Pelvis_GluteusMass": 1.0, "Chin_Tone": 0.2, "Shoulders_Mass": 1.0, "Legs_UpperlegsMass": 1.0, "Legs_UpperlegsTone": 0.0, "Legs_LowerlegsTone": 0.0, "Neck_Mass": 1.0, "Arms_ForearmTone": 0.0, "Torso_Tone": 0.0, "Torso_Mass": 1.0, "Legs_UpperlegLength": 0.0, "Legs_LowerlegLength": 0.0, "Torso_SizeX": 0.98, "Neck_Tone": 0.0}}