{"structural": {"Mouth_PosY": 0.68, "Head_Size": 0.65, "Jaw_Prominence": 0.65, "Pelvis_GluteusSize": 0.56, "Mouth_UpperlipSizeZ": 0.32, "Head_SizeX": 0.55, "Forehead_Angle": 0.41, "Jaw_Angle": 0.8, "Mouth_SizeX": 0.53, "Nose_TipPosZ": 0.68, "Eyebrows_Ridge": 0.62, "Stomach_Volume": 0.56, "Jaw_ScaleX": 0.2, "Ears_SizeZ": 0.29, "Body_Size": 0.29, "Nose_Curve": 0.2, "Head_CraniumDolichocephalic": 0.3, "Forehead_SizeZ": 0.32, "Cheeks_Zygom": 0.59, "Jaw_LocY": 0.7, "Face_Ellipsoid": 0.32, "Chin_SizeX": 0.26, "Pelvis_GluteusMass": 0.64, "Nose_PosY": 0.53, "Mouth_LowerlipSizeZ": 0.32, "Nose_BaseSizeX": 0.71, "Hands_PalmLength": 0.62, "Torso_Vshape": 0.4}}