{"manuellab_version": [1, 1, 0], "structural": {"Head_SizeX": 0.17, "Arms_UpperarmMass": 0.83, "Feet_Size": 1.0, "Legs_LowerlegSize": 0.62, "Head_Size": 0.74, "Legs_UpperlegSize": 0.05, "Arms_ForearmMass": 0.92, "Chin_SizeZ": 1.0, "Torso_Vshape": 0.8, "Legs_LowerlegLength": 0.37, "Shoulders_SizeX": 0.26, "Legs_LowerlegsMass": 0.71, "Jaw_Prominence": 0.77, "Torso_SizeX": 0.62, "Eyes_SizeZ": 0.0, "Eyebrows_PosZ": 0.0, "Neck_Size": 1.0, "Shoulders_Mass": 0.77, "Legs_UpperlegsMass": 0.74, "Pelvis_Length": 0.56, "Legs_UpperlegLength": 0.47, "Torso_Length": 0.6, "Eyes_PosX": 0.0, "Pelvis_Size": 0.65}}