{"manuellab_version": [1, 1, 0], "structural": {"Torso_BreastTone": 0.92, "Eyelashes_Length": 0.65, "Torso_Dorsi": 1.0, "Mouth_LowerlipSizeZ": 1.0, "Hands_FingersLength": 0.56, "Feet_Size": 1.0, "Legs_LowerlegSize": 0.62, "Legs_UpperlegSize": 0.05, "Torso_BreastMass": 0.53, "Hands_PalmLength": 0.68, "Torso_Vshape": 0.8, "Legs_LowerlegLength": 1.0, "Shoulders_SizeX": 0.89, "Eyes_OuterPosZ": 0.68, "Eyes_SizeZ": 0.17, "Arms_UpperarmMass": 0.62, "Torso_SizeX": 0.0, "Eyelids_Angle": 0.53, "Eyelids_OuterPosZ": 0.86, "Legs_UpperlegLength": 0.29, "Torso_Length": 0.0, "Mouth_SizeX": 0.65, "Hands_Size": 0.71, "Pelvis_Length": 0.56}}