{"structural": {"Head_SizeX": 0.17, "Legs_LowerlegsMass": 0.71, "Shoulders_Mass": 0.77, "Pelvis_Size": 0.65, "Chin_SizeZ": 1.0, "Feet_Size": 1.0, "Legs_UpperlegLength": 0.47, "Torso_Length": 0.6, "Legs_UpperlegsMass": 0.74, "Head_Size": 0.86, "Jaw_Prominence": 0.77, "Legs_LowerlegSize": 0.62, "Torso_SizeX": 0.89, "Eyes_SizeZ": 0.0, "Arms_ForearmMass": 0.92, "Eyebrows_PosZ": 0.0, "Neck_Size": 1.0, "Torso_Vshape": 0.8, "Legs_LowerlegLength": 0.37, "Eyes_PosX": 0.0, "Legs_UpperlegSize": 0.59, "Pelvis_Length": 0.56, "Arms_UpperarmMass": 0.83}, "manuellab_version": [1, 1, 0]}