{"structural": {"Hands_FingersLength": 0.56, "Torso_SizeX": 0.0, "Eyelids_OuterPosZ": 0.56, "Torso_Dorsi": 0.67, "Pelvis_Length": 0.56, "Shoulders_PosX": 0.95, "Eyelashes_Length": 0.41, "Legs_UpperlegSize": 0.05, "Hands_PalmLength": 0.68, "Mouth_LowerlipSizeZ": 1.0, "Legs_LowerlegSize": 0.62, "Arms_UpperarmMass": 0.62, "Feet_Size": 1.0, "Torso_Vshape": 0.8, "Eyebrows_PosZ": 0.29, "Legs_LowerlegLength": 1.0, "Torso_Length": 0.0, "Mouth_SizeX": 0.65, "Legs_UpperlegLength": 0.29, "Eyelids_Angle": 0.53, "Eyes_SizeZ": 0.17, "Hands_Size": 0.71}, "manuellab_version": [1, 1, 0]}