{"structural": {"Shoulders_PosZ": 0.74, "Pelvis_GluteusSize": 0.4, "Legs_UpperlegSize": 0.2, "Arms_UpperarmLength": 0.737, "Legs_LowerlegLength": 0.68, "Legs_UpperlegLength": 0.56, "Arms_ForearmLength": 0.53, "Neck_Size": 0.41, "Head_Size": 0.56, "Torso_Vshape": 0.33, "Pelvis_SizeX": 0.32, "Body_Size": 0.47, "Waist_Size": 0.26, "Shoulders_Mass": 0.38, "Neck_Mass": 0.38, "Shoulders_Size": 0.35, "Arms_ForearmSize": 0.2, "Shoulders_Tone": 0.59, "Torso_BreastMass": 0.3, "Torso_SizeY": 0.29, "Legs_LowerlegSize": 0.14, "Shoulders_Length": 0.59, "Arms_UpperarmSize": 0.18, "Torso_SizeX": 0.26}}