{"structural": {"Arms_UpperarmLength": 0.737, "Shoulders_Mass": 0.56, "Legs_LowerlegLength": 0.6, "Pelvis_GluteusMass": 0.62, "Torso_Dorsi": 0.8, "Arms_UpperarmMass": 0.56, "Arms_ForearmMass": 0.65, "Torso_BreastTone": 0.75, "Legs_UpperlegLength": 0.6, "Waist_Size": 0.26, "Torso_BreastMass": 0.65, "Arms_ForearmLength": 0.53, "Arms_UpperarmSize": 0.11, "Torso_Tone": 0.92, "Shoulders_Tone": 0.71, "Neck_Collarbone": 0.95, "Arms_UpperarmTone": 1.0, "Pelvis_GluteusSize": 0.68, "Legs_LowerlegsTone": 0.92, "Neck_TrapeziousSize": 0.62, "Neck_Tone": 1.0, "Pelvis_SizeX": 0.59, "Pelvis_GluteusTone": 0.59, "Legs_UpperlegsTone": 0.89, "Shoulders_PosZ": 0.59, "Head_Size": 0.56}}