{"structural": {"Neck_Collarbone": 0.8, "Torso_BreastMass": 0.65, "Legs_LowerlegLength": 0.74, "Torso_BreastPosX": 0.65, "Torso_SizeY": 0.71, "Legs_LowerlegsTone": 0.95, "Neck_Tone": 0.71, "Waist_Size": 0.14, "Legs_UpperlegInCurve": 0.26, "Torso_Tone": 0.8, "Arms_ForearmTone": 0.77, "Torso_Dorsi": 0.65, "Legs_LowerlegsMass": 0.59, "Pelvis_GluteusSize": 0.65, "Torso_Vshape": 0.8, "Legs_UpperlegsTone": 0.71, "Arms_UpperarmTone": 0.68, "Pelvis_Length": 0.56, "Torso_BreastTone": 0.71, "Shoulders_PosZ": 0.56, "Arms_UpperarmMass": 0.59, "Legs_UpperlegLength": 0.56, "Shoulders_Mass": 0.59, "Pelvis_GluteusMass": 0.61}}