{"structural": {"Torso_Length": 0.6, "Neck_Collarbone": 0.8, "Torso_BreastMass": 0.62, "Pelvis_SizeX": 0.05, "Legs_LowerlegLength": 0.77, "Torso_SizeY": 0.71, "Legs_LowerlegsTone": 0.95, "Neck_Tone": 0.71, "Legs_LowerlegSize": 0.2, "Waist_Size": 0.32, "Legs_UpperlegInCurve": 0.14, "Torso_SizeX": 0.0, "Legs_UpperlegSize": 0.17, "Torso_Tone": 0.56, "Pelvis_SizeY": 0.11, "Arms_ForearmTone": 0.77, "Torso_Dorsi": 0.65, "Arms_ForearmSize": 0.17, "Pelvis_GluteusSize": 0.68, "Torso_Vshape": 0.65, "Torso_BreastTone": 0.92, "Arms_UpperarmTone": 0.68, "Arms_UpperarmSize": 0.11, "Pelvis_Length": 0.59, "Legs_UpperlegsTone": 0.71, "Shoulders_PosZ": 0.56, "Arms_UpperarmMass": 0.59, "Legs_UpperlegLength": 0.53, "Shoulders_Mass": 0.59, "Pelvis_GluteusMass": 0.55, "Legs_LowerlegsMass": 0.59}}