{"structural": {"Shoulders_Size": 0.44, "Nose_BaseSizeX": 0.53, "Legs_LowerlegsTone": 0.365, "Legs_UpperlegsMass": 0.56, "Cheeks_SideCrease": 0.875, "Legs_UpperlegSize": 0.53, "Hands_Size": 0.53, "Head_SizeX": 0.44, "Chin_Prominence": 0.455, "Cheeks_Mass": 0.47, "Legs_KneeSize": 0.635, "Cheeks_CreaseExt": 0.59, "Eyes_BagProminence": 0.83, "Nose_NostrilSizeX": 0.53, "Ears_SizeZ": 0.68, "Mouth_LowerlipSizeZ": 0.35, "Head_Size": 0.53, "Chin_Tone": 0.0, "Chin_Cleft": 0.3, "Eyes_SizeZ": 0.44, "Nose_BasePosZ": 0.425, "Pelvis_GluteusTone": 0.455, "Pelvis_GluteusMass": 0.605, "Pelvis_GluteusSize": 0.485, "Neck_Mass": 0.43, "Feet_Size": 0.515, "Neck_Angle": 0.335, "Neck_TrapeziousSize": 0.53, "Mouth_SizeX": 0.455, "Neck_Length": 0.38, "Arms_UpperarmTone": 0.47, "Torso_Tone": 0.41, "Mouth_UpperlipSizeZ": 0.35, "Torso_BreastMass": 0.545, "Head_CraniumDolichocephalic": 0.59, "Stomach_LocalFat": 0.56, "Torso_ToracicCurve": 0.65, "Ears_SizeX": 0.53, "Ears_SizeY": 0.62, "Mouth_LowerlipVolume": 0.35, "Forehead_Temple": 0.35, "Body_Size": 0.45, "Neck_Tone": 0.415, "Face_Ellipsoid": 0.485, "Eyes_InnerPosX": 0.5, "Mouth_Protusion": 0.38, "Eyebrows_Angle": 0.5, "Torso_Mass": 0.47, "Nose_NostrilSizeZ": 0.545, "Mouth_PosZ": 0.56, "Eyebrows_PosZ": 0.44, "Legs_LowerlegsMass": 0.47, "Jaw_ScaleX": 0.38, "Mouth_PhiltrumProminence": 0.3, "Chin_SizeZ": 0.47, "Pelvis_SizeY": 0.32, "Eyes_TypeHooded": 0.56, "Eyes_BagSize": 0.635, "Nose_TipAngle": 0.53, "Eyes_PosX": 0.51, "Forehead_Angle": 0.53, "Torso_BreastTone": 0.245, "Ears_Lobe": 0.605, "Mouth_UpperlipVolume": 0.41, "Cheeks_InfraVolume": 0.725, "Nose_SeptumFlat": 0.545, "Shoulders_Tone": 0.44, "Mouth_SideCrease": 0.665, "Waist_Size": 0.665, "Stomach_Volume": 0.56, "Ankle_Size": 0.605, "Legs_LowerlegSize": 0.545, "Forehead_SizeZ": 0.485, "Nose_BallSizeX": 0.68, "Neck_Size": 0.56, "Cheeks_Zygom": 0.56, "Nose_Curve": 0.575, "Arms_UpperarmMass": 0.485, "Eyes_Size": 0.41, "Torso_BreastScaleY": 0.23, "Eyebrows_Tone": 0.4, "Shoulders_Mass": 0.35, "Jaw_Prominence": 0.58, "Arms_UpperarmSize": 0.47, "Torso_Vshape": 0.35, "Legs_UpperlegsTone": 0.175, "Shoulders_PosZ": 0.32, "Jaw_LocY": 0.485, "Eyebrows_Ridge": 0.53, "Nose_TipSize": 0.545, "Torso_AureolaSize": 0.47, "Pelvis_SizeX": 0.395}}