{"structural": {"Legs_LowerlegsMass": 0.53, "Torso_Mass": 0.59, "Legs_UpperlegsTone": 0.35, "Neck_Tone": 0.47, "Pelvis_SizeY": 0.8, "Legs_UpperlegsMass": 0.23, "Pelvis_SizeX": 0.86, "Torso_Tone": 0.41, "Hands_Mass": 1.0, "Arms_ForearmLength": 0.65, "Feet_Mass": 0.74, "Legs_UpperlegLength": 0.05, "Neck_Mass": 0.62, "Arms_UpperarmLength": 0.59, "Neck_Length": 0.35, "Torso_Vshape": 0.41, "Pelvis_GluteusMass": 0.35, "Hands_FingersLength": 0.11, "Head_Size": 0.47, "Hands_Size": 0.32, "Feet_Size": 0.29}}