{"structural": {"Arms_UpperarmLength": 0.35, "Legs_LowerlegLength": 0.35, "Nose_GlabellaSizeX": 0.71, "Nose_Curve": 0.71, "Nose_GlabellaSizeY": 0.55, "Eyes_SizeZ": 0.59, "Eyes_TypeAlmond": 0.8, "Forehead_Angle": 0.35, "Jaw_Prominence": 0.59, "Torso_Vshape": 0.38, "Legs_UpperlegLength": 0.32, "Nose_NostrilSizeX": 0.56, "Eyes_PosX": 0.41, "Nose_TipAngle": 0.29, "Body_Size": 0.45, "Mouth_UpperlipSizeZ": 0.26, "Arms_ForearmLength": 0.38, "Nose_TipPosZ": 0.41, "Nose_SizeY": 0.53, "Head_CraniumDolichocephalic": 0.83, "Mouth_LowerlipSizeZ": 0.26, "Nose_PosY": 0.59, "Chin_Cleft": 0.77, "Eyes_Size": 0.56}}