{"structural": {"Chin_SizeX": 0.68, "Head_CraniumDolichocephalic": 0.29, "Waist_Size": 0.59, "Arms_ForearmLength": 0.35, "Eyebrows_Angle": 0.26, "Torso_SizeX": 0.56, "Stomach_LocalFat": 0.53, "Eyes_TypeHooded": 0.74, "Nose_SizeY": 0.35, "Chin_SizeZ": 0.59, "Stomach_Volume": 0.56, "Chin_Prominence": 0.65, "Jaw_ScaleX": 0.71, "Torso_Length": 0.35, "Neck_TrapeziousSize": 0.62, "Eyes_PosZ": 0.41, "Forehead_Angle": 0.56, "Nose_TipSize": 0.71, "Eyes_SizeZ": 0.38, "Neck_Length": 0.42, "Eyes_PosX": 0.53, "Body_Size": 0.48, "Neck_Back": 0.77, "Hands_Size": 0.59, "Face_Parallelepiped": 0.71}}