{"structural": {"Nose_GlabellaSizeY": 0.38, "Head_SizeX": 0.59, "Torso_Vshape": 0.32, "Nose_NostrilSizeX": 0.47, "Nose_TipSize": 0.53, "Mouth_SizeX": 0.38, "Chin_SizeZ": 0.62, "Nose_WingAngle": 0.35, "Nose_NostrilDiam": 0.26, "Eyebrows_Angle": 0.38, "Legs_LowerlegLength": 0.62, "Forehead_Temple": 0.32, "Eyes_TypeHooded": 0.95, "Head_CraniumDolichocephalic": 0.92, "Nose_SeptumRolled": 0.71, "Body_Size": 0.52, "Chin_Prominence": 0.62, "Eyes_PosX": 0.32, "Nose_Curve": 0.35, "Legs_UpperlegLength": 0.56, "Forehead_Angle": 0.65, "Nose_SeptumFlat": 0.94, "Neck_TrapeziousSize": 0.71, "Mouth_LowerlipSizeZ": 0.23, "Mouth_UpperlipSizeZ": 0.32}}