{"proportion_index": [0.6095, 0.5359, 0.4492, 0.1984, 0.3422], "structural": {"Torso_BreastTone": 0.542, "Torso_BreastMass": 0.25, "Cheeks_Tone": 0.29, "Shoulders_Tone": 0.29, "Abdomen_Tone": 0.29, "Arms_UpperarmTone": 0.29, "Legs_UpperlegsTone": 0.29, "Pelvis_GluteusTone": 0.29, "Legs_LowerlegsTone": 0.29, "Arms_ForearmTone": 0.29, "Waist_Size": 0.4979, "Wrists_Size": 0.4895, "Torso_Tone": 0.29, "Neck_Tone": 0.29}, "manuellab_vers": [1, 6, 0], "metaproperties": {"last_character_age": 0.0, "character_tone": -0.21, "last_character_mass": 0.0, "character_mass": 0.0, "character_age": 0.0, "last_character_tone": -0.21}, "materialproperties": {}}