{"proportion_index": [0.5156, 0.4664, 0.361, 0.1568, 0.2556], "structural": {"Legs_UpperlegLength": 0.65, "Chin_Tone": 0.29, "Torso_Mass": 0.62, "Legs_UpperlegsMass": 0.23, "Feet_Mass": 0.23, "Arms_ForearmSize": 0.44, "Legs_UpperlegsTone": 0.23, "Head_Size": 0.29, "Hands_FingersLength": 1.0, "Legs_LowerlegsTone": 0.32, "Forehead_SizeZ": 0.62, "Legs_UpperlegSize": 0.44, "Shoulders_Mass": 0.08, "Torso_Tone": 0.62, "Pelvis_SizeY": 0.02, "Torso_BreastMass": 0.0, "Arms_UpperarmMass": 0.38, "Arms_ForearmLength": 0.65, "Arms_UpperarmLength": 0.59, "Arms_UpperarmTone": 0.35, "Torso_Vshape": 0.26, "Legs_LowerlegLength": 0.54, "Stomach_Volume": 0.59, "Arms_UpperarmSize": 0.47, "Shoulders_PosZ": 0.41, "Torso_SizeY": 0.29, "Hands_FingersInterDist": 0.38, "Torso_ToracicCurve": 1.0, "Shoulders_Tone": 0.24, "Legs_UpperlegInCurve": 0.74, "Hands_Mass": 0.14, "Feet_Size": 0.62, "Legs_LowerlegsMass": 0.17}, "manuellab_vers": [1, 6, 0], "metaproperties": {"last_character_age": 0.0, "character_tone": 0.0, "last_character_mass": 0.0, "character_mass": 0.0, "character_age": 0.0, "last_character_tone": 0.0}, "materialproperties": {}}