{"proportion_index": [0.591, 0.5605, 0.4879, 0.1579, 0.2451], "structural": {"Torso_BreastTone": 0.554, "Legs_UpperlegLength": 0.65, "Abdomen_Tone": 0.23, "Cheeks_Tone": 0.23, "Chin_Tone": 0.29, "Torso_Mass": 0.62, "Legs_UpperlegsMass": 0.23, "Feet_Mass": 0.23, "Legs_UpperlegSize": 0.44, "Arms_ForearmSize": 0.44, "Legs_UpperlegsTone": -0.04, "Shoulders_Mass": 0.08, "Hands_FingersLength": 1.0, "Shoulders_PosZ": 0.41, "Forehead_SizeZ": 0.62, "Waist_Size": 0.4973, "Head_Size": 0.29, "Torso_Tone": 0.35, "Pelvis_SizeY": 0.02, "Stomach_Volume": 0.59, "Arms_UpperarmMass": 0.38, "Arms_ForearmLength": 0.65, "Torso_ToracicCurve": 1.0, "Arms_UpperarmLength": 0.59, "Arms_UpperarmTone": 0.08, "Torso_Vshape": 0.26, "Pelvis_GluteusTone": 0.23, "Legs_LowerlegLength": 0.54, "Shoulders_Tone": -0.03, "Arms_UpperarmSize": 0.47, "Legs_LowerlegsTone": 0.05, "Torso_SizeY": 0.29, "Feet_Size": 0.62, "Hands_FingersInterDist": 0.38, "Arms_ForearmTone": 0.23, "Wrists_Size": 0.4865, "Legs_UpperlegInCurve": 0.74, "Hands_Mass": 0.14, "Neck_Tone": 0.23, "Legs_LowerlegsMass": 0.17}, "manuellab_vers": [1, 6, 0], "metaproperties": {"last_character_age": 0.0, "character_tone": -0.27, "last_character_mass": 0.0, "character_mass": 0.0, "character_age": 0.0, "last_character_tone": -0.27}, "materialproperties": {}}