{"proportion_index": [0.7873, 0.7633, 0.7051, 0.2182, 0.407], "structural": {"Legs_UpperlegLength": 0.65, "Feet_Mass": 0.59, "Waist_Size": 0.5693, "Arms_ForearmSize": 0.44, "Shoulders_Mass": 0.44, "Legs_LowerlegsTone": 0.05, "Legs_UpperlegSize": 0.44, "Head_Size": 0.29, "Pelvis_SizeY": 0.02, "Shoulders_Tone": -0.03, "Arms_UpperarmMass": 0.74, "Pelvis_GluteusMass": 0.86, "Arms_UpperarmLength": 0.59, "Arms_UpperarmTone": 0.08, "Torso_Vshape": 0.26, "Pelvis_GluteusTone": 0.23, "Legs_LowerlegLength": 0.54, "Arms_UpperarmSize": 0.47, "Torso_Mass": 0.98, "Arms_ForearmTone": 0.23, "Arms_ForearmMass": 0.86, "Wrists_Size": 0.5225, "Neck_Tone": 0.23, "Legs_LowerlegsMass": 0.53, "Torso_BreastTone": 0.554, "Cheeks_Tone": 0.23, "Hands_FingersInterDist": 0.38, "Chin_Tone": 0.29, "Torso_BreastMass": 0.75, "Legs_UpperlegsMass": 0.59, "Abdomen_Tone": 0.23, "Legs_UpperlegsTone": -0.04, "Abdomen_Mass": 0.86, "Hands_FingersLength": 1.0, "Forehead_SizeZ": 0.62, "Neck_Mass": 0.86, "Torso_Tone": 0.35, "Cheeks_Mass": 0.86, "Arms_ForearmLength": 0.65, "Stomach_LocalFat": 0.5072, "Legs_KneeSize": 0.572, "Stomach_Volume": 0.5972, "Shoulders_PosZ": 0.41, "Torso_SizeY": 0.29, "Torso_ToracicCurve": 1.0, "Legs_UpperlegInCurve": 0.74, "Feet_Size": 0.62}, "manuellab_vers": [1, 6, 0], "metaproperties": {"last_character_age": 0.0, "character_tone": -0.27, "last_character_mass": 0.36, "character_mass": 0.36, "character_age": 0.0, "last_character_tone": -0.27}, "materialproperties": {}}