{"proportion_index": [0.8964, 0.7198, 0.8321, 0.2637, 0.5004], "structural": {"Legs_UpperlegLength": 0.65, "Feet_Mass": 0.86, "Waist_Size": 0.6212, "Arms_ForearmSize": 0.44, "Shoulders_Mass": 0.71, "Legs_LowerlegsTone": -0.16, "Legs_UpperlegSize": 0.44, "Head_Size": 0.29, "Pelvis_SizeY": 0.02, "Torso_BreastMass": 0.25, "Arms_UpperarmMass": 1.01, "Pelvis_GluteusMass": 1.13, "Arms_UpperarmLength": 0.59, "Arms_UpperarmTone": -0.13, "Torso_Vshape": 0.26, "Pelvis_GluteusTone": 0.02, "Legs_LowerlegLength": 0.54, "Arms_UpperarmSize": 0.47, "Torso_Mass": 1.25, "Arms_ForearmTone": 0.02, "Arms_ForearmMass": 1.13, "Wrists_Size": 0.539, "Hands_Mass": 0.77, "Neck_Tone": 0.02, "Legs_LowerlegsMass": 0.8, "Torso_BreastTone": 0.596, "Cheeks_Tone": 0.02, "Hands_FingersInterDist": 0.38, "Chin_Tone": 0.29, "Shoulders_Tone": -0.24, "Legs_UpperlegsMass": 0.86, "Abdomen_Tone": 0.02, "Legs_UpperlegsTone": -0.25, "Abdomen_Mass": 1.13, "Hands_FingersLength": 1.0, "Forehead_SizeZ": 0.62, "Neck_Mass": 1.13, "Torso_Tone": 0.14, "Cheeks_Mass": 1.13, "Arms_ForearmLength": 0.65, "Stomach_LocalFat": 0.5126, "Legs_KneeSize": 0.626, "Stomach_Volume": 0.6026, "Shoulders_PosZ": 0.41, "Torso_SizeY": 0.29, "Torso_ToracicCurve": 1.0, "Legs_UpperlegInCurve": 0.74, "Feet_Size": 0.62}, "manuellab_vers": [1, 6, 0], "metaproperties": {"last_character_age": 0.0, "character_tone": -0.48, "last_character_mass": 0.63, "character_mass": 0.63, "character_age": 0.0, "last_character_tone": -0.48}, "materialproperties": {}}