{"proportion_index": [0.6664, 0.6642, 0.5152, 0.1649, 0.3624], "structural": {"Torso_BreastTone": 0.572, "Cheeks_Tone": 0.14, "Neck_Length": 0.41, "Neck_Size": 0.35, "Feet_Mass": 0.23, "Abdomen_Tone": 0.14, "Arms_ForearmSize": 0.44, "Torso_Mass": 0.44, "Legs_UpperlegsTone": -0.01, "Neck_Mass": 0.32, "Hands_FingersLength": 1.0, "Shoulders_PosZ": 0.14, "Forehead_SizeZ": 0.62, "Waist_Size": 0.4964, "Head_Size": 0.59, "Torso_Tone": 0.02, "Wrists_Size": 0.482, "Pelvis_SizeX": 0.62, "Torso_BreastMass": 1.0, "Arms_UpperarmMass": 0.38, "Chin_Tone": 0.29, "Arms_ForearmLength": 0.65, "Torso_ToracicCurve": 1.0, "Arms_UpperarmLength": 0.59, "Arms_UpperarmTone": -0.01, "Torso_Vshape": 0.38, "Pelvis_GluteusTone": 0.14, "Stomach_Volume": 0.59, "Shoulders_Tone": -0.12, "Arms_UpperarmSize": 0.47, "Legs_LowerlegsTone": 0.14, "Torso_SizeY": 0.29, "Feet_Size": 0.62, "Hands_FingersInterDist": 0.38, "Arms_ForearmTone": 0.14, "Shoulders_Mass": 0.08, "Neck_Angle": 0.29, "Hands_Mass": 0.14, "Neck_Tone": -0.01}, "manuellab_vers": [1, 6, 0], "metaproperties": {"last_character_age": 0.0, "character_tone": -0.36, "last_character_mass": 0.0, "character_mass": 0.0, "character_age": 0.0, "last_character_tone": -0.36}, "materialproperties": {}}