{"proportion_index": [0.682, 0.6026, 0.5306, 0.1844, 0.3954], "structural": {"Feet_Mass": 0.56, "Arms_ForearmSize": 0.44, "Shoulders_Mass": 0.41, "Legs_LowerlegsTone": 0.59, "Waist_Size": 0.584, "Head_Size": 0.59, "Shoulders_Tone": 0.33, "Arms_UpperarmMass": 0.71, "Pelvis_GluteusMass": 0.83, "Arms_UpperarmLength": 0.59, "Arms_UpperarmTone": 0.44, "Torso_Vshape": 0.38, "Pelvis_GluteusTone": 0.59, "Arms_UpperarmSize": 0.47, "Torso_Mass": 0.77, "Hands_FingersInterDist": 0.38, "Arms_ForearmTone": 0.59, "Wrists_Size": 0.542, "Hands_Mass": 0.47, "Neck_Tone": 0.44, "Legs_LowerlegsMass": 0.83, "Torso_BreastTone": 0.518, "Cheeks_Tone": 0.59, "Chin_Tone": 0.29, "Neck_Size": 0.35, "Legs_UpperlegsMass": 0.83, "Neck_Angle": 0.29, "Abdomen_Tone": 0.59, "Legs_UpperlegsTone": 0.44, "Abdomen_Mass": 0.83, "Neck_Length": 0.41, "Forehead_SizeZ": 0.62, "Neck_Mass": 0.65, "Torso_Tone": 0.47, "Cheeks_Mass": 0.83, "Arms_ForearmLength": 0.65, "Hands_FingersLength": 1.0, "Stomach_LocalFat": 0.5066, "Legs_KneeSize": 0.584, "Stomach_Volume": 0.5966, "Shoulders_PosZ": 0.14, "Torso_SizeY": 0.29, "Torso_ToracicCurve": 1.0, "Arms_ForearmMass": 0.83, "Pelvis_SizeX": 0.62, "Feet_Size": 0.62}, "manuellab_vers": [1, 6, 0], "metaproperties": {"last_character_age": 0.0, "character_tone": 0.09, "last_character_mass": 0.33, "character_mass": 0.33, "character_age": 0.0, "last_character_tone": 0.09}, "materialproperties": {}}