{"proportion_index": [0.5256, 0.477, 0.3516, 0.1526, 0.269], "structural": {"Legs_UpperlegLength": 0.65, "Neck_Length": 0.56, "Arms_UpperarmLength": 0.59, "Legs_UpperlegsMass": 0.23, "Feet_Mass": 0.23, "Torso_Mass": 0.44, "Legs_UpperlegsTone": 0.23, "Shoulders_Tone": 0.24, "Torso_Length": 0.71, "Hands_FingersLength": 1.0, "Shoulders_PosZ": 0.14, "Forehead_SizeZ": 0.62, "Legs_UpperlegSize": 0.44, "Head_Size": 0.59, "Torso_Tone": 0.35, "Pelvis_SizeY": 0.02, "Neck_Size": 0.35, "Chin_Tone": 0.29, "Arms_UpperarmMass": 0.38, "Arms_ForearmLength": 0.65, "Pelvis_GluteusMass": 0.65, "Neck_Mass": 0.23, "Arms_UpperarmTone": 0.35, "Torso_Vshape": 0.38, "Pelvis_SizeX": 0.44, "Legs_LowerlegLength": 0.54, "Elbows_Size": 0.86, "Arms_UpperarmSize": 0.41, "Legs_LowerlegsTone": 0.32, "Torso_SizeY": 0.29, "Feet_Size": 0.62, "Hands_FingersInterDist": 0.38, "Torso_ToracicCurve": 1.0, "Shoulders_Mass": 0.08, "Legs_UpperlegInCurve": 0.29, "Neck_Angle": 0.29, "Hands_Mass": 0.14, "Neck_Tone": 0.35, "Legs_LowerlegsMass": 0.17}, "manuellab_vers": [1, 6, 0], "metaproperties": {"last_character_age": 0.0, "character_tone": 0.0, "last_character_mass": 0.0, "character_mass": 0.0, "character_age": 0.0, "last_character_tone": 0.0}, "materialproperties": {}}