{"proportion_index": [0.6954, 0.5606, 0.5165, 0.2086, 0.34], "structural": {"Torso_BreastTone": 0.53, "Cheeks_Tone": 0.65, "Neck_Length": 0.38, "Shoulders_Tone": 0.65, "Feet_Mass": 0.74, "Abdomen_Tone": 0.02, "Legs_UpperlegsTone": 0.65, "Neck_Mass": 0.83, "Hands_FingersLength": 0.11, "Legs_LowerlegsTone": 0.65, "Waist_Size": 0.53, "Head_Size": 0.47, "Torso_Tone": 0.38, "Hands_Size": 0.32, "Pelvis_SizeX": 0.86, "Pelvis_SizeY": 0.8, "Torso_BreastMass": 0.25, "Arms_UpperarmMass": 0.77, "Pelvis_GluteusMass": 0.71, "Arms_UpperarmTone": 0.56, "Torso_Vshape": 0.26, "Pelvis_GluteusTone": 0.65, "Legs_KneeSize": 0.53, "Shoulders_PosZ": 0.77, "Arms_ForearmTone": 0.56, "Feet_Size": 0.29, "Torso_Mass": 0.65, "Wrists_Size": 0.515, "Arms_ForearmMass": 0.77, "Hands_Mass": 1.0, "Neck_Tone": 0.65}, "manuellab_vers": [1, 6, 0], "metaproperties": {"last_character_age": 0.0, "character_tone": 0.15, "last_character_mass": 0.0, "character_mass": 0.0, "character_age": 0.0, "last_character_tone": 0.15}, "materialproperties": {}}