{"proportion_index": [0.639, 0.6798, 0.4987, 0.2052, 0.3443], "structural": {"Torso_BreastTone": 0.7, "Cheeks_Tone": -0.5, "Shoulders_Tone": -0.5, "Legs_UpperlegsMass": 0.43, "Feet_Mass": 0.43, "Abdomen_Tone": -1.0, "Legs_UpperlegsTone": -0.5, "Neck_Mass": 0.43, "Legs_LowerlegsTone": -0.5, "Waist_Size": 0.4893, "Shoulders_Mass": 0.43, "Torso_Tone": -0.5, "Cheeks_Mass": 0.43, "Torso_BreastMass": 1.0, "Arms_UpperarmMass": 0.43, "Pelvis_GluteusMass": 0.43, "Abdomen_Mass": -0.07, "Arms_UpperarmTone": -0.5, "Stomach_LocalFat": 0.4965, "Pelvis_GluteusTone": -0.5, "Stomach_Volume": 0.4986, "Arms_ForearmTone": -0.5, "Torso_Mass": 0.43, "Wrists_Size": 0.4465, "Arms_ForearmMass": 0.43, "Hands_Mass": 0.43, "Neck_Tone": -0.5, "Legs_LowerlegsMass": 0.43}, "manuellab_vers": [1, 6, 0], "metaproperties": {"last_character_age": 0.0, "character_tone": -1.0, "last_character_mass": -0.07, "character_mass": -0.07, "character_age": 0.0, "last_character_tone": -1.0}, "materialproperties": {}}