{"proportion_index": [0.4684, 0.5535, 0.3123, 0.1599, 0.237], "structural": {"Torso_BreastTone": 0.7, "Cheeks_Tone": -0.5, "Shoulders_Tone": -0.5, "Legs_UpperlegsMass": -0.5, "Feet_Mass": -0.5, "Abdomen_Tone": 0.0, "Legs_UpperlegsTone": -0.5, "Neck_Mass": -0.5, "Legs_LowerlegsTone": -0.5, "Waist_Size": 0.48, "Shoulders_Mass": -0.5, "Torso_Tone": -0.5, "Cheeks_Mass": -0.5, "Torso_BreastMass": 1.0, "Arms_UpperarmMass": -0.5, "Pelvis_GluteusMass": -0.5, "Abdomen_Mass": 0.0, "Arms_UpperarmTone": -0.5, "Stomach_LocalFat": 0.45, "Pelvis_GluteusTone": -0.5, "Stomach_Volume": 0.48, "Arms_ForearmTone": -0.5, "Torso_Mass": -0.5, "Wrists_Size": 0.4, "Arms_ForearmMass": -0.5, "Hands_Mass": -0.5, "Neck_Tone": -0.5, "Legs_LowerlegsMass": -0.5}, "manuellab_vers": [1, 6, 0], "metaproperties": {"last_character_age": 0.0, "character_tone": -1.0, "last_character_mass": -1.0, "character_mass": -1.0, "character_age": 0.0, "last_character_tone": -1.0}, "materialproperties": {}}