{"proportion_index": [0.5745, 0.4494, 0.3292, 0.1733, 0.2964], "structural": {"Torso_BreastTone": 0.502, "Abdomen_Tone": 0.51, "Cheeks_Tone": 0.51, "Shoulders_Tone": 0.51, "Legs_UpperlegsMass": 0.05, "Feet_Mass": 0.05, "Hands_Mass": 0.05, "Legs_UpperlegsTone": 0.51, "Neck_Mass": 0.05, "Legs_LowerlegsTone": 0.51, "Waist_Size": 0.2575, "Shoulders_Mass": 0.05, "Torso_Tone": 0.51, "Cheeks_Mass": 0.05, "Torso_BreastMass": 0.25, "Arms_UpperarmMass": 0.05, "Pelvis_GluteusMass": 0.05, "Abdomen_Mass": 0.05, "Arms_UpperarmTone": 0.51, "Stomach_LocalFat": 0.4775, "Pelvis_GluteusTone": 0.51, "Stomach_Volume": 0.491, "Legs_KneeSize": 0.502, "Arms_ForearmTone": 0.51, "Pelvis_GluteusSize": 0.74, "Torso_Mass": 0.05, "Wrists_Size": 0.4785, "Arms_ForearmMass": 0.05, "Pelvis_SizeX": 0.59, "Neck_Tone": 0.51, "Legs_LowerlegsMass": 0.05}, "manuellab_vers": [1, 6, 0], "metaproperties": {"last_character_age": 0.0, "character_tone": 0.01, "last_character_mass": -0.45, "character_mass": -0.45, "character_age": 0.0, "last_character_tone": 0.01}, "materialproperties": {}}