{"proportion_index": [0.7305, 0.6157, 0.5335, 0.2435, 0.4037], "structural": {"Torso_BreastTone": 0.524, "Abdomen_Tone": 0.62, "Cheeks_Tone": 0.62, "Shoulders_Tone": 0.62, "Legs_UpperlegsMass": 0.86, "Feet_Mass": 0.86, "Hands_Mass": 0.86, "Legs_UpperlegsTone": 0.62, "Neck_Mass": 0.86, "Legs_LowerlegsTone": 0.62, "Shoulders_Length": 0.8, "Waist_Size": 0.096, "Shoulders_Mass": 0.86, "Torso_Tone": 0.62, "Cheeks_Mass": 0.86, "Torso_BreastMass": 0.0, "Arms_UpperarmMass": 0.86, "Pelvis_GluteusMass": 0.86, "Abdomen_Mass": 0.86, "Arms_UpperarmTone": 0.62, "Stomach_LocalFat": 0.7472, "Pelvis_GluteusTone": 0.62, "Stomach_Volume": 0.5072, "Legs_KneeSize": 0.596, "Arms_ForearmTone": 0.62, "Pelvis_GluteusSize": 0.74, "Torso_Mass": 0.98, "Wrists_Size": 0.548, "Arms_ForearmMass": 0.86, "Pelvis_SizeX": 0.59, "Neck_Tone": 0.62, "Legs_LowerlegsMass": 0.86}, "manuellab_vers": [1, 6, 0], "metaproperties": {"last_character_age": 0.0, "character_tone": 0.12, "last_character_mass": 0.36, "character_mass": 0.36, "character_age": 0.0, "last_character_tone": 0.12}, "materialproperties": {}}