{"manuellab_vers": [1, 4, 0], "metaproperties": {"character_tone": 0.0, "character_age": 0.0, "character_mass": -1.0, "last_character_age": 0.0, "last_character_mass": -1.0, "last_character_tone": 0.0}, "materialproperties": {}, "proportions": {"lowerleg_calf_girth": 0.1938, "chest_width_X": 0.1477, "upperarm_length": 0.1948, "head_width_X": 0.0845, "feet_height_Z": 0.0418, "feet_width": 0.053, "upperleg_bottom_girth": 0.1896, "buttock_height_Z": 0.1426, "forearm_length": 0.1607, "buttock_girth": 0.553, "upperleg_top_girth": 0.2734, "body_height_Z": 1.0, "lowerleg_bottom_girth": 0.1139, "upperleg_length": 0.1874, "shoulders_width": 0.1743, "feet_heel_width": 0.0405, "buttock_width_X": 0.2005, "head_length": 0.1188, "wrist_girth": 0.0813, "upperarm_axillary_girth": 0.1725, "chest_girth": 0.454, "neck_height_Z": 0.0326, "head_height_Z": 0.1322, "hands_width": 0.0448, "chest_depth_Y": 0.1006, "feet_length": 0.1381, "elbow_girth": 0.1418, "lowerleg_length": 0.2553, "hands_length": 0.1025, "waist_girth": 0.3261, "torso_height_Z": 0.2225, "neck_girth": 0.1561, "buttock_depth_Y": 0.1214}, "structural": {"Head_Size": 0.47, "Torso_Tone": 0.41, "Pelvis_SizeX": 0.86, "Torso_Vshape": 0.41, "Neck_Length": 0.35, "Wrists_Size": 0.45, "Arms_UpperarmMass": -0.5, "Pelvis_GluteusMass": -0.65, "Legs_LowerlegsMass": -0.47, "Shoulders_Mass": -0.5, "Hands_Size": 0.32, "Hands_FingersLength": 0.11, "Legs_UpperlegsTone": 0.35, "Neck_Tone": 0.47, "Stomach_LocalFat": 0.45, "Arms_ForearmLength": 0.65, "Torso_Mass": -0.41, "Torso_BreastMass": 0.0, "Feet_Mass": -0.26, "Neck_Mass": -0.38, "Legs_UpperlegsMass": -0.77, "Cheeks_Mass": -0.5, "Hands_Mass": 0.0, "Pelvis_SizeY": 0.8, "Arms_ForearmMass": -0.5, "Feet_Size": 0.29, "Arms_UpperarmLength": 0.59, "Legs_UpperlegLength": 0.05, "Waist_Size": 0.49, "Stomach_Volume": 0.48}}