{"manuellab_vers": [1, 4, 0], "metaproperties": {"character_tone": -1.0, "character_age": 0.0, "character_mass": 0.0, "last_character_age": 0.0, "last_character_mass": 0.0, "last_character_tone": -1.0}, "materialproperties": {}, "proportions": {"lowerleg_calf_girth": 0.2808, "chest_width_X": 0.1982, "upperarm_length": 0.1931, "head_width_X": 0.0854, "feet_height_Z": 0.0402, "feet_width": 0.0544, "upperleg_bottom_girth": 0.2852, "buttock_height_Z": 0.1697, "forearm_length": 0.1321, "buttock_girth": 0.94, "upperleg_top_girth": 0.4446, "body_height_Z": 1.0, "lowerleg_bottom_girth": 0.1654, "upperleg_length": 0.1551, "shoulders_width": 0.1713, "feet_heel_width": 0.0421, "buttock_width_X": 0.3104, "head_length": 0.1202, "wrist_girth": 0.0851, "upperarm_axillary_girth": 0.2692, "chest_girth": 0.7599, "neck_height_Z": 0.0079, "head_height_Z": 0.14, "hands_width": 0.0495, "chest_depth_Y": 0.195, "feet_length": 0.1396, "elbow_girth": 0.1775, "lowerleg_length": 0.2449, "hands_length": 0.1037, "waist_girth": 0.8357, "torso_height_Z": 0.2593, "neck_girth": 0.2642, "buttock_depth_Y": 0.2377}, "structural": {"Shoulders_PosZ": 0.35, "Head_Size": 0.47, "Torso_Tone": -0.56, "Pelvis_SizeX": 0.86, "Arms_ForearmTone": -0.41, "Neck_Length": 0.08, "Wrists_Size": 0.45, "Pelvis_GluteusMass": 0.71, "Legs_LowerlegsMass": 0.8, "Shoulders_Tone": -0.5, "Legs_LowerlegsTone": -0.26, "Hands_Size": 0.32, "Arms_UpperarmTone": -0.56, "Legs_UpperlegsTone": -0.47, "Neck_Tone": -0.53, "Arms_UpperarmMass": 0.65, "Arms_ForearmLength": 0.2, "Torso_BreastTone": 0.7, "Torso_Mass": 0.8, "Feet_Mass": 0.74, "Neck_Mass": 0.74, "Pelvis_GluteusTone": -0.5, "Legs_UpperlegsMass": 0.62, "Hands_FingersLength": 0.11, "Hands_Mass": 1.0, "Pelvis_SizeY": 0.8, "Arms_ForearmMass": 0.62, "Cheeks_Tone": -0.5, "Torso_Vshape": 0.26, "Feet_Size": 0.29, "Arms_UpperarmLength": 0.44, "Legs_UpperlegLength": 0.05, "Waist_Size": 0.49}}