{"metaproperties": {"character_tone": 0.0, "character_age": 0.0, "character_mass": 0.0, "last_character_age": 0.0, "last_character_mass": 0.0, "last_character_tone": 0.0}, "materialproperties": {}, "manuellab_vers": [1, 4, 0], "proportions": {"upperarm_axillary_girth": 0.1702, "feet_heel_width": 0.0423, "upperleg_top_girth": 0.3225, "lowerleg_bottom_girth": 0.1178, "head_width_X": 0.0847, "waist_girth": 0.3444, "feet_length": 0.1475, "upperarm_length": 0.188, "chest_width_X": 0.1421, "chest_depth_Y": 0.1105, "elbow_girth": 0.1352, "hands_width": 0.0457, "torso_height_Z": 0.2015, "feet_height_Z": 0.0445, "shoulders_width": 0.1654, "head_height_Z": 0.1367, "head_length": 0.1192, "hands_length": 0.1194, "upperleg_length": 0.2085, "neck_girth": 0.1529, "buttock_girth": 0.5703, "wrist_girth": 0.0846, "forearm_length": 0.1544, "upperleg_bottom_girth": 0.2146, "chest_girth": 0.4846, "lowerleg_calf_girth": 0.2004, "buttock_depth_Y": 0.1234, "feet_width": 0.0566, "buttock_height_Z": 0.1399, "buttock_width_X": 0.2109, "lowerleg_length": 0.2393, "neck_height_Z": 0.0411, "body_height_Z": 1.0}, "structural": {"Neck_Size": 0.35, "Feet_Size": 0.62, "Shoulders_Mass": 0.08, "Shoulders_PosZ": 0.14, "Torso_SizeY": 0.29, "Arms_ForearmSize": 0.44, "Hands_FingersInterDist": 0.38, "Neck_Tone": 0.35, "Torso_ToracicCurve": 1.0, "Hands_Mass": 0.14, "Shoulders_Tone": 0.24, "Neck_Length": 0.41, "Legs_UpperlegsTone": 0.35, "Arms_UpperarmMass": 0.38, "Stomach_Volume": 0.59, "Arms_UpperarmLength": 0.59, "Chin_Tone": 0.29, "Arms_ForearmLength": 0.65, "Torso_Vshape": 0.38, "Pelvis_SizeX": 0.62, "Neck_Angle": 0.29, "Head_Size": 0.59, "Arms_UpperarmSize": 0.47, "Hands_FingersLength": 1.0, "Feet_Mass": 0.23, "Arms_UpperarmTone": 0.35, "Neck_Mass": 0.32, "Forehead_SizeZ": 0.62, "Torso_Mass": 0.44, "Torso_Tone": 0.38}}