{"manuellab_vers": [1, 4, 0], "metaproperties": {"character_tone": -0.5, "character_age": 0.0, "character_mass": 0.5, "last_character_age": 0.0, "last_character_mass": 0.5, "last_character_tone": -0.5}, "materialproperties": {}, "proportions": {"lowerleg_calf_girth": 0.2373, "chest_width_X": 0.1799, "upperarm_length": 0.1894, "head_width_X": 0.081, "feet_height_Z": 0.041, "feet_width": 0.0548, "upperleg_bottom_girth": 0.3002, "buttock_height_Z": 0.1624, "forearm_length": 0.1455, "buttock_girth": 0.8348, "upperleg_top_girth": 0.4485, "body_height_Z": 1.0, "lowerleg_bottom_girth": 0.1486, "upperleg_length": 0.1771, "shoulders_width": 0.1631, "feet_heel_width": 0.0414, "buttock_width_X": 0.2859, "head_length": 0.114, "wrist_girth": 0.0834, "upperarm_axillary_girth": 0.2668, "chest_girth": 0.7321, "neck_height_Z": 0.0273, "head_height_Z": 0.1364, "hands_width": 0.0453, "chest_depth_Y": 0.19, "feet_length": 0.141, "elbow_girth": 0.1924, "lowerleg_length": 0.2267, "hands_length": 0.1142, "waist_girth": 0.7649, "torso_height_Z": 0.242, "neck_girth": 0.2363, "buttock_depth_Y": 0.1947}, "structural": {"Shoulders_PosZ": 0.14, "Pelvis_SizeX": 0.44, "Torso_Vshape": 0.38, "Legs_KneeSize": 0.6, "Legs_UpperlegsMass": 0.73, "Arms_UpperarmTone": -0.15, "Hands_FingersInterDist": 0.38, "Arms_ForearmLength": 0.65, "Torso_BreastTone": 0.6, "Neck_Size": 0.35, "Legs_UpperlegSize": 0.44, "Torso_BreastMass": 0.75, "Feet_Mass": 0.73, "Torso_ToracicCurve": 1.0, "Pelvis_GluteusTone": 0.0, "Legs_LowerlegsTone": -0.18, "Cheeks_Mass": 1.0, "Hands_Mass": 0.64, "Pelvis_SizeY": 0.02, "Hands_FingersLength": 1.0, "Legs_UpperlegLength": 0.65, "Waist_Size": 0.595, "Torso_Length": 0.71, "Forehead_SizeZ": 0.62, "Torso_Tone": -0.15, "Arms_UpperarmMass": 0.88, "Arms_ForearmTone": 0.0, "Neck_Length": 0.56, "Wrists_Size": 0.525, "Pelvis_GluteusMass": 1.15, "Legs_LowerlegLength": 0.54, "Arms_UpperarmSize": 0.41, "Shoulders_Tone": -0.26, "Shoulders_Mass": 0.58, "Head_Size": 0.59, "Legs_UpperlegsTone": -0.27, "Neck_Tone": -0.15, "Legs_LowerlegsMass": 0.67, "Stomach_LocalFat": 0.51, "Neck_Angle": 0.29, "Torso_Mass": 0.94, "Torso_SizeY": 0.29, "Neck_Mass": 0.73, "Elbows_Size": 0.86, "Arms_ForearmMass": 1.0, "Cheeks_Tone": 0.0, "Legs_UpperlegInCurve": 0.29, "Feet_Size": 0.62, "Arms_UpperarmLength": 0.59, "Chin_Tone": 0.29, "Stomach_Volume": 0.51}}