{"manuellab_vers": [1, 4, 0], "metaproperties": {"character_tone": 0.0, "character_age": 0.0, "character_mass": -1.0, "last_character_age": 0.0, "last_character_mass": -1.0, "last_character_tone": 0.0}, "materialproperties": {}, "proportions": {"lowerleg_calf_girth": 0.1864, "chest_width_X": 0.1397, "upperarm_length": 0.1872, "head_width_X": 0.082, "feet_height_Z": 0.0428, "feet_width": 0.0543, "upperleg_bottom_girth": 0.1878, "buttock_height_Z": 0.1391, "forearm_length": 0.1454, "buttock_girth": 0.5386, "upperleg_top_girth": 0.2953, "body_height_Z": 1.0, "lowerleg_bottom_girth": 0.1138, "upperleg_length": 0.209, "shoulders_width": 0.1747, "feet_heel_width": 0.0409, "buttock_width_X": 0.1982, "head_length": 0.1154, "wrist_girth": 0.0835, "upperarm_axillary_girth": 0.1662, "chest_girth": 0.4282, "neck_height_Z": 0.0373, "head_height_Z": 0.1283, "hands_width": 0.0459, "chest_depth_Y": 0.0963, "feet_length": 0.1414, "elbow_girth": 0.1366, "lowerleg_length": 0.243, "hands_length": 0.1095, "waist_girth": 0.3425, "torso_height_Z": 0.212, "neck_girth": 0.1532, "buttock_depth_Y": 0.1123}, "structural": {"Shoulders_Length": 0.8, "Neck_Mass": -0.5, "Pelvis_SizeX": 0.59, "Torso_Mass": -0.38, "Torso_BreastMass": 0.18, "Feet_Mass": -0.5, "Wrists_Size": 0.45, "Pelvis_GluteusSize": 0.74, "Arms_UpperarmMass": -0.5, "Cheeks_Mass": -0.5, "Hands_Mass": -0.5, "Pelvis_GluteusMass": -0.5, "Stomach_Volume": 0.48, "Arms_ForearmMass": -0.5, "Shoulders_Mass": -0.5, "Legs_UpperlegsMass": -0.5, "Waist_Size": -0.01, "Legs_LowerlegsMass": -0.5, "Stomach_LocalFat": 0.69}}