{"metaproperties": {"character_tone": 0.0, "character_age": 0.0, "character_mass": 0.0, "last_character_age": 0.0, "last_character_mass": 0.0, "last_character_tone": 0.0}, "materialproperties": {}, "manuellab_vers": [1, 4, 0], "proportions": {"upperarm_axillary_girth": 0.1779, "feet_heel_width": 0.0416, "upperleg_top_girth": 0.3239, "lowerleg_bottom_girth": 0.1169, "head_width_X": 0.0865, "waist_girth": 0.3661, "feet_length": 0.144, "upperarm_length": 0.1828, "chest_width_X": 0.1446, "chest_depth_Y": 0.1184, "elbow_girth": 0.1394, "hands_width": 0.0481, "torso_height_Z": 0.2145, "feet_height_Z": 0.0435, "shoulders_width": 0.1653, "head_height_Z": 0.1354, "head_length": 0.1217, "hands_length": 0.1116, "upperleg_length": 0.2001, "neck_girth": 0.1748, "buttock_girth": 0.5651, "wrist_girth": 0.0879, "forearm_length": 0.148, "upperleg_bottom_girth": 0.2083, "chest_girth": 0.504, "lowerleg_calf_girth": 0.2045, "buttock_depth_Y": 0.1228, "feet_width": 0.0553, "buttock_height_Z": 0.1436, "buttock_width_X": 0.2079, "lowerleg_length": 0.239, "neck_height_Z": 0.036, "body_height_Z": 1.0}, "structural": {"Legs_UpperlegLength": 0.32, "Legs_LowerlegLength": 0.39, "Torso_Vshape": 0.32, "Head_Size": 0.59}}