{"metaproperties": {"character_tone": 0.0, "character_age": 0.0, "character_mass": 0.0, "last_character_age": 0.0, "last_character_mass": 0.0, "last_character_tone": 0.0}, "materialproperties": {}, "manuellab_vers": [1, 4, 0], "proportions": {"upperarm_axillary_girth": 0.2066, "feet_heel_width": 0.0415, "upperleg_top_girth": 0.363, "lowerleg_bottom_girth": 0.1195, "head_width_X": 0.0854, "waist_girth": 0.5513, "feet_length": 0.1397, "upperarm_length": 0.185, "chest_width_X": 0.1706, "chest_depth_Y": 0.1585, "elbow_girth": 0.155, "hands_width": 0.0495, "torso_height_Z": 0.2307, "feet_height_Z": 0.0423, "shoulders_width": 0.1679, "head_height_Z": 0.1355, "head_length": 0.1202, "hands_length": 0.1038, "upperleg_length": 0.1787, "neck_girth": 0.2071, "buttock_girth": 0.7033, "wrist_girth": 0.087, "forearm_length": 0.135, "upperleg_bottom_girth": 0.2312, "chest_girth": 0.6307, "lowerleg_calf_girth": 0.2363, "buttock_depth_Y": 0.1708, "feet_width": 0.0544, "buttock_height_Z": 0.1491, "buttock_width_X": 0.246, "lowerleg_length": 0.2578, "neck_height_Z": 0.0217, "body_height_Z": 1.0}, "structural": {"Feet_Size": 0.29, "Shoulders_PosZ": 0.35, "Pelvis_GluteusMass": 0.71, "Neck_Tone": 0.47, "Legs_UpperlegsMass": 0.62, "Hands_Mass": 1.0, "Legs_LowerlegsTone": 0.74, "Neck_Length": 0.08, "Legs_UpperlegsTone": 0.53, "Arms_UpperarmMass": 0.65, "Arms_UpperarmLength": 0.44, "Arms_UpperarmTone": 0.44, "Arms_ForearmLength": 0.2, "Torso_Vshape": 0.26, "Pelvis_SizeX": 0.86, "Arms_ForearmMass": 0.62, "Head_Size": 0.47, "Arms_ForearmTone": 0.59, "Neck_Mass": 0.74, "Hands_FingersLength": 0.11, "Legs_UpperlegLength": 0.05, "Hands_Size": 0.32, "Feet_Mass": 0.74, "Torso_Tone": 0.44, "Pelvis_SizeY": 0.8, "Torso_Mass": 0.8, "Legs_LowerlegsMass": 0.8}}