{"manuellab_vers": [1, 4, 0], "metaproperties": {"character_tone": 0.0, "character_age": 0.0, "character_mass": -0.5, "last_character_age": 0.0, "last_character_mass": -0.5, "last_character_tone": 0.0}, "materialproperties": {}, "proportions": {"lowerleg_calf_girth": 0.1898, "chest_width_X": 0.1439, "upperarm_length": 0.1828, "head_width_X": 0.0865, "feet_height_Z": 0.0435, "feet_width": 0.0553, "upperleg_bottom_girth": 0.1912, "buttock_height_Z": 0.1397, "forearm_length": 0.148, "buttock_girth": 0.5056, "upperleg_top_girth": 0.2817, "body_height_Z": 1.0, "lowerleg_bottom_girth": 0.1158, "upperleg_length": 0.2007, "shoulders_width": 0.1652, "feet_heel_width": 0.0416, "buttock_width_X": 0.1868, "head_length": 0.1217, "wrist_girth": 0.0856, "upperarm_axillary_girth": 0.1693, "chest_girth": 0.4386, "neck_height_Z": 0.036, "head_height_Z": 0.1354, "hands_width": 0.0468, "chest_depth_Y": 0.0977, "feet_length": 0.144, "elbow_girth": 0.1391, "lowerleg_length": 0.2385, "hands_length": 0.1115, "waist_girth": 0.3295, "torso_height_Z": 0.2182, "neck_girth": 0.158, "buttock_depth_Y": 0.1085}, "structural": {"Neck_Mass": 0.0, "Arms_UpperarmMass": 0.0, "Torso_Vshape": 0.32, "Torso_Mass": 0.0, "Torso_BreastMass": 0.25, "Feet_Mass": 0.0, "Wrists_Size": 0.475, "Legs_UpperlegsMass": 0.0, "Cheeks_Mass": 0.0, "Hands_Mass": 0.0, "Pelvis_GluteusMass": 0.0, "Stomach_Volume": 0.49, "Arms_ForearmMass": 0.0, "Legs_LowerlegLength": 0.39, "Head_Size": 0.59, "Shoulders_Mass": 0.0, "Legs_UpperlegLength": 0.32, "Waist_Size": 0.495, "Legs_LowerlegsMass": 0.0, "Stomach_LocalFat": 0.475}}