{"manuellab_vers": [1, 4, 0], "metaproperties": {"character_tone": -1.0, "character_age": 0.0, "character_mass": 0.5, "last_character_age": 0.0, "last_character_mass": 0.5, "last_character_tone": -1.0}, "materialproperties": {}, "proportions": {"lowerleg_calf_girth": 0.281, "chest_width_X": 0.1967, "upperarm_length": 0.1973, "head_width_X": 0.0854, "feet_height_Z": 0.0402, "feet_width": 0.0552, "upperleg_bottom_girth": 0.3307, "buttock_height_Z": 0.1761, "forearm_length": 0.1314, "buttock_girth": 0.9893, "upperleg_top_girth": 0.5032, "body_height_Z": 1.0, "lowerleg_bottom_girth": 0.1666, "upperleg_length": 0.1521, "shoulders_width": 0.1728, "feet_heel_width": 0.0427, "buttock_width_X": 0.3355, "head_length": 0.1202, "wrist_girth": 0.0864, "upperarm_axillary_girth": 0.3165, "chest_girth": 0.8117, "neck_height_Z": 0.002, "head_height_Z": 0.1402, "hands_width": 0.0495, "chest_depth_Y": 0.2143, "feet_length": 0.1396, "elbow_girth": 0.1906, "lowerleg_length": 0.243, "hands_length": 0.1038, "waist_girth": 0.852, "torso_height_Z": 0.2648, "neck_girth": 0.2687, "buttock_depth_Y": 0.2455}, "structural": {"Shoulders_PosZ": 0.35, "Head_Size": 0.47, "Torso_Tone": -0.56, "Pelvis_SizeX": 0.86, "Arms_ForearmTone": -0.41, "Neck_Length": 0.08, "Wrists_Size": 0.5, "Arms_UpperarmMass": 1.15, "Pelvis_GluteusMass": 1.21, "Legs_KneeSize": 0.6, "Shoulders_Tone": -0.5, "Shoulders_Mass": 1.0, "Hands_Size": 0.32, "Arms_UpperarmTone": -0.56, "Legs_UpperlegsTone": -0.47, "Arms_UpperarmLength": 0.44, "Neck_Tone": -0.53, "Legs_LowerlegsMass": 1.3, "Stomach_LocalFat": 0.51, "Arms_ForearmLength": 0.2, "Legs_LowerlegsTone": -0.26, "Torso_BreastTone": 0.7, "Torso_Mass": 1.3, "Torso_BreastMass": 0.75, "Feet_Mass": 1.24, "Neck_Mass": 1.24, "Pelvis_GluteusTone": -0.5, "Legs_UpperlegsMass": 1.12, "Cheeks_Mass": 1.0, "Hands_Mass": 1.5, "Pelvis_SizeY": 0.8, "Arms_ForearmMass": 1.12, "Cheeks_Tone": -0.5, "Torso_Vshape": 0.26, "Feet_Size": 0.29, "Hands_FingersLength": 0.11, "Legs_UpperlegLength": 0.05, "Waist_Size": 0.59, "Stomach_Volume": 0.51}}