{"manuellab_vers": [1, 4, 0], "metaproperties": {"character_tone": -0.5, "character_age": 0.0, "character_mass": 0.0, "last_character_age": 0.0, "last_character_mass": 0.0, "last_character_tone": -0.5}, "materialproperties": {}, "proportions": {"lowerleg_calf_girth": 0.1641, "chest_width_X": 0.152, "upperarm_length": 0.1828, "head_width_X": 0.0784, "feet_height_Z": 0.0427, "feet_width": 0.0543, "upperleg_bottom_girth": 0.1746, "buttock_height_Z": 0.1499, "forearm_length": 0.1465, "buttock_girth": 0.5772, "upperleg_top_girth": 0.2562, "body_height_Z": 1.0, "lowerleg_bottom_girth": 0.113, "upperleg_length": 0.1897, "shoulders_width": 0.1671, "feet_heel_width": 0.0405, "buttock_width_X": 0.2004, "head_length": 0.1103, "wrist_girth": 0.0799, "upperarm_axillary_girth": 0.1747, "chest_girth": 0.5323, "neck_height_Z": 0.0448, "head_height_Z": 0.1267, "hands_width": 0.0438, "chest_depth_Y": 0.1302, "feet_length": 0.1414, "elbow_girth": 0.1341, "lowerleg_length": 0.2398, "hands_length": 0.1145, "waist_girth": 0.4505, "torso_height_Z": 0.2167, "neck_girth": 0.129, "buttock_depth_Y": 0.1273}, "structural": {"Shoulders_PosZ": 0.14, "Forehead_SizeZ": 0.62, "Torso_Tone": 0.18, "Arms_UpperarmMass": 0.38, "Arms_ForearmTone": 0.0, "Neck_Length": 0.56, "Wrists_Size": 0.475, "Neck_Size": 0.35, "Arms_ForearmSize": 0.2, "Arms_UpperarmLength": 0.59, "Arms_UpperarmSize": 0.17, "Shoulders_Tone": -0.26, "Shoulders_Mass": 0.08, "Arms_UpperarmTone": -0.15, "Legs_UpperlegsTone": -0.27, "Hands_FingersInterDist": 0.38, "Neck_Tone": -0.15, "Legs_LowerlegsMass": 0.17, "Neck_Angle": 0.29, "Arms_ForearmLength": 0.65, "Legs_LowerlegsTone": -0.18, "Torso_BreastTone": 0.6, "Torso_Mass": 0.53, "Torso_SizeY": 0.29, "Feet_Mass": 0.23, "Neck_Mass": 0.23, "Torso_ToracicCurve": 1.0, "Pelvis_GluteusTone": 0.0, "Legs_UpperlegsMass": 0.23, "Hands_FingersLength": 1.0, "Hands_Mass": 0.14, "Pelvis_SizeY": 0.02, "Legs_LowerlegLength": 0.54, "Torso_Length": 0.71, "Cheeks_Tone": 0.0, "Legs_UpperlegInCurve": 0.74, "Feet_Size": 0.62, "Legs_UpperlegSize": 0.44, "Legs_UpperlegLength": 0.65, "Waist_Size": 0.285, "Chin_Tone": 0.29}}