{"manuellab_vers": [1, 4, 0], "metaproperties": {"character_tone": -1.0, "character_age": 0.0, "character_mass": 0.0, "last_character_age": 0.0, "last_character_mass": 0.0, "last_character_tone": -1.0}, "materialproperties": {}, "proportions": {"lowerleg_calf_girth": 0.1641, "chest_width_X": 0.1602, "upperarm_length": 0.1831, "head_width_X": 0.0784, "feet_height_Z": 0.0427, "feet_width": 0.0543, "upperleg_bottom_girth": 0.1746, "buttock_height_Z": 0.1442, "forearm_length": 0.1465, "buttock_girth": 0.5984, "upperleg_top_girth": 0.2579, "body_height_Z": 1.0, "lowerleg_bottom_girth": 0.113, "upperleg_length": 0.1892, "shoulders_width": 0.1677, "feet_heel_width": 0.0405, "buttock_width_X": 0.203, "head_length": 0.1103, "wrist_girth": 0.0793, "upperarm_axillary_girth": 0.1794, "chest_girth": 0.571, "neck_height_Z": 0.0439, "head_height_Z": 0.1267, "hands_width": 0.0438, "chest_depth_Y": 0.1415, "feet_length": 0.1414, "elbow_girth": 0.1341, "lowerleg_length": 0.2398, "hands_length": 0.1144, "waist_girth": 0.5141, "torso_height_Z": 0.224, "neck_girth": 0.1302, "buttock_depth_Y": 0.1373}, "structural": {"Shoulders_PosZ": 0.14, "Forehead_SizeZ": 0.62, "Torso_Tone": -0.32, "Arms_UpperarmMass": 0.38, "Arms_ForearmTone": -0.5, "Neck_Length": 0.56, "Wrists_Size": 0.45, "Neck_Size": 0.35, "Arms_ForearmSize": 0.2, "Arms_UpperarmLength": 0.59, "Arms_UpperarmSize": 0.17, "Shoulders_Tone": -0.76, "Shoulders_Mass": 0.08, "Arms_UpperarmTone": -0.65, "Legs_UpperlegsTone": -0.77, "Hands_FingersInterDist": 0.38, "Neck_Tone": -0.65, "Legs_LowerlegsMass": 0.17, "Neck_Angle": 0.29, "Arms_ForearmLength": 0.65, "Legs_LowerlegsTone": -0.68, "Torso_BreastTone": 0.7, "Torso_Mass": 0.53, "Torso_SizeY": 0.29, "Feet_Mass": 0.23, "Neck_Mass": 0.23, "Torso_ToracicCurve": 1.0, "Pelvis_GluteusTone": -0.5, "Legs_UpperlegsMass": 0.23, "Hands_FingersLength": 1.0, "Hands_Mass": 0.14, "Pelvis_SizeY": 0.02, "Legs_LowerlegLength": 0.54, "Torso_Length": 0.71, "Cheeks_Tone": -0.5, "Legs_UpperlegInCurve": 0.74, "Feet_Size": 0.62, "Legs_UpperlegSize": 0.44, "Legs_UpperlegLength": 0.65, "Waist_Size": 0.28, "Chin_Tone": 0.29}}