{"manuellab_vers": [1, 4, 0], "metaproperties": {"character_tone": -0.5, "character_age": 0.0, "character_mass": 0.0, "last_character_age": 0.0, "last_character_mass": 0.0, "last_character_tone": -0.5}, "materialproperties": {}, "proportions": {"lowerleg_calf_girth": 0.2296, "chest_width_X": 0.1804, "upperarm_length": 0.2014, "head_width_X": 0.0845, "feet_height_Z": 0.0407, "feet_width": 0.0538, "upperleg_bottom_girth": 0.1863, "buttock_height_Z": 0.1395, "forearm_length": 0.1593, "buttock_girth": 0.6604, "upperleg_top_girth": 0.2784, "body_height_Z": 1.0, "lowerleg_bottom_girth": 0.1418, "upperleg_length": 0.1778, "shoulders_width": 0.178, "feet_heel_width": 0.0413, "buttock_width_X": 0.2217, "head_length": 0.1188, "wrist_girth": 0.0848, "upperarm_axillary_girth": 0.2417, "chest_girth": 0.6682, "neck_height_Z": 0.0185, "head_height_Z": 0.1367, "hands_width": 0.0489, "chest_depth_Y": 0.1705, "feet_length": 0.1381, "elbow_girth": 0.1639, "lowerleg_length": 0.2511, "hands_length": 0.1026, "waist_girth": 0.6351, "torso_height_Z": 0.2499, "neck_girth": 0.2289, "buttock_depth_Y": 0.1688}, "structural": {"Head_Size": 0.47, "Torso_Tone": -0.09, "Pelvis_SizeX": 0.86, "Arms_ForearmTone": 0.0, "Neck_Length": 0.35, "Wrists_Size": 0.475, "Pelvis_GluteusMass": 0.35, "Legs_LowerlegsMass": 0.53, "Shoulders_Tone": 0.0, "Legs_UpperlegsMass": 0.23, "Hands_Size": 0.32, "Arms_UpperarmTone": 0.0, "Legs_UpperlegsTone": -0.15, "Neck_Tone": -0.03, "Torso_BreastTone": 0.6, "Arms_ForearmLength": 0.65, "Hands_FingersLength": 0.11, "Torso_Mass": 0.59, "Feet_Mass": 0.74, "Neck_Mass": 0.62, "Pelvis_GluteusTone": 0.0, "Legs_LowerlegsTone": 0.0, "Pelvis_SizeY": 0.8, "Hands_Mass": 1.0, "Cheeks_Tone": 0.0, "Torso_Vshape": 0.41, "Feet_Size": 0.29, "Arms_UpperarmLength": 0.59, "Legs_UpperlegLength": 0.05, "Waist_Size": 0.495}}