{"manuellab_vers": [1, 4, 0], "metaproperties": {"character_tone": 0.0, "character_age": 0.0, "character_mass": 0.0, "last_character_age": 0.0, "last_character_mass": 0.0, "last_character_tone": 0.0}, "materialproperties": {}, "proportions": {"lowerleg_calf_girth": 0.2006, "chest_width_X": 0.1591, "upperarm_length": 0.1821, "head_width_X": 0.082, "feet_height_Z": 0.0428, "feet_width": 0.0543, "upperleg_bottom_girth": 0.1956, "buttock_height_Z": 0.1408, "forearm_length": 0.1459, "buttock_girth": 0.5086, "upperleg_top_girth": 0.2953, "body_height_Z": 1.0, "lowerleg_bottom_girth": 0.1149, "upperleg_length": 0.2075, "shoulders_width": 0.187, "feet_heel_width": 0.0409, "buttock_width_X": 0.1683, "head_length": 0.1154, "wrist_girth": 0.0863, "upperarm_axillary_girth": 0.1871, "chest_girth": 0.5317, "neck_height_Z": 0.0258, "head_height_Z": 0.1283, "hands_width": 0.0473, "chest_depth_Y": 0.1164, "feet_length": 0.1414, "elbow_girth": 0.1455, "lowerleg_length": 0.243, "hands_length": 0.1096, "waist_girth": 0.3564, "torso_height_Z": 0.2219, "neck_girth": 0.1698, "buttock_depth_Y": 0.1203}, "structural": {"Shoulders_PosZ": 0.89, "Pelvis_SizeX": 0.11, "Torso_Vshape": 0.89, "Torso_Dorsi": 0.71, "Shoulders_Mass": 0.53, "Wrists_Size": 0.5, "Legs_UpperlegsMass": 0.23, "Arms_UpperarmMass": 0.65}}