{"manuellab_vers": [1, 4, 0], "metaproperties": {"character_tone": -0.5, "character_age": 0.0, "character_mass": 0.0, "last_character_age": 0.0, "last_character_mass": 0.0, "last_character_tone": -0.5}, "materialproperties": {}, "proportions": {"lowerleg_calf_girth": 0.1674, "chest_width_X": 0.1653, "upperarm_length": 0.1866, "head_width_X": 0.0758, "feet_height_Z": 0.0436, "feet_width": 0.0553, "upperleg_bottom_girth": 0.1781, "buttock_height_Z": 0.145, "forearm_length": 0.1496, "buttock_girth": 0.6252, "upperleg_top_girth": 0.2635, "body_height_Z": 1.0, "lowerleg_bottom_girth": 0.1152, "upperleg_length": 0.1928, "shoulders_width": 0.1565, "feet_heel_width": 0.0414, "buttock_width_X": 0.2077, "head_length": 0.1067, "wrist_girth": 0.0822, "upperarm_axillary_girth": 0.1864, "chest_girth": 0.596, "neck_height_Z": 0.0339, "head_height_Z": 0.1258, "hands_width": 0.0447, "chest_depth_Y": 0.1486, "feet_length": 0.1443, "elbow_girth": 0.1474, "lowerleg_length": 0.2446, "hands_length": 0.1168, "waist_girth": 0.588, "torso_height_Z": 0.225, "neck_girth": 0.1863, "buttock_depth_Y": 0.1456}, "structural": {"Shoulders_PosZ": 0.41, "Head_Size": 0.29, "Forehead_SizeZ": 0.62, "Torso_Tone": 0.12, "Arms_UpperarmMass": 0.38, "Arms_ForearmTone": 0.0, "Wrists_Size": 0.475, "Torso_Vshape": 0.26, "Arms_ForearmSize": 0.44, "Arms_UpperarmLength": 0.59, "Arms_UpperarmSize": 0.47, "Shoulders_Tone": -0.26, "Shoulders_Mass": 0.08, "Arms_UpperarmTone": -0.15, "Legs_UpperlegsTone": -0.27, "Hands_FingersInterDist": 0.38, "Neck_Tone": 0.0, "Legs_LowerlegsMass": 0.17, "Arms_ForearmLength": 0.65, "Legs_LowerlegsTone": -0.18, "Torso_BreastTone": 0.6, "Torso_Mass": 0.62, "Torso_SizeY": 0.29, "Feet_Mass": 0.23, "Hands_Mass": 0.14, "Torso_ToracicCurve": 1.0, "Pelvis_GluteusTone": 0.0, "Legs_UpperlegsMass": 0.23, "Hands_FingersLength": 1.0, "Pelvis_SizeY": 0.02, "Legs_LowerlegLength": 0.54, "Cheeks_Tone": 0.0, "Legs_UpperlegInCurve": 0.74, "Feet_Size": 0.62, "Legs_UpperlegSize": 0.44, "Legs_UpperlegLength": 0.65, "Waist_Size": 0.495, "Chin_Tone": 0.29, "Stomach_Volume": 0.59}}