{"manuellab_vers": [1, 4, 0], "metaproperties": {"character_tone": 0.0, "character_age": 0.0, "character_mass": 0.5, "last_character_age": 0.0, "last_character_mass": 0.5, "last_character_tone": 0.0}, "materialproperties": {}, "proportions": {"lowerleg_calf_girth": 0.2134, "chest_width_X": 0.1663, "upperarm_length": 0.184, "head_width_X": 0.081, "feet_height_Z": 0.0419, "feet_width": 0.0548, "upperleg_bottom_girth": 0.2528, "buttock_height_Z": 0.1469, "forearm_length": 0.1482, "buttock_girth": 0.6933, "upperleg_top_girth": 0.3721, "body_height_Z": 1.0, "lowerleg_bottom_girth": 0.129, "upperleg_length": 0.1941, "shoulders_width": 0.1614, "feet_heel_width": 0.0411, "buttock_width_X": 0.2476, "head_length": 0.114, "wrist_girth": 0.0844, "upperarm_axillary_girth": 0.2319, "chest_girth": 0.6932, "neck_height_Z": 0.0345, "head_height_Z": 0.1335, "hands_width": 0.0453, "chest_depth_Y": 0.1797, "feet_length": 0.141, "elbow_girth": 0.1528, "lowerleg_length": 0.2328, "hands_length": 0.1143, "waist_girth": 0.6226, "torso_height_Z": 0.2273, "neck_girth": 0.1963, "buttock_depth_Y": 0.156}, "structural": {"Shoulders_PosZ": 0.14, "Torso_Vshape": 0.38, "Legs_KneeSize": 0.6, "Legs_UpperlegsMass": 0.73, "Arms_UpperarmTone": 0.35, "Arms_ForearmSize": 0.2, "Arms_ForearmLength": 0.65, "Hands_FingersInterDist": 0.38, "Neck_Size": 0.35, "Hands_Mass": 0.64, "Torso_BreastMass": 0.75, "Pelvis_SizeY": 0.02, "Feet_Mass": 0.73, "Torso_ToracicCurve": 1.0, "Legs_LowerlegLength": 0.54, "Legs_LowerlegsTone": 0.32, "Cheeks_Mass": 1.0, "Legs_UpperlegSize": 0.44, "Head_Size": 0.59, "Legs_UpperlegLength": 0.65, "Waist_Size": 0.6, "Torso_Length": 0.71, "Forehead_SizeZ": 0.62, "Torso_Tone": 0.38, "Arms_UpperarmMass": 0.88, "Neck_Length": 0.56, "Wrists_Size": 0.55, "Pelvis_GluteusMass": 1.0, "Arms_UpperarmSize": 0.17, "Shoulders_Tone": 0.24, "Shoulders_Mass": 0.58, "Hands_FingersLength": 1.0, "Legs_UpperlegsTone": 0.23, "Neck_Tone": 0.35, "Legs_LowerlegsMass": 0.67, "Stomach_LocalFat": 0.51, "Neck_Angle": 0.29, "Torso_Mass": 0.94, "Torso_SizeY": 0.29, "Neck_Mass": 0.73, "Arms_ForearmMass": 1.0, "Legs_UpperlegInCurve": 0.74, "Feet_Size": 0.62, "Arms_UpperarmLength": 0.59, "Chin_Tone": 0.29, "Stomach_Volume": 0.6}}