{"manuellab_vers": [1, 4, 0], "metaproperties": {"character_tone": 0.0, "character_age": 0.0, "character_mass": 0.0, "last_character_age": 0.0, "last_character_mass": 0.0, "last_character_tone": 0.0}, "materialproperties": {}, "proportions": {"lowerleg_calf_girth": 0.1737, "chest_width_X": 0.1377, "upperarm_length": 0.1803, "head_width_X": 0.0784, "feet_height_Z": 0.0427, "feet_width": 0.0543, "upperleg_bottom_girth": 0.1854, "buttock_height_Z": 0.1381, "forearm_length": 0.148, "buttock_girth": 0.4973, "upperleg_top_girth": 0.2593, "body_height_Z": 1.0, "lowerleg_bottom_girth": 0.113, "upperleg_length": 0.2132, "shoulders_width": 0.1659, "feet_heel_width": 0.0405, "buttock_width_X": 0.1843, "head_length": 0.1103, "wrist_girth": 0.0804, "upperarm_axillary_girth": 0.1587, "chest_girth": 0.4829, "neck_height_Z": 0.0467, "head_height_Z": 0.1267, "hands_width": 0.0438, "chest_depth_Y": 0.1112, "feet_length": 0.1414, "elbow_girth": 0.1194, "lowerleg_length": 0.24, "hands_length": 0.1145, "waist_girth": 0.3173, "torso_height_Z": 0.2022, "neck_girth": 0.1396, "buttock_depth_Y": 0.097}, "structural": {"Shoulders_PosZ": 0.14, "Forehead_SizeZ": 0.62, "Torso_Tone": 0.68, "Arms_UpperarmMass": 0.38, "Neck_Length": 0.56, "Wrists_Size": 0.5, "Neck_Size": 0.35, "Arms_ForearmSize": 0.2, "Feet_Size": 0.62, "Arms_UpperarmSize": 0.17, "Shoulders_Tone": 0.24, "Shoulders_Mass": 0.08, "Arms_UpperarmLength": 0.59, "Legs_UpperlegsTone": 0.23, "Hands_FingersInterDist": 0.38, "Neck_Tone": 0.35, "Legs_LowerlegsMass": 0.17, "Neck_Angle": 0.29, "Arms_ForearmLength": 0.65, "Legs_LowerlegsTone": 0.32, "Hands_FingersLength": 1.0, "Torso_Mass": 0.53, "Torso_SizeY": 0.29, "Feet_Mass": 0.23, "Neck_Mass": 0.23, "Torso_ToracicCurve": 1.0, "Legs_LowerlegLength": 0.54, "Legs_UpperlegsMass": 0.23, "Hands_Mass": 0.14, "Pelvis_SizeY": 0.02, "Torso_Length": 0.71, "Legs_UpperlegInCurve": 0.74, "Arms_UpperarmTone": 0.35, "Legs_UpperlegSize": 0.44, "Legs_UpperlegLength": 0.65, "Waist_Size": 0.29, "Chin_Tone": 0.29}}