{"manuellab_vers": [1, 4, 0], "metaproperties": {"character_tone": 0.0, "character_age": 0.0, "character_mass": 1.0, "last_character_age": 0.0, "last_character_mass": 1.0, "last_character_tone": 0.0}, "materialproperties": {}, "proportions": {"lowerleg_calf_girth": 0.256, "chest_width_X": 0.1557, "upperarm_length": 0.1899, "head_width_X": 0.0758, "feet_height_Z": 0.0419, "feet_width": 0.0568, "upperleg_bottom_girth": 0.3121, "buttock_height_Z": 0.1577, "forearm_length": 0.1523, "buttock_girth": 0.7036, "upperleg_top_girth": 0.4251, "body_height_Z": 1.0, "lowerleg_bottom_girth": 0.1547, "upperleg_length": 0.2058, "shoulders_width": 0.1583, "feet_heel_width": 0.0429, "buttock_width_X": 0.2677, "head_length": 0.1067, "wrist_girth": 0.0896, "upperarm_axillary_girth": 0.2756, "chest_girth": 0.7052, "neck_height_Z": 0.0248, "head_height_Z": 0.1258, "hands_width": 0.0482, "chest_depth_Y": 0.1826, "feet_length": 0.1443, "elbow_girth": 0.1743, "lowerleg_length": 0.2317, "hands_length": 0.117, "waist_girth": 0.4989, "torso_height_Z": 0.2238, "neck_girth": 0.2162, "buttock_depth_Y": 0.141}, "structural": {"Shoulders_PosZ": 0.41, "Head_Size": 0.29, "Forehead_SizeZ": 0.62, "Torso_Tone": 0.62, "Arms_UpperarmMass": 1.38, "Torso_Vshape": 0.26, "Wrists_Size": 0.6, "Arms_ForearmSize": 0.44, "Pelvis_GluteusMass": 1.5, "Arms_UpperarmLength": 0.59, "Legs_KneeSize": 0.7, "Shoulders_Tone": 0.24, "Shoulders_Mass": 1.08, "Arms_UpperarmTone": 0.35, "Legs_UpperlegsTone": 0.23, "Hands_FingersInterDist": 0.38, "Legs_LowerlegsMass": 1.17, "Stomach_LocalFat": 0.52, "Arms_ForearmLength": 0.65, "Legs_LowerlegsTone": 0.32, "Hands_FingersLength": 1.0, "Torso_Mass": 1.62, "Torso_BreastMass": 1.0, "Torso_SizeY": 0.29, "Feet_Mass": 1.23, "Neck_Mass": 1.5, "Torso_ToracicCurve": 1.0, "Legs_LowerlegLength": 0.54, "Legs_UpperlegsMass": 1.23, "Cheeks_Mass": 1.5, "Hands_Mass": 1.14, "Pelvis_SizeY": 0.02, "Arms_UpperarmSize": 0.47, "Arms_ForearmMass": 1.5, "Legs_UpperlegInCurve": 0.74, "Feet_Size": 0.62, "Legs_UpperlegSize": 0.44, "Legs_UpperlegLength": 0.65, "Waist_Size": 0.7, "Chin_Tone": 0.29, "Stomach_Volume": 0.61}}