{"manuellab_vers": [1, 4, 0], "metaproperties": {"character_tone": 0.0, "character_age": 0.0, "character_mass": -1.0, "last_character_age": 0.0, "last_character_mass": -1.0, "last_character_tone": 0.0}, "materialproperties": {}, "proportions": {"lowerleg_calf_girth": 0.1726, "chest_width_X": 0.1371, "upperarm_length": 0.1834, "head_width_X": 0.0758, "feet_height_Z": 0.0436, "feet_width": 0.0553, "upperleg_bottom_girth": 0.1779, "buttock_height_Z": 0.1359, "forearm_length": 0.1511, "buttock_girth": 0.4598, "upperleg_top_girth": 0.2359, "body_height_Z": 1.0, "lowerleg_bottom_girth": 0.1148, "upperleg_length": 0.2172, "shoulders_width": 0.1545, "feet_heel_width": 0.0414, "buttock_width_X": 0.1743, "head_length": 0.1067, "wrist_girth": 0.0812, "upperarm_axillary_girth": 0.1603, "chest_girth": 0.4089, "neck_height_Z": 0.0403, "head_height_Z": 0.1227, "hands_width": 0.0444, "chest_depth_Y": 0.0884, "feet_length": 0.1443, "elbow_girth": 0.132, "lowerleg_length": 0.2447, "hands_length": 0.1167, "waist_girth": 0.3246, "torso_height_Z": 0.2052, "neck_girth": 0.143, "buttock_depth_Y": 0.0875}, "structural": {"Shoulders_PosZ": 0.41, "Head_Size": 0.29, "Forehead_SizeZ": 0.62, "Torso_Tone": 0.62, "Arms_UpperarmMass": -0.62, "Torso_Vshape": 0.26, "Wrists_Size": 0.45, "Arms_ForearmSize": 0.44, "Pelvis_GluteusMass": -0.5, "Feet_Size": 0.62, "Arms_UpperarmSize": 0.47, "Shoulders_Tone": 0.24, "Shoulders_Mass": -0.92, "Arms_UpperarmLength": 0.59, "Legs_UpperlegsTone": 0.23, "Hands_FingersInterDist": 0.38, "Legs_LowerlegsMass": -0.83, "Stomach_LocalFat": 0.45, "Arms_ForearmLength": 0.65, "Legs_LowerlegsTone": 0.32, "Hands_FingersLength": 1.0, "Torso_Mass": -0.38, "Torso_BreastMass": 0.0, "Torso_SizeY": 0.29, "Feet_Mass": -0.77, "Neck_Mass": -0.5, "Torso_ToracicCurve": 1.0, "Legs_LowerlegLength": 0.54, "Legs_UpperlegsMass": -0.77, "Cheeks_Mass": -0.5, "Hands_Mass": -0.86, "Pelvis_SizeY": 0.02, "Arms_ForearmMass": -0.5, "Legs_UpperlegInCurve": 0.74, "Arms_UpperarmTone": 0.35, "Legs_UpperlegSize": 0.44, "Legs_UpperlegLength": 0.65, "Waist_Size": 0.49, "Chin_Tone": 0.29, "Stomach_Volume": 0.57}}