{"manuellab_vers": [1, 4, 0], "metaproperties": {"character_tone": 0.0, "character_age": 0.0, "character_mass": 0.0, "last_character_age": 0.0, "last_character_mass": 0.0, "last_character_tone": 0.0}, "materialproperties": {}, "proportions": {"lowerleg_calf_girth": 0.2045, "chest_width_X": 0.1446, "upperarm_length": 0.1828, "head_width_X": 0.0865, "feet_height_Z": 0.0435, "feet_width": 0.0553, "upperleg_bottom_girth": 0.2083, "buttock_height_Z": 0.1436, "forearm_length": 0.148, "buttock_girth": 0.5651, "upperleg_top_girth": 0.3239, "body_height_Z": 1.0, "lowerleg_bottom_girth": 0.1169, "upperleg_length": 0.2001, "shoulders_width": 0.1653, "feet_heel_width": 0.0416, "buttock_width_X": 0.2079, "head_length": 0.1217, "wrist_girth": 0.0879, "upperarm_axillary_girth": 0.1779, "chest_girth": 0.504, "neck_height_Z": 0.036, "head_height_Z": 0.1354, "hands_width": 0.0481, "chest_depth_Y": 0.1184, "feet_length": 0.144, "elbow_girth": 0.1394, "lowerleg_length": 0.239, "hands_length": 0.1116, "waist_girth": 0.3661, "torso_height_Z": 0.2145, "neck_girth": 0.1748, "buttock_depth_Y": 0.1228}, "structural": {"Head_Size": 0.59, "Wrists_Size": 0.5, "Legs_UpperlegLength": 0.32, "Torso_Vshape": 0.32, "Legs_LowerlegLength": 0.39}}