{"manuellab_vers": [1, 4, 0], "metaproperties": {"character_tone": 0.0, "character_age": 0.0, "character_mass": 1.0, "last_character_age": 0.0, "last_character_mass": 1.0, "last_character_tone": 0.0}, "materialproperties": {}, "proportions": {"lowerleg_calf_girth": 0.2563, "chest_width_X": 0.1793, "upperarm_length": 0.1886, "head_width_X": 0.0854, "feet_height_Z": 0.0422, "feet_width": 0.0552, "upperleg_bottom_girth": 0.2996, "buttock_height_Z": 0.1606, "forearm_length": 0.1371, "buttock_girth": 0.8095, "upperleg_top_girth": 0.4416, "body_height_Z": 1.0, "lowerleg_bottom_girth": 0.1234, "upperleg_length": 0.1661, "shoulders_width": 0.1693, "feet_heel_width": 0.0421, "buttock_width_X": 0.2795, "head_length": 0.1202, "wrist_girth": 0.0916, "upperarm_axillary_girth": 0.2941, "chest_girth": 0.808, "neck_height_Z": 0.0122, "head_height_Z": 0.1372, "hands_width": 0.0495, "chest_depth_Y": 0.2163, "feet_length": 0.1397, "elbow_girth": 0.1894, "lowerleg_length": 0.2547, "hands_length": 0.1039, "waist_girth": 0.6717, "torso_height_Z": 0.2442, "neck_girth": 0.2391, "buttock_depth_Y": 0.1966}, "structural": {"Shoulders_PosZ": 0.35, "Head_Size": 0.47, "Torso_Tone": 0.44, "Pelvis_SizeX": 0.86, "Arms_ForearmTone": 0.59, "Neck_Length": 0.08, "Wrists_Size": 0.6, "Arms_UpperarmMass": 1.65, "Pelvis_GluteusMass": 1.71, "Legs_KneeSize": 0.7, "Shoulders_Mass": 1.5, "Hands_Size": 0.32, "Arms_UpperarmTone": 0.44, "Legs_UpperlegsTone": 0.53, "Neck_Tone": 0.47, "Legs_LowerlegsMass": 1.8, "Stomach_LocalFat": 0.52, "Arms_ForearmLength": 0.2, "Legs_LowerlegsTone": 0.74, "Hands_FingersLength": 0.11, "Torso_Mass": 1.8, "Torso_BreastMass": 1.0, "Feet_Mass": 1.74, "Neck_Mass": 1.74, "Legs_UpperlegsMass": 1.62, "Cheeks_Mass": 1.5, "Hands_Mass": 2.0, "Pelvis_SizeY": 0.8, "Arms_ForearmMass": 1.62, "Torso_Vshape": 0.26, "Feet_Size": 0.29, "Arms_UpperarmLength": 0.44, "Legs_UpperlegLength": 0.05, "Waist_Size": 0.7, "Stomach_Volume": 0.52}}