{"manuellab_vers": [1, 4, 0], "metaproperties": {"character_tone": -1.0, "character_age": 0.0, "character_mass": 0.0, "last_character_age": 0.0, "last_character_mass": 0.0, "last_character_tone": -1.0}, "materialproperties": {}, "proportions": {"lowerleg_calf_girth": 0.2187, "chest_width_X": 0.1786, "upperarm_length": 0.1872, "head_width_X": 0.0818, "feet_height_Z": 0.0395, "feet_width": 0.0521, "upperleg_bottom_girth": 0.2449, "buttock_height_Z": 0.1662, "forearm_length": 0.1447, "buttock_girth": 0.8528, "upperleg_top_girth": 0.3893, "body_height_Z": 1.0, "lowerleg_bottom_girth": 0.1352, "upperleg_length": 0.1729, "shoulders_width": 0.1633, "feet_heel_width": 0.04, "buttock_width_X": 0.2804, "head_length": 0.1151, "wrist_girth": 0.0815, "upperarm_axillary_girth": 0.2372, "chest_girth": 0.6662, "neck_height_Z": 0.0089, "head_height_Z": 0.1343, "hands_width": 0.0474, "chest_depth_Y": 0.1703, "feet_length": 0.1338, "elbow_girth": 0.1587, "lowerleg_length": 0.2395, "hands_length": 0.0994, "waist_girth": 0.679, "torso_height_Z": 0.2534, "neck_girth": 0.2558, "buttock_depth_Y": 0.2132}, "structural": {"Shoulders_PosZ": 0.77, "Head_Size": 0.47, "Torso_Tone": -0.77, "Pelvis_SizeX": 0.86, "Arms_ForearmTone": -0.5, "Neck_Length": 0.38, "Wrists_Size": 0.45, "Pelvis_GluteusMass": 0.71, "Shoulders_Tone": -0.5, "Hands_Size": 0.32, "Arms_UpperarmTone": -0.5, "Legs_UpperlegsTone": -0.5, "Neck_Tone": -0.5, "Torso_BreastTone": 0.7, "Torso_Mass": 0.65, "Feet_Mass": 0.74, "Neck_Mass": 0.83, "Pelvis_GluteusTone": -0.5, "Legs_LowerlegsTone": -0.5, "Pelvis_SizeY": 0.8, "Hands_Mass": 1.0, "Cheeks_Tone": -0.5, "Torso_Vshape": 0.26, "Feet_Size": 0.29, "Hands_FingersLength": 0.11, "Waist_Size": 0.49}}