{"manuellab_vers": [1, 4, 0], "metaproperties": {"character_tone": 0.0, "character_age": 0.0, "character_mass": 0.0, "last_character_age": 0.0, "last_character_mass": 0.0, "last_character_tone": 0.0}, "materialproperties": {}, "proportions": {"lowerleg_calf_girth": 0.2114, "chest_width_X": 0.1573, "upperarm_length": 0.1952, "head_width_X": 0.0845, "feet_height_Z": 0.0418, "feet_width": 0.0538, "upperleg_bottom_girth": 0.1979, "buttock_height_Z": 0.1429, "forearm_length": 0.1608, "buttock_girth": 0.6061, "upperleg_top_girth": 0.2946, "body_height_Z": 1.0, "lowerleg_bottom_girth": 0.1176, "upperleg_length": 0.1868, "shoulders_width": 0.175, "feet_heel_width": 0.041, "buttock_width_X": 0.2142, "head_length": 0.1188, "wrist_girth": 0.0854, "upperarm_axillary_girth": 0.1854, "chest_girth": 0.5533, "neck_height_Z": 0.0303, "head_height_Z": 0.1333, "hands_width": 0.0489, "chest_depth_Y": 0.1345, "feet_length": 0.1381, "elbow_girth": 0.1421, "lowerleg_length": 0.2551, "hands_length": 0.1026, "waist_girth": 0.449, "torso_height_Z": 0.2242, "neck_girth": 0.1916, "buttock_depth_Y": 0.1425}, "structural": {"Torso_Tone": 0.41, "Pelvis_SizeX": 0.86, "Torso_Vshape": 0.41, "Neck_Length": 0.35, "Wrists_Size": 0.5, "Pelvis_GluteusMass": 0.35, "Legs_LowerlegsMass": 0.53, "Hands_Size": 0.32, "Arms_UpperarmLength": 0.59, "Legs_UpperlegsTone": 0.35, "Neck_Tone": 0.47, "Arms_ForearmLength": 0.65, "Legs_UpperlegLength": 0.05, "Hands_FingersLength": 0.11, "Torso_Mass": 0.59, "Feet_Mass": 0.74, "Hands_Mass": 1.0, "Legs_UpperlegsMass": 0.23, "Pelvis_SizeY": 0.8, "Feet_Size": 0.29, "Head_Size": 0.47, "Neck_Mass": 0.62}}