{"manuellab_vers": [1, 4, 0], "metaproperties": {"character_tone": -1.0, "character_age": 0.0, "character_mass": -1.0, "last_character_age": 0.0, "last_character_mass": -1.0, "last_character_tone": -1.0}, "materialproperties": {}, "proportions": {"lowerleg_calf_girth": 0.1663, "chest_width_X": 0.1356, "upperarm_length": 0.1933, "head_width_X": 0.0806, "feet_height_Z": 0.041, "feet_width": 0.0521, "upperleg_bottom_girth": 0.1865, "buttock_height_Z": 0.1285, "forearm_length": 0.1413, "buttock_girth": 0.4706, "upperleg_top_girth": 0.2674, "body_height_Z": 1.0, "lowerleg_bottom_girth": 0.1102, "upperleg_length": 0.2146, "shoulders_width": 0.1664, "feet_heel_width": 0.0394, "buttock_width_X": 0.1786, "head_length": 0.1134, "wrist_girth": 0.0787, "upperarm_axillary_girth": 0.154, "chest_girth": 0.4565, "neck_height_Z": 0.032, "head_height_Z": 0.1261, "hands_width": 0.044, "chest_depth_Y": 0.1054, "feet_length": 0.1356, "elbow_girth": 0.1307, "lowerleg_length": 0.2563, "hands_length": 0.105, "waist_girth": 0.2646, "torso_height_Z": 0.2117, "neck_girth": 0.135, "buttock_depth_Y": 0.0969}, "structural": {"Shoulders_PosZ": 0.59, "Head_Size": 0.56, "Torso_Tone": -0.5, "Body_Size": 0.46, "Pelvis_SizeX": 0.55, "Arms_ForearmTone": -0.5, "Torso_Dorsi": 0.8, "Wrists_Size": 0.4, "Pelvis_GluteusMass": -0.41, "Legs_LowerlegsMass": -0.5, "Shoulders_Tone": -0.41, "Shoulders_Mass": -0.62, "Legs_UpperlegsTone": -0.5, "Arms_UpperarmTone": -0.5, "Neck_Tone": -0.5, "Stomach_LocalFat": 0.45, "Arms_UpperarmMass": -0.5, "Arms_ForearmLength": 0.53, "Legs_LowerlegsTone": -0.5, "Torso_BreastTone": 0.94, "Torso_Mass": -0.5, "Torso_BreastMass": 0.27, "Feet_Mass": -0.5, "Neck_Mass": -0.5, "Pelvis_GluteusTone": -0.35, "Legs_UpperlegsMass": -0.5, "Cheeks_Mass": -0.5, "Hands_Mass": -0.5, "Legs_UpperlegSize": 0.65, "Pelvis_GluteusSize": 0.57, "Arms_ForearmMass": -0.5, "Cheeks_Tone": -0.5, "Legs_LowerlegLength": 0.62, "Arms_UpperarmLength": 0.737, "Legs_UpperlegLength": 0.65, "Waist_Size": 0.24, "Stomach_Volume": 0.48}}