{"metaproperties": {"character_tone": -0.12, "character_age": 0.0, "character_mass": 0.3, "last_character_age": 0.0, "last_character_mass": 0.3, "last_character_tone": -0.12}, "materialproperties": {}, "manuellab_vers": [1, 4, 0], "proportions": {"upperarm_axillary_girth": 0.2449, "feet_heel_width": 0.0419, "upperleg_top_girth": 0.4043, "lowerleg_bottom_girth": 0.1402, "head_width_X": 0.082, "waist_girth": 0.5922, "feet_length": 0.1414, "upperarm_length": 0.1855, "chest_width_X": 0.1689, "chest_depth_Y": 0.1704, "elbow_girth": 0.1626, "hands_width": 0.0488, "torso_height_Z": 0.2353, "feet_height_Z": 0.0417, "shoulders_width": 0.1767, "head_height_Z": 0.1316, "head_length": 0.1154, "hands_length": 0.1097, "upperleg_length": 0.189, "neck_girth": 0.2182, "buttock_girth": 0.7313, "wrist_girth": 0.088, "forearm_length": 0.1445, "upperleg_bottom_girth": 0.2638, "chest_girth": 0.6606, "lowerleg_calf_girth": 0.2366, "buttock_depth_Y": 0.1745, "feet_width": 0.0552, "buttock_height_Z": 0.1545, "buttock_width_X": 0.2582, "lowerleg_length": 0.2355, "neck_height_Z": 0.0248, "body_height_Z": 1.0}, "structural": {"Cheeks_Mass": 0.8, "Waist_Size": 0.5588, "Cheeks_Tone": 0.38, "Neck_Tone": 0.38, "Legs_UpperlegsMass": 0.8, "Hands_Mass": 0.8, "Pelvis_GluteusTone": 0.38, "Shoulders_Tone": 0.38, "Shoulders_Mass": 0.8, "Legs_UpperlegsTone": 0.38, "Arms_UpperarmMass": 0.8, "Stomach_Volume": 0.506, "Arms_UpperarmTone": 0.38, "Feet_Mass": 0.8, "Arms_ForearmMass": 0.8, "Pelvis_GluteusMass": 0.8, "Arms_ForearmTone": 0.38, "Wrists_Size": 0.524, "Neck_Mass": 0.8, "Torso_BreastTone": 0.524, "Stomach_LocalFat": 0.506, "Torso_Tone": 0.38, "Legs_LowerlegsTone": 0.38, "Torso_BreastMass": 0.65, "Legs_KneeSize": 0.56, "Torso_Mass": 0.8, "Legs_LowerlegsMass": 0.8}}