{"manuellab_vers": [1, 4, 0], "metaproperties": {"character_tone": 0.0, "character_age": 0.0, "character_mass": 0.0, "last_character_age": 0.0, "last_character_mass": 0.0, "last_character_tone": 0.0}, "materialproperties": {}, "proportions": {"lowerleg_calf_girth": 0.2009, "chest_width_X": 0.1416, "upperarm_length": 0.1795, "head_width_X": 0.082, "feet_height_Z": 0.0428, "feet_width": 0.0543, "upperleg_bottom_girth": 0.2047, "buttock_height_Z": 0.1419, "forearm_length": 0.1454, "buttock_girth": 0.5364, "upperleg_top_girth": 0.3181, "body_height_Z": 1.0, "lowerleg_bottom_girth": 0.1149, "upperleg_length": 0.2076, "shoulders_width": 0.1604, "feet_heel_width": 0.0409, "buttock_width_X": 0.1917, "head_length": 0.1154, "wrist_girth": 0.0863, "upperarm_axillary_girth": 0.1747, "chest_girth": 0.498, "neck_height_Z": 0.0369, "head_height_Z": 0.1283, "hands_width": 0.0473, "chest_depth_Y": 0.1199, "feet_length": 0.1414, "elbow_girth": 0.1369, "lowerleg_length": 0.2435, "hands_length": 0.1096, "waist_girth": 0.3982, "torso_height_Z": 0.2097, "neck_girth": 0.1685, "buttock_depth_Y": 0.1204}, "structural": {"Wrists_Size": 0.5, "Waist_Size": 0.86, "Pelvis_SizeX": 0.32, "Torso_Vshape": 0.29}}