{"metaproperties": {"character_tone": 0.0, "character_age": 0.0, "character_mass": 0.0, "last_character_age": 0.0, "last_character_mass": 0.0, "last_character_tone": 0.0}, "materialproperties": {}, "manuellab_vers": [1, 4, 0], "proportions": {"upperarm_axillary_girth": 0.1656, "feet_heel_width": 0.0395, "upperleg_top_girth": 0.2817, "lowerleg_bottom_girth": 0.1093, "head_width_X": 0.0793, "waist_girth": 0.3301, "feet_length": 0.1368, "upperarm_length": 0.1736, "chest_width_X": 0.1362, "chest_depth_Y": 0.1062, "elbow_girth": 0.1302, "hands_width": 0.0451, "torso_height_Z": 0.2047, "feet_height_Z": 0.0414, "shoulders_width": 0.1588, "head_height_Z": 0.1241, "head_length": 0.1115, "hands_length": 0.106, "upperleg_length": 0.2106, "neck_girth": 0.1598, "buttock_girth": 0.5161, "wrist_girth": 0.0823, "forearm_length": 0.1405, "upperleg_bottom_girth": 0.1921, "chest_girth": 0.4539, "lowerleg_calf_girth": 0.1872, "buttock_depth_Y": 0.1122, "feet_width": 0.0525, "buttock_height_Z": 0.1353, "buttock_width_X": 0.1896, "lowerleg_length": 0.2513, "neck_height_Z": 0.0427, "body_height_Z": 1.0}, "structural": {"Cheeks_Mass": 0.23, "Neck_Mass": 0.29, "Waist_Size": 0.3899, "Legs_UpperlegSize": 0.32, "Torso_Vshape": 0.35, "Arms_ForearmSize": 0.38, "Legs_UpperlegLength": 0.59, "Neck_Tone": 0.56, "Legs_UpperlegsMass": 0.29, "Legs_LowerlegsTone": 0.56, "Pelvis_GluteusTone": 0.56, "Shoulders_Tone": 0.56, "Neck_Length": 0.68, "Torso_BreastTone": 0.512, "Legs_UpperlegsTone": 0.56, "Arms_UpperarmMass": 0.29, "Stomach_Volume": 0.4958, "Hands_Mass": 0.29, "Feet_Mass": 0.29, "Shoulders_Mass": 0.29, "Legs_LowerlegLength": 0.59, "Pelvis_GluteusMass": 0.29, "Arms_ForearmMass": 0.29, "Arms_ForearmTone": 0.56, "Wrists_Size": 0.4955, "Arms_UpperarmSize": 0.44, "Legs_LowerlegSize": 0.38, "Stomach_LocalFat": 0.4895, "Neck_Collarbone": 0.59, "Arms_UpperarmTone": 0.56, "Legs_LowerlegsMass": 0.29, "Torso_BreastMass": 0.395, "Legs_KneeSize": 0.302, "Torso_Mass": 0.29, "Torso_Tone": 0.56}}