{"manuellab_vers": [1, 4, 0], "metaproperties": {"character_tone": -1.0, "character_age": 0.0, "character_mass": -0.5, "last_character_age": 0.0, "last_character_mass": -0.5, "last_character_tone": -1.0}, "materialproperties": {}, "proportions": {"lowerleg_calf_girth": 0.1775, "chest_width_X": 0.1479, "upperarm_length": 0.1948, "head_width_X": 0.0845, "feet_height_Z": 0.0418, "feet_width": 0.053, "upperleg_bottom_girth": 0.186, "buttock_height_Z": 0.1403, "forearm_length": 0.1607, "buttock_girth": 0.5338, "upperleg_top_girth": 0.2619, "body_height_Z": 1.0, "lowerleg_bottom_girth": 0.115, "upperleg_length": 0.1868, "shoulders_width": 0.1742, "feet_heel_width": 0.0405, "buttock_width_X": 0.2001, "head_length": 0.1188, "wrist_girth": 0.0823, "upperarm_axillary_girth": 0.1673, "chest_girth": 0.4773, "neck_height_Z": 0.0327, "head_height_Z": 0.1322, "hands_width": 0.0462, "chest_depth_Y": 0.1099, "feet_length": 0.1381, "elbow_girth": 0.1415, "lowerleg_length": 0.2552, "hands_length": 0.1025, "waist_girth": 0.3064, "torso_height_Z": 0.2251, "neck_girth": 0.1433, "buttock_depth_Y": 0.1141}, "structural": {"Head_Size": 0.47, "Torso_Tone": -0.59, "Pelvis_SizeX": 0.86, "Arms_ForearmTone": -0.5, "Neck_Length": 0.35, "Wrists_Size": 0.425, "Arms_UpperarmMass": 0.0, "Pelvis_GluteusMass": -0.15, "Legs_LowerlegsMass": 0.03, "Shoulders_Tone": -0.5, "Shoulders_Mass": 0.0, "Hands_Size": 0.32, "Arms_UpperarmTone": -0.5, "Legs_UpperlegsTone": -0.65, "Arms_UpperarmLength": 0.59, "Neck_Tone": -0.53, "Stomach_LocalFat": 0.475, "Arms_ForearmLength": 0.65, "Legs_LowerlegsTone": -0.5, "Torso_BreastTone": 0.7, "Torso_Mass": 0.09, "Torso_BreastMass": 0.25, "Feet_Mass": 0.24, "Neck_Mass": 0.12, "Pelvis_GluteusTone": -0.5, "Legs_UpperlegsMass": -0.27, "Cheeks_Mass": 0.0, "Pelvis_SizeY": 0.8, "Arms_ForearmMass": 0.0, "Cheeks_Tone": -0.5, "Torso_Vshape": 0.41, "Feet_Size": 0.29, "Hands_FingersLength": 0.11, "Legs_UpperlegLength": 0.05, "Waist_Size": 0.485, "Stomach_Volume": 0.49}}