{"metaproperties": {"character_tone": -1.0, "character_age": 0.0, "character_mass": 1.0, "last_character_age": 0.0, "last_character_mass": 1.0, "last_character_tone": -1.0}, "materialproperties": {}, "manuellab_vers": [1, 4, 0], "proportions": {"upperarm_axillary_girth": 0.3, "feet_heel_width": 0.0426, "upperleg_top_girth": 0.4794, "lowerleg_bottom_girth": 0.1628, "head_width_X": 0.082, "waist_girth": 0.826, "feet_length": 0.1414, "upperarm_length": 0.1917, "chest_width_X": 0.1884, "chest_depth_Y": 0.2173, "elbow_girth": 0.1816, "hands_width": 0.0499, "torso_height_Z": 0.2572, "feet_height_Z": 0.0407, "shoulders_width": 0.1797, "head_height_Z": 0.1345, "head_length": 0.1154, "hands_length": 0.1097, "upperleg_length": 0.1724, "neck_girth": 0.2604, "buttock_girth": 0.9083, "wrist_girth": 0.0892, "forearm_length": 0.1428, "upperleg_bottom_girth": 0.3171, "chest_girth": 0.8146, "lowerleg_calf_girth": 0.2675, "buttock_depth_Y": 0.2239, "feet_width": 0.0558, "buttock_height_Z": 0.167, "buttock_width_X": 0.3074, "lowerleg_length": 0.229, "neck_height_Z": 0.0141, "body_height_Z": 1.0}, "structural": {"Cheeks_Mass": 1.5, "Waist_Size": 0.69, "Cheeks_Tone": -0.5, "Neck_Tone": -0.5, "Legs_UpperlegsMass": 1.5, "Hands_Mass": 1.5, "Pelvis_GluteusTone": -0.5, "Shoulders_Tone": -0.5, "Shoulders_Mass": 1.5, "Legs_UpperlegsTone": -0.5, "Arms_UpperarmMass": 1.5, "Stomach_Volume": 0.52, "Arms_UpperarmTone": -0.5, "Feet_Mass": 1.5, "Arms_ForearmMass": 1.5, "Pelvis_GluteusMass": 1.5, "Arms_ForearmTone": -0.5, "Wrists_Size": 0.55, "Neck_Mass": 1.5, "Torso_BreastTone": 0.7, "Stomach_LocalFat": 0.52, "Torso_Tone": -0.5, "Legs_LowerlegsTone": -0.5, "Torso_BreastMass": 1.0, "Legs_KneeSize": 0.7, "Torso_Mass": 1.5, "Legs_LowerlegsMass": 1.5}}