{"manuellab_vers": [1, 4, 0], "metaproperties": {"character_tone": -0.5, "character_age": 0.0, "character_mass": 0.0, "last_character_age": 0.0, "last_character_mass": 0.0, "last_character_tone": -0.5}, "materialproperties": {}, "proportions": {"lowerleg_calf_girth": 0.2175, "chest_width_X": 0.1654, "upperarm_length": 0.1855, "head_width_X": 0.082, "feet_height_Z": 0.0418, "feet_width": 0.0543, "upperleg_bottom_girth": 0.2436, "buttock_height_Z": 0.1513, "forearm_length": 0.144, "buttock_girth": 0.6628, "upperleg_top_girth": 0.363, "body_height_Z": 1.0, "lowerleg_bottom_girth": 0.1376, "upperleg_length": 0.1893, "shoulders_width": 0.1634, "feet_heel_width": 0.0412, "buttock_width_X": 0.2316, "head_length": 0.1154, "wrist_girth": 0.0857, "upperarm_axillary_girth": 0.229, "chest_girth": 0.6083, "neck_height_Z": 0.0256, "head_height_Z": 0.1314, "hands_width": 0.0473, "chest_depth_Y": 0.1576, "feet_length": 0.1414, "elbow_girth": 0.1579, "lowerleg_length": 0.2354, "hands_length": 0.1096, "waist_girth": 0.5769, "torso_height_Z": 0.2368, "neck_girth": 0.1967, "buttock_depth_Y": 0.1613}, "structural": {"Torso_Vshape": 0.29, "Torso_Tone": 0.0, "Pelvis_SizeX": 0.32, "Arms_ForearmTone": 0.0, "Waist_Size": 0.855, "Wrists_Size": 0.475, "Pelvis_GluteusTone": 0.0, "Legs_LowerlegsTone": 0.0, "Shoulders_Tone": 0.0, "Cheeks_Tone": 0.0, "Legs_UpperlegsTone": 0.0, "Arms_UpperarmTone": 0.0, "Neck_Tone": 0.0, "Torso_BreastTone": 0.6}}