{"manuellab_vers": [1, 4, 0], "metaproperties": {"character_tone": 0.0, "character_age": 0.0, "character_mass": 0.5, "last_character_age": 0.0, "last_character_mass": 0.5, "last_character_tone": 0.0}, "materialproperties": {}, "proportions": {"lowerleg_calf_girth": 0.2183, "chest_width_X": 0.1573, "upperarm_length": 0.1871, "head_width_X": 0.0758, "feet_height_Z": 0.0429, "feet_width": 0.056, "upperleg_bottom_girth": 0.2586, "buttock_height_Z": 0.1556, "forearm_length": 0.1518, "buttock_girth": 0.6685, "upperleg_top_girth": 0.3775, "body_height_Z": 1.0, "lowerleg_bottom_girth": 0.132, "upperleg_length": 0.1996, "shoulders_width": 0.1567, "feet_heel_width": 0.0421, "buttock_width_X": 0.2481, "head_length": 0.1067, "wrist_girth": 0.0871, "upperarm_axillary_girth": 0.232, "chest_girth": 0.6806, "neck_height_Z": 0.0311, "head_height_Z": 0.1258, "hands_width": 0.0464, "chest_depth_Y": 0.173, "feet_length": 0.1443, "elbow_girth": 0.1671, "lowerleg_length": 0.2382, "hands_length": 0.1169, "waist_girth": 0.4826, "torso_height_Z": 0.2178, "neck_girth": 0.2147, "buttock_depth_Y": 0.1395}, "structural": {"Shoulders_PosZ": 0.41, "Head_Size": 0.29, "Forehead_SizeZ": 0.62, "Torso_Tone": 0.62, "Arms_UpperarmMass": 0.88, "Torso_Vshape": 0.26, "Wrists_Size": 0.55, "Arms_ForearmSize": 0.44, "Pelvis_GluteusMass": 1.0, "Arms_UpperarmLength": 0.59, "Legs_KneeSize": 0.6, "Shoulders_Tone": 0.24, "Shoulders_Mass": 0.58, "Arms_UpperarmTone": 0.35, "Legs_UpperlegsTone": 0.23, "Hands_FingersInterDist": 0.38, "Legs_LowerlegsMass": 0.67, "Stomach_LocalFat": 0.51, "Arms_ForearmLength": 0.65, "Legs_LowerlegsTone": 0.32, "Hands_FingersLength": 1.0, "Torso_Mass": 1.12, "Torso_BreastMass": 0.75, "Torso_SizeY": 0.29, "Feet_Mass": 0.73, "Neck_Mass": 1.0, "Torso_ToracicCurve": 1.0, "Legs_LowerlegLength": 0.54, "Legs_UpperlegsMass": 0.73, "Cheeks_Mass": 1.0, "Hands_Mass": 0.64, "Pelvis_SizeY": 0.02, "Arms_UpperarmSize": 0.47, "Arms_ForearmMass": 1.0, "Legs_UpperlegInCurve": 0.74, "Feet_Size": 0.62, "Legs_UpperlegSize": 0.44, "Legs_UpperlegLength": 0.65, "Waist_Size": 0.6, "Chin_Tone": 0.29, "Stomach_Volume": 0.6}}