{"manuellab_vers": [1, 4, 0], "metaproperties": {"character_tone": 0.0, "character_age": 0.0, "character_mass": -0.5, "last_character_age": 0.0, "last_character_mass": -0.5, "last_character_tone": 0.0}, "materialproperties": {}, "proportions": {"lowerleg_calf_girth": 0.1688, "chest_width_X": 0.1354, "upperarm_length": 0.1797, "head_width_X": 0.081, "feet_height_Z": 0.0426, "feet_width": 0.0541, "upperleg_bottom_girth": 0.1739, "buttock_height_Z": 0.1335, "forearm_length": 0.1476, "buttock_girth": 0.4493, "upperleg_top_girth": 0.2306, "body_height_Z": 1.0, "lowerleg_bottom_girth": 0.1122, "upperleg_length": 0.2123, "shoulders_width": 0.1582, "feet_heel_width": 0.0404, "buttock_width_X": 0.1704, "head_length": 0.114, "wrist_girth": 0.0792, "upperarm_axillary_girth": 0.1538, "chest_girth": 0.4122, "neck_height_Z": 0.045, "head_height_Z": 0.1308, "hands_width": 0.0434, "chest_depth_Y": 0.089, "feet_length": 0.141, "elbow_girth": 0.1189, "lowerleg_length": 0.2392, "hands_length": 0.1141, "waist_girth": 0.2985, "torso_height_Z": 0.206, "neck_girth": 0.1344, "buttock_depth_Y": 0.0859}, "structural": {"Shoulders_PosZ": 0.14, "Legs_UpperlegSize": 0.44, "Torso_Vshape": 0.38, "Legs_LowerlegsMass": -0.33, "Legs_UpperlegsMass": -0.27, "Arms_UpperarmTone": 0.35, "Arms_ForearmSize": 0.2, "Arms_ForearmLength": 0.65, "Hands_FingersInterDist": 0.38, "Neck_Size": 0.35, "Hands_Mass": -0.36, "Torso_BreastMass": 0.25, "Feet_Mass": -0.27, "Torso_ToracicCurve": 1.0, "Legs_LowerlegLength": 0.54, "Legs_LowerlegsTone": 0.32, "Cheeks_Mass": 0.0, "Pelvis_SizeY": 0.02, "Head_Size": 0.59, "Legs_UpperlegLength": 0.65, "Waist_Size": 0.495, "Torso_Length": 0.71, "Forehead_SizeZ": 0.62, "Torso_Tone": 0.38, "Arms_UpperarmMass": -0.12, "Neck_Length": 0.56, "Wrists_Size": 0.475, "Pelvis_GluteusMass": 0.0, "Arms_UpperarmSize": 0.17, "Shoulders_Tone": 0.24, "Shoulders_Mass": -0.42, "Hands_FingersLength": 1.0, "Legs_UpperlegsTone": 0.23, "Neck_Tone": 0.35, "Stomach_LocalFat": 0.475, "Neck_Angle": 0.29, "Torso_Mass": -0.06, "Torso_SizeY": 0.29, "Neck_Mass": -0.27, "Arms_ForearmMass": 0.0, "Legs_UpperlegInCurve": 0.74, "Feet_Size": 0.62, "Arms_UpperarmLength": 0.59, "Chin_Tone": 0.29, "Stomach_Volume": 0.58}}