{"manuellab_vers": [1, 4, 0], "metaproperties": {"character_tone": 0.0, "character_age": 0.0, "character_mass": 1.0, "last_character_age": 0.0, "last_character_mass": 1.0, "last_character_tone": 0.0}, "materialproperties": {}, "proportions": {"lowerleg_calf_girth": 0.262, "chest_width_X": 0.181, "upperarm_length": 0.1994, "head_width_X": 0.0845, "feet_height_Z": 0.0408, "feet_width": 0.0546, "upperleg_bottom_girth": 0.3129, "buttock_height_Z": 0.1585, "forearm_length": 0.163, "buttock_girth": 0.8272, "upperleg_top_girth": 0.4541, "body_height_Z": 1.0, "lowerleg_bottom_girth": 0.1426, "upperleg_length": 0.1692, "shoulders_width": 0.1774, "feet_heel_width": 0.0419, "buttock_width_X": 0.292, "head_length": 0.1188, "wrist_girth": 0.0903, "upperarm_axillary_girth": 0.2891, "chest_girth": 0.8091, "neck_height_Z": 0.0186, "head_height_Z": 0.1357, "hands_width": 0.0489, "chest_depth_Y": 0.2161, "feet_length": 0.1381, "elbow_girth": 0.1883, "lowerleg_length": 0.246, "hands_length": 0.1028, "waist_girth": 0.6901, "torso_height_Z": 0.2478, "neck_girth": 0.2388, "buttock_depth_Y": 0.1984}, "structural": {"Head_Size": 0.47, "Torso_Tone": 0.41, "Pelvis_SizeX": 0.86, "Torso_Vshape": 0.41, "Neck_Length": 0.35, "Wrists_Size": 0.6, "Arms_UpperarmMass": 1.5, "Pelvis_GluteusMass": 1.35, "Legs_KneeSize": 0.7, "Shoulders_Mass": 1.5, "Hands_Size": 0.32, "Hands_FingersLength": 0.11, "Legs_UpperlegsTone": 0.35, "Neck_Tone": 0.47, "Legs_LowerlegsMass": 1.53, "Stomach_LocalFat": 0.52, "Arms_ForearmLength": 0.65, "Torso_Mass": 1.59, "Torso_BreastMass": 1.0, "Feet_Mass": 1.74, "Neck_Mass": 1.62, "Legs_UpperlegsMass": 1.23, "Cheeks_Mass": 1.5, "Hands_Mass": 2.0, "Pelvis_SizeY": 0.8, "Arms_ForearmMass": 1.5, "Feet_Size": 0.29, "Arms_UpperarmLength": 0.59, "Legs_UpperlegLength": 0.05, "Waist_Size": 0.7, "Stomach_Volume": 0.52}}