{"manuellab_vers": [1, 4, 0], "metaproperties": {"character_tone": -0.5, "character_age": 0.0, "character_mass": 1.0, "last_character_age": 0.0, "last_character_mass": 1.0, "last_character_tone": -0.5}, "materialproperties": {}, "proportions": {"lowerleg_calf_girth": 0.2675, "chest_width_X": 0.1884, "upperarm_length": 0.1917, "head_width_X": 0.082, "feet_height_Z": 0.0407, "feet_width": 0.0558, "upperleg_bottom_girth": 0.3171, "buttock_height_Z": 0.167, "forearm_length": 0.1428, "buttock_girth": 0.9083, "upperleg_top_girth": 0.4794, "body_height_Z": 1.0, "lowerleg_bottom_girth": 0.1628, "upperleg_length": 0.1724, "shoulders_width": 0.1797, "feet_heel_width": 0.0426, "buttock_width_X": 0.3074, "head_length": 0.1154, "wrist_girth": 0.0901, "upperarm_axillary_girth": 0.3, "chest_girth": 0.8242, "neck_height_Z": 0.0141, "head_height_Z": 0.1345, "hands_width": 0.0499, "chest_depth_Y": 0.221, "feet_length": 0.1414, "elbow_girth": 0.1816, "lowerleg_length": 0.229, "hands_length": 0.1097, "waist_girth": 0.8265, "torso_height_Z": 0.2571, "neck_girth": 0.2604, "buttock_depth_Y": 0.2239}, "structural": {"Torso_Tone": 0.0, "Arms_UpperarmMass": 1.5, "Arms_ForearmTone": 0.0, "Wrists_Size": 0.575, "Pelvis_GluteusMass": 1.5, "Legs_KneeSize": 0.7, "Shoulders_Tone": 0.0, "Legs_LowerlegsTone": 0.0, "Legs_UpperlegsTone": 0.0, "Arms_UpperarmTone": 0.0, "Neck_Tone": 0.0, "Legs_LowerlegsMass": 1.5, "Stomach_LocalFat": 0.52, "Torso_BreastTone": 0.6, "Torso_Mass": 1.5, "Torso_BreastMass": 1.0, "Feet_Mass": 1.5, "Neck_Mass": 1.5, "Pelvis_GluteusTone": 0.0, "Legs_UpperlegsMass": 1.5, "Cheeks_Mass": 1.5, "Hands_Mass": 1.5, "Arms_ForearmMass": 1.5, "Cheeks_Tone": 0.0, "Stomach_Volume": 0.52, "Waist_Size": 0.695, "Shoulders_Mass": 1.5}}