{"metaproperties": {"character_tone": 1.0, "character_age": 0.0, "character_mass": 1.0, "last_character_age": 0.0, "last_character_mass": 1.0, "last_character_tone": 1.0}, "materialproperties": {}, "manuellab_vers": [1, 4, 0], "proportions": {"upperarm_axillary_girth": 0.2572, "feet_heel_width": 0.042, "upperleg_top_girth": 0.3716, "lowerleg_bottom_girth": 0.1206, "head_width_X": 0.082, "waist_girth": 0.4048, "feet_length": 0.1414, "upperarm_length": 0.176, "chest_width_X": 0.1515, "chest_depth_Y": 0.1761, "elbow_girth": 0.1856, "hands_width": 0.0499, "torso_height_Z": 0.2113, "feet_height_Z": 0.0428, "shoulders_width": 0.1724, "head_height_Z": 0.1283, "head_length": 0.1154, "hands_length": 0.1099, "upperleg_length": 0.2071, "neck_girth": 0.2002, "buttock_girth": 0.5654, "wrist_girth": 0.0968, "forearm_length": 0.1524, "upperleg_bottom_girth": 0.2753, "chest_girth": 0.6909, "lowerleg_calf_girth": 0.2444, "buttock_depth_Y": 0.119, "feet_width": 0.0558, "buttock_height_Z": 0.1426, "buttock_width_X": 0.2022, "lowerleg_length": 0.2444, "neck_height_Z": 0.0351, "body_height_Z": 1.0}, "structural": {"Cheeks_Mass": 1.5, "Waist_Size": 0.9, "Cheeks_Tone": 1.5, "Neck_Tone": 1.5, "Legs_UpperlegsMass": 1.5, "Hands_Mass": 1.5, "Pelvis_GluteusTone": 1.5, "Shoulders_Tone": 1.5, "Shoulders_Mass": 1.5, "Legs_UpperlegsTone": 1.5, "Arms_UpperarmMass": 1.5, "Stomach_Volume": 0.52, "Arms_UpperarmTone": 1.5, "Feet_Mass": 1.5, "Arms_ForearmMass": 1.5, "Pelvis_GluteusMass": 1.5, "Arms_ForearmTone": 1.5, "Wrists_Size": 0.7, "Neck_Mass": 1.5, "Torso_BreastTone": 0.7, "Stomach_LocalFat": 0.52, "Torso_Tone": 1.5, "Legs_LowerlegsTone": 1.5, "Torso_BreastMass": 1.0, "Legs_KneeSize": 0.9, "Torso_Mass": 1.5, "Legs_LowerlegsMass": 1.5}}