{"manuellab_vers": [1, 4, 0], "metaproperties": {"character_tone": -1.0, "character_age": 0.0, "character_mass": 0.5, "last_character_age": 0.0, "last_character_mass": 0.5, "last_character_tone": -1.0}, "materialproperties": {}, "proportions": {"lowerleg_calf_girth": 0.2726, "chest_width_X": 0.2026, "upperarm_length": 0.1964, "head_width_X": 0.0865, "feet_height_Z": 0.0414, "feet_width": 0.0568, "upperleg_bottom_girth": 0.321, "buttock_height_Z": 0.1697, "forearm_length": 0.1453, "buttock_girth": 0.9242, "upperleg_top_girth": 0.4882, "body_height_Z": 1.0, "lowerleg_bottom_girth": 0.1657, "upperleg_length": 0.1639, "shoulders_width": 0.1907, "feet_heel_width": 0.0434, "buttock_width_X": 0.3131, "head_length": 0.1217, "wrist_girth": 0.0903, "upperarm_axillary_girth": 0.3104, "chest_girth": 0.8089, "neck_height_Z": 0.0057, "head_height_Z": 0.1418, "hands_width": 0.0508, "chest_depth_Y": 0.2079, "feet_length": 0.144, "elbow_girth": 0.1949, "lowerleg_length": 0.2241, "hands_length": 0.1117, "waist_girth": 0.836, "torso_height_Z": 0.2692, "neck_girth": 0.2682, "buttock_depth_Y": 0.2276}, "structural": {"Shoulders_PosZ": 0.74, "Torso_Tone": -0.47, "Arms_UpperarmMass": 1.0, "Arms_ForearmTone": -0.5, "Wrists_Size": 0.5, "Pelvis_GluteusMass": 1.21, "Legs_LowerlegLength": 0.39, "Legs_KneeSize": 0.6, "Shoulders_Tone": -0.38, "Shoulders_Mass": 1.12, "Legs_UpperlegsTone": -0.65, "Arms_UpperarmTone": -0.5, "Arms_ForearmSize": 0.71, "Neck_Tone": -0.5, "Legs_LowerlegsMass": 1.39, "Stomach_LocalFat": 0.51, "Legs_LowerlegsTone": -0.05, "Torso_BreastTone": 0.7, "Torso_Mass": 1.24, "Torso_BreastMass": 0.75, "Feet_Mass": 1.0, "Torso_SizeX": 0.59, "Pelvis_GluteusTone": -0.5, "Legs_UpperlegsMass": 1.18, "Cheeks_Mass": 1.0, "Hands_Mass": 1.0, "Arms_UpperarmSize": 0.71, "Neck_Mass": 1.0, "Arms_ForearmMass": 1.0, "Cheeks_Tone": -0.5, "Torso_Vshape": 0.62, "Head_Size": 0.59, "Shoulders_Size": 0.56, "Legs_UpperlegLength": 0.32, "Waist_Size": 0.59, "Stomach_Volume": 0.51}}