{"manuellab_vers": [1, 4, 0], "metaproperties": {"character_tone": 0.0, "character_age": 0.0, "character_mass": 0.5, "last_character_age": 0.0, "last_character_mass": 0.5, "last_character_tone": 0.0}, "materialproperties": {}, "proportions": {"lowerleg_calf_girth": 0.2517, "chest_width_X": 0.1643, "upperarm_length": 0.1842, "head_width_X": 0.0786, "feet_height_Z": 0.0412, "feet_width": 0.055, "upperleg_bottom_girth": 0.3053, "buttock_height_Z": 0.1536, "forearm_length": 0.1498, "buttock_girth": 0.7019, "upperleg_top_girth": 0.422, "body_height_Z": 1.0, "lowerleg_bottom_girth": 0.1509, "upperleg_length": 0.202, "shoulders_width": 0.1714, "feet_heel_width": 0.0416, "buttock_width_X": 0.2653, "head_length": 0.1106, "wrist_girth": 0.0863, "upperarm_axillary_girth": 0.2481, "chest_girth": 0.7141, "neck_height_Z": 0.0226, "head_height_Z": 0.1299, "hands_width": 0.0456, "chest_depth_Y": 0.1854, "feet_length": 0.1417, "elbow_girth": 0.1752, "lowerleg_length": 0.2273, "hands_length": 0.1149, "waist_girth": 0.5281, "torso_height_Z": 0.2349, "neck_girth": 0.2186, "buttock_depth_Y": 0.1443}, "structural": {"Shoulders_PosZ": 0.56, "Forehead_SizeZ": 0.62, "Torso_Tone": 0.53, "Arms_UpperarmMass": 1.03, "Wrists_Size": 0.55, "Arms_ForearmSize": 0.59, "Pelvis_GluteusMass": 1.15, "Arms_UpperarmLength": 0.59, "Legs_KneeSize": 0.6, "Shoulders_Tone": 0.24, "Shoulders_Mass": 0.7, "Stomach_Volume": 0.51, "Arms_UpperarmTone": 0.38, "Legs_UpperlegsTone": 0.23, "Hands_FingersInterDist": 0.38, "Legs_LowerlegsMass": 1.0, "Stomach_LocalFat": 0.51, "Arms_ForearmLength": 0.65, "Legs_LowerlegsTone": 0.32, "Hands_FingersLength": 1.0, "Torso_Mass": 1.3, "Torso_BreastMass": 0.75, "Feet_Mass": 0.73, "Neck_Mass": 1.0, "Torso_ToracicCurve": 1.0, "Legs_LowerlegLength": 0.54, "Legs_UpperlegsMass": 1.09, "Cheeks_Mass": 1.0, "Hands_Mass": 0.64, "Pelvis_SizeY": 0.02, "Arms_UpperarmSize": 0.56, "Torso_Length": 0.71, "Torso_SizeX": 0.56, "Legs_UpperlegInCurve": 0.65, "Feet_Size": 0.62, "Legs_UpperlegSize": 0.44, "Legs_UpperlegLength": 0.65, "Waist_Size": 0.39, "Chin_Tone": 0.29, "Arms_ForearmMass": 1.0}}