{"manuellab_vers": [1, 4, 0], "metaproperties": {"character_tone": 0.0, "character_age": 0.0, "character_mass": 1.0, "last_character_age": 0.0, "last_character_mass": 1.0, "last_character_tone": 0.0}, "materialproperties": {}, "proportions": {"lowerleg_calf_girth": 0.2377, "chest_width_X": 0.1599, "upperarm_length": 0.1762, "head_width_X": 0.0793, "feet_height_Z": 0.0406, "feet_width": 0.0539, "upperleg_bottom_girth": 0.2725, "buttock_height_Z": 0.147, "forearm_length": 0.1435, "buttock_girth": 0.6687, "upperleg_top_girth": 0.3843, "body_height_Z": 1.0, "lowerleg_bottom_girth": 0.1318, "upperleg_length": 0.1955, "shoulders_width": 0.1605, "feet_heel_width": 0.0408, "buttock_width_X": 0.2366, "head_length": 0.1115, "wrist_girth": 0.0888, "upperarm_axillary_girth": 0.2612, "chest_girth": 0.7188, "neck_height_Z": 0.0327, "head_height_Z": 0.1265, "hands_width": 0.0482, "chest_depth_Y": 0.1889, "feet_length": 0.1368, "elbow_girth": 0.1738, "lowerleg_length": 0.2456, "hands_length": 0.1061, "waist_girth": 0.5215, "torso_height_Z": 0.2229, "neck_girth": 0.2149, "buttock_depth_Y": 0.1557}, "structural": {"Torso_Tone": 0.56, "Legs_LowerlegSize": 0.38, "Arms_ForearmTone": 0.56, "Neck_Length": 0.68, "Wrists_Size": 0.5955, "Arms_UpperarmMass": 1.29, "Pelvis_GluteusMass": 1.29, "Legs_KneeSize": 0.502, "Shoulders_Tone": 0.56, "Shoulders_Mass": 1.29, "Legs_UpperlegsTone": 0.56, "Arms_UpperarmTone": 0.56, "Arms_ForearmSize": 0.38, "Neck_Tone": 0.56, "Neck_Collarbone": 0.59, "Stomach_LocalFat": 0.5095, "Legs_LowerlegsTone": 0.56, "Torso_BreastTone": 0.512, "Legs_LowerlegsMass": 1.29, "Torso_Mass": 1.29, "Torso_BreastMass": 0.895, "Feet_Mass": 1.29, "Neck_Mass": 1.29, "Pelvis_GluteusTone": 0.56, "Legs_UpperlegsMass": 1.29, "Cheeks_Mass": 1.23, "Hands_Mass": 1.29, "Legs_UpperlegSize": 0.32, "Arms_UpperarmSize": 0.44, "Arms_ForearmMass": 1.29, "Torso_Vshape": 0.35, "Legs_LowerlegLength": 0.59, "Legs_UpperlegLength": 0.59, "Waist_Size": 0.5899, "Stomach_Volume": 0.5158}}