{"manuellab_vers": [1, 4, 0], "metaproperties": {"character_tone": 0.0, "character_age": 0.0, "character_mass": -0.5, "last_character_age": 0.0, "last_character_mass": -0.5, "last_character_tone": 0.0}, "materialproperties": {}, "proportions": {"lowerleg_calf_girth": 0.1861, "chest_width_X": 0.1416, "upperarm_length": 0.1879, "head_width_X": 0.0847, "feet_height_Z": 0.0445, "feet_width": 0.0566, "upperleg_bottom_girth": 0.1823, "buttock_height_Z": 0.136, "forearm_length": 0.1544, "buttock_girth": 0.5013, "upperleg_top_girth": 0.2629, "body_height_Z": 1.0, "lowerleg_bottom_girth": 0.1167, "upperleg_length": 0.2078, "shoulders_width": 0.1654, "feet_heel_width": 0.0423, "buttock_width_X": 0.1844, "head_length": 0.1192, "wrist_girth": 0.0836, "upperarm_axillary_girth": 0.1659, "chest_girth": 0.431, "neck_height_Z": 0.0411, "head_height_Z": 0.1367, "hands_width": 0.0453, "chest_depth_Y": 0.0931, "feet_length": 0.1475, "elbow_girth": 0.1349, "lowerleg_length": 0.2401, "hands_length": 0.1193, "waist_girth": 0.3109, "torso_height_Z": 0.2049, "neck_girth": 0.1402, "buttock_depth_Y": 0.1088}, "structural": {"Shoulders_PosZ": 0.14, "Head_Size": 0.59, "Forehead_SizeZ": 0.62, "Torso_Tone": 0.38, "Pelvis_SizeX": 0.62, "Torso_Vshape": 0.38, "Neck_Length": 0.41, "Wrists_Size": 0.475, "Neck_Size": 0.35, "Arms_UpperarmMass": -0.12, "Pelvis_GluteusMass": 0.0, "Arms_UpperarmSize": 0.47, "Shoulders_Tone": 0.24, "Shoulders_Mass": -0.42, "Arms_UpperarmTone": 0.35, "Legs_UpperlegsTone": 0.35, "Hands_FingersInterDist": 0.38, "Neck_Tone": 0.35, "Legs_LowerlegsMass": 0.0, "Stomach_LocalFat": 0.475, "Neck_Angle": 0.29, "Arms_ForearmLength": 0.65, "Arms_ForearmSize": 0.44, "Hands_FingersLength": 1.0, "Torso_Mass": -0.06, "Torso_BreastMass": 0.25, "Torso_SizeY": 0.29, "Feet_Mass": -0.27, "Neck_Mass": -0.18, "Torso_ToracicCurve": 1.0, "Legs_UpperlegsMass": 0.0, "Cheeks_Mass": 0.0, "Hands_Mass": -0.36, "Arms_ForearmMass": 0.0, "Feet_Size": 0.62, "Arms_UpperarmLength": 0.59, "Waist_Size": 0.495, "Chin_Tone": 0.29, "Stomach_Volume": 0.58}}