{"manuellab_vers": [1, 4, 0], "metaproperties": {"character_tone": -1.0, "character_age": 0.0, "character_mass": 1.0, "last_character_age": 0.0, "last_character_mass": 1.0, "last_character_tone": -1.0}, "materialproperties": {}, "proportions": {"lowerleg_calf_girth": 0.2617, "chest_width_X": 0.1819, "upperarm_length": 0.2051, "head_width_X": 0.0806, "feet_height_Z": 0.039, "feet_width": 0.0535, "upperleg_bottom_girth": 0.3224, "buttock_height_Z": 0.1611, "forearm_length": 0.1387, "buttock_girth": 0.8975, "upperleg_top_girth": 0.4914, "body_height_Z": 1.0, "lowerleg_bottom_girth": 0.1574, "upperleg_length": 0.1797, "shoulders_width": 0.1725, "feet_heel_width": 0.0411, "buttock_width_X": 0.3037, "head_length": 0.1134, "wrist_girth": 0.0856, "upperarm_axillary_girth": 0.2912, "chest_girth": 0.7823, "neck_height_Z": 0.0094, "head_height_Z": 0.1322, "hands_width": 0.0479, "chest_depth_Y": 0.2021, "feet_length": 0.1356, "elbow_girth": 0.1755, "lowerleg_length": 0.2419, "hands_length": 0.1052, "waist_girth": 0.7822, "torso_height_Z": 0.2502, "neck_girth": 0.2542, "buttock_depth_Y": 0.2194}, "structural": {"Shoulders_PosZ": 0.59, "Head_Size": 0.56, "Torso_Tone": -0.5, "Body_Size": 0.46, "Pelvis_SizeX": 0.55, "Arms_ForearmTone": -0.5, "Torso_Dorsi": 0.8, "Wrists_Size": 0.55, "Pelvis_GluteusMass": 1.59, "Legs_KneeSize": 0.7, "Shoulders_Tone": -0.41, "Shoulders_Mass": 1.38, "Legs_UpperlegsTone": -0.5, "Arms_UpperarmTone": -0.5, "Neck_Tone": -0.5, "Stomach_LocalFat": 0.52, "Arms_UpperarmMass": 1.5, "Arms_ForearmLength": 0.53, "Legs_LowerlegsTone": -0.5, "Torso_BreastTone": 0.94, "Legs_LowerlegsMass": 1.5, "Torso_Mass": 1.5, "Torso_BreastMass": 1.27, "Feet_Mass": 1.5, "Neck_Mass": 1.5, "Pelvis_GluteusTone": -0.35, "Legs_UpperlegsMass": 1.5, "Cheeks_Mass": 1.5, "Hands_Mass": 1.5, "Legs_UpperlegSize": 0.65, "Pelvis_GluteusSize": 0.57, "Arms_ForearmMass": 1.5, "Cheeks_Tone": -0.5, "Legs_LowerlegLength": 0.62, "Arms_UpperarmLength": 0.737, "Legs_UpperlegLength": 0.65, "Waist_Size": 0.45, "Stomach_Volume": 0.52}}