{"metaproperties": {"character_tone": 0.0, "character_age": 0.0, "character_mass": 0.0, "last_character_age": 0.0, "last_character_mass": 0.0, "last_character_tone": 0.0}, "materialproperties": {}, "manuellab_vers": [1, 4, 0], "proportions": {"upperarm_axillary_girth": 0.1889, "feet_heel_width": 0.0409, "upperleg_top_girth": 0.3794, "lowerleg_bottom_girth": 0.1149, "head_width_X": 0.082, "waist_girth": 0.5214, "feet_length": 0.1414, "upperarm_length": 0.175, "chest_width_X": 0.1469, "chest_depth_Y": 0.1199, "elbow_girth": 0.1472, "hands_width": 0.0473, "torso_height_Z": 0.1968, "feet_height_Z": 0.0428, "shoulders_width": 0.1661, "head_height_Z": 0.1283, "head_length": 0.1154, "hands_length": 0.1096, "upperleg_length": 0.2116, "neck_girth": 0.1693, "buttock_girth": 0.6264, "wrist_girth": 0.0863, "forearm_length": 0.1461, "upperleg_bottom_girth": 0.2576, "chest_girth": 0.5, "lowerleg_calf_girth": 0.2017, "buttock_depth_Y": 0.1253, "feet_width": 0.0543, "buttock_height_Z": 0.1479, "buttock_width_X": 0.2397, "lowerleg_length": 0.2393, "neck_height_Z": 0.0459, "body_height_Z": 1.0}, "structural": {"Pelvis_SizeX": 0.8, "Legs_UpperlegsTone": 0.26, "Legs_UpperlegsMass": 0.71, "Pelvis_GluteusSize": 0.59, "Arms_UpperarmMass": 0.68, "Stomach_LocalFat": 0.92, "Shoulders_PosZ": 0.17, "Legs_UpperlegInCurve": 0.23, "Shoulders_Length": 0.32, "Waist_Size": 0.86, "Torso_Vshape": 0.38}}