{"manuellab_vers": [1, 4, 0], "metaproperties": {"character_tone": -0.5, "character_age": 0.0, "character_mass": -1.0, "last_character_age": 0.0, "last_character_mass": -1.0, "last_character_tone": -0.5}, "materialproperties": {}, "proportions": {"lowerleg_calf_girth": 0.1794, "chest_width_X": 0.1476, "upperarm_length": 0.1844, "head_width_X": 0.0854, "feet_height_Z": 0.0423, "feet_width": 0.0536, "upperleg_bottom_girth": 0.1881, "buttock_height_Z": 0.1418, "forearm_length": 0.1338, "buttock_girth": 0.5398, "upperleg_top_girth": 0.2648, "body_height_Z": 1.0, "lowerleg_bottom_girth": 0.1163, "upperleg_length": 0.1889, "shoulders_width": 0.1663, "feet_heel_width": 0.0409, "buttock_width_X": 0.2023, "head_length": 0.1202, "wrist_girth": 0.0815, "upperarm_axillary_girth": 0.1703, "chest_girth": 0.4568, "neck_height_Z": 0.0261, "head_height_Z": 0.1336, "hands_width": 0.0453, "chest_depth_Y": 0.1028, "feet_length": 0.1397, "elbow_girth": 0.1431, "lowerleg_length": 0.2582, "hands_length": 0.1036, "waist_girth": 0.3091, "torso_height_Z": 0.2234, "neck_girth": 0.1437, "buttock_depth_Y": 0.1154}, "structural": {"Shoulders_PosZ": 0.35, "Head_Size": 0.47, "Torso_Tone": -0.06, "Pelvis_SizeX": 0.86, "Arms_ForearmTone": 0.09, "Neck_Length": 0.08, "Wrists_Size": 0.425, "Arms_UpperarmMass": -0.35, "Pelvis_GluteusMass": -0.29, "Legs_LowerlegsMass": -0.2, "Shoulders_Tone": 0.0, "Shoulders_Mass": -0.5, "Hands_Size": 0.32, "Arms_UpperarmTone": -0.06, "Legs_UpperlegsTone": 0.03, "Arms_UpperarmLength": 0.44, "Neck_Tone": -0.03, "Stomach_LocalFat": 0.45, "Arms_ForearmLength": 0.2, "Legs_LowerlegsTone": 0.24, "Torso_BreastTone": 0.6, "Torso_Mass": -0.2, "Torso_BreastMass": 0.0, "Feet_Mass": -0.26, "Neck_Mass": -0.26, "Pelvis_GluteusTone": 0.0, "Legs_UpperlegsMass": -0.38, "Cheeks_Mass": -0.5, "Hands_Mass": 0.0, "Pelvis_SizeY": 0.8, "Arms_ForearmMass": -0.38, "Cheeks_Tone": 0.0, "Torso_Vshape": 0.26, "Feet_Size": 0.29, "Hands_FingersLength": 0.11, "Legs_UpperlegLength": 0.05, "Waist_Size": 0.485, "Stomach_Volume": 0.48}}