{"manuellab_vers": [1, 4, 0], "metaproperties": {"character_tone": -0.5, "character_age": 0.0, "character_mass": -1.0, "last_character_age": 0.0, "last_character_mass": -1.0, "last_character_tone": -0.5}, "materialproperties": {}, "proportions": {"lowerleg_calf_girth": 0.1738, "chest_width_X": 0.1596, "upperarm_length": 0.1879, "head_width_X": 0.0833, "feet_height_Z": 0.0435, "feet_width": 0.0552, "upperleg_bottom_girth": 0.1822, "buttock_height_Z": 0.1404, "forearm_length": 0.1477, "buttock_girth": 0.4662, "upperleg_top_girth": 0.2564, "body_height_Z": 1.0, "lowerleg_bottom_girth": 0.1168, "upperleg_length": 0.183, "shoulders_width": 0.1759, "feet_heel_width": 0.0416, "buttock_width_X": 0.1709, "head_length": 0.1173, "wrist_girth": 0.0842, "upperarm_axillary_girth": 0.1639, "chest_girth": 0.4799, "neck_height_Z": 0.0378, "head_height_Z": 0.1304, "hands_width": 0.0467, "chest_depth_Y": 0.1031, "feet_length": 0.1438, "elbow_girth": 0.1386, "lowerleg_length": 0.2473, "hands_length": 0.1113, "waist_girth": 0.3755, "torso_height_Z": 0.2294, "neck_girth": 0.1406, "buttock_depth_Y": 0.1024}, "structural": {"Shoulders_Length": 0.65, "Torso_Tone": 0.0, "Pelvis_SizeX": 0.32, "Arms_ForearmTone": 0.0, "Wrists_Size": 0.425, "Arms_UpperarmMass": -0.5, "Pelvis_GluteusMass": -0.5, "Legs_LowerlegsMass": -0.5, "Shoulders_Tone": 0.0, "Shoulders_Mass": -0.44, "Legs_UpperlegsTone": 0.0, "Arms_UpperarmTone": 0.0, "Neck_Tone": 0.0, "Stomach_LocalFat": 0.45, "Legs_LowerlegsTone": 0.0, "Torso_BreastTone": 0.6, "Torso_Mass": -0.5, "Torso_BreastMass": 0.0, "Feet_Mass": -0.5, "Torso_SizeX": 0.83, "Pelvis_GluteusTone": 0.0, "Legs_UpperlegsMass": -0.5, "Cheeks_Mass": -0.5, "Hands_Mass": -0.5, "Stomach_Volume": 0.54, "Neck_Mass": -0.5, "Torso_Length": 0.68, "Cheeks_Tone": 0.0, "Torso_Vshape": 0.29, "Legs_UpperlegLength": 0.08, "Waist_Size": 0.845, "Arms_ForearmMass": -0.5}}