{"metaproperties": {"character_tone": 0.0, "character_age": 0.0, "character_mass": 0.0, "last_character_age": 0.0, "last_character_mass": 0.0, "last_character_tone": 0.0}, "materialproperties": {}, "manuellab_vers": [1, 4, 0], "proportions": {"upperarm_axillary_girth": 0.1845, "feet_heel_width": 0.0416, "upperleg_top_girth": 0.323, "lowerleg_bottom_girth": 0.1168, "head_width_X": 0.0833, "waist_girth": 0.4436, "feet_length": 0.1438, "upperarm_length": 0.1883, "chest_width_X": 0.1601, "chest_depth_Y": 0.1219, "elbow_girth": 0.1391, "hands_width": 0.048, "torso_height_Z": 0.2226, "feet_height_Z": 0.0435, "shoulders_width": 0.1761, "head_height_Z": 0.1304, "head_length": 0.1173, "hands_length": 0.1114, "upperleg_length": 0.1835, "neck_girth": 0.1713, "buttock_girth": 0.5466, "wrist_girth": 0.0877, "forearm_length": 0.1478, "upperleg_bottom_girth": 0.2078, "chest_girth": 0.5385, "lowerleg_calf_girth": 0.2042, "buttock_depth_Y": 0.1244, "feet_width": 0.0552, "buttock_height_Z": 0.1475, "buttock_width_X": 0.1949, "lowerleg_length": 0.2475, "neck_height_Z": 0.037, "body_height_Z": 1.0}, "structural": {"Shoulders_Mass": 0.56, "Pelvis_SizeX": 0.32, "Torso_SizeX": 0.83, "Torso_Vshape": 0.29, "Legs_UpperlegLength": 0.08, "Stomach_Volume": 0.56, "Torso_Length": 0.68, "Shoulders_Length": 0.65, "Waist_Size": 0.86}}