{"manuellab_vers": [1, 4, 0], "metaproperties": {"character_tone": 0.0, "character_age": 0.0, "character_mass": -0.5, "last_character_age": 0.0, "last_character_mass": -0.5, "last_character_tone": 0.0}, "materialproperties": {}, "proportions": {"lowerleg_calf_girth": 0.2166, "chest_width_X": 0.1553, "upperarm_length": 0.1842, "head_width_X": 0.0865, "feet_height_Z": 0.0435, "feet_width": 0.0553, "upperleg_bottom_girth": 0.1917, "buttock_height_Z": 0.1422, "forearm_length": 0.1478, "buttock_girth": 0.5266, "upperleg_top_girth": 0.2821, "body_height_Z": 1.0, "lowerleg_bottom_girth": 0.1165, "upperleg_length": 0.1998, "shoulders_width": 0.1845, "feet_heel_width": 0.0416, "buttock_width_X": 0.1919, "head_length": 0.1217, "wrist_girth": 0.0869, "upperarm_axillary_girth": 0.1771, "chest_girth": 0.4916, "neck_height_Z": 0.029, "head_height_Z": 0.1354, "hands_width": 0.0468, "chest_depth_Y": 0.1083, "feet_length": 0.144, "elbow_girth": 0.1482, "lowerleg_length": 0.239, "hands_length": 0.1116, "waist_girth": 0.3583, "torso_height_Z": 0.2231, "neck_girth": 0.1591, "buttock_depth_Y": 0.1145}, "structural": {"Shoulders_PosZ": 0.74, "Torso_Tone": 0.53, "Arms_UpperarmMass": 0.0, "Torso_Vshape": 0.62, "Wrists_Size": 0.475, "Pelvis_GluteusMass": 0.21, "Arms_UpperarmSize": 0.71, "Shoulders_Tone": 0.62, "Legs_LowerlegsTone": 0.95, "Shoulders_Size": 0.56, "Legs_UpperlegsTone": 0.35, "Shoulders_Mass": 0.12, "Arms_ForearmSize": 0.71, "Stomach_LocalFat": 0.475, "Torso_SizeX": 0.59, "Legs_LowerlegsMass": 0.39, "Torso_Mass": 0.24, "Torso_BreastMass": 0.25, "Feet_Mass": 0.0, "Neck_Mass": 0.0, "Legs_UpperlegsMass": 0.18, "Cheeks_Mass": 0.0, "Hands_Mass": 0.0, "Arms_ForearmMass": 0.0, "Legs_LowerlegLength": 0.39, "Head_Size": 0.59, "Legs_UpperlegLength": 0.32, "Waist_Size": 0.495, "Stomach_Volume": 0.49}}