{"manuellab_vers": [1, 4, 0], "metaproperties": {"character_tone": -1.0, "character_age": 0.0, "character_mass": 1.0, "last_character_age": 0.0, "last_character_mass": 1.0, "last_character_tone": -1.0}, "materialproperties": {}, "proportions": {"lowerleg_calf_girth": 0.2675, "chest_width_X": 0.1874, "upperarm_length": 0.1993, "head_width_X": 0.082, "feet_height_Z": 0.0407, "feet_width": 0.0558, "upperleg_bottom_girth": 0.3171, "buttock_height_Z": 0.1692, "forearm_length": 0.1428, "buttock_girth": 0.9531, "upperleg_top_girth": 0.5006, "body_height_Z": 1.0, "lowerleg_bottom_girth": 0.1628, "upperleg_length": 0.1726, "shoulders_width": 0.1809, "feet_heel_width": 0.0426, "buttock_width_X": 0.3222, "head_length": 0.1154, "wrist_girth": 0.0892, "upperarm_axillary_girth": 0.3, "chest_girth": 0.8019, "neck_height_Z": 0.0144, "head_height_Z": 0.1345, "hands_width": 0.0499, "chest_depth_Y": 0.2153, "feet_length": 0.1414, "elbow_girth": 0.1816, "lowerleg_length": 0.229, "hands_length": 0.1097, "waist_girth": 0.8447, "torso_height_Z": 0.2547, "neck_girth": 0.2604, "buttock_depth_Y": 0.2298}, "structural": {"Torso_Tone": -0.5, "Pelvis_SizeX": 0.59, "Arms_ForearmTone": -0.5, "Wrists_Size": 0.55, "Arms_UpperarmMass": 1.5, "Pelvis_GluteusMass": 1.5, "Legs_KneeSize": 0.7, "Shoulders_Tone": -0.5, "Legs_LowerlegsTone": -0.5, "Legs_UpperlegsTone": -0.5, "Arms_UpperarmTone": -0.5, "Neck_Tone": -0.5, "Legs_LowerlegsMass": 1.5, "Stomach_LocalFat": 0.76, "Torso_BreastTone": 0.7, "Torso_Mass": 1.62, "Torso_BreastMass": 1.18, "Feet_Mass": 1.5, "Neck_Mass": 1.5, "Pelvis_GluteusTone": -0.5, "Legs_UpperlegsMass": 1.5, "Cheeks_Mass": 1.5, "Hands_Mass": 1.5, "Pelvis_GluteusSize": 0.74, "Stomach_Volume": 0.52, "Arms_ForearmMass": 1.5, "Cheeks_Tone": -0.5, "Shoulders_Length": 0.8, "Waist_Size": 0.19, "Shoulders_Mass": 1.5}}