{"manuellab_vers": [1, 4, 0], "metaproperties": {"character_tone": -0.5, "character_age": 0.0, "character_mass": -0.5, "last_character_age": 0.0, "last_character_mass": -0.5, "last_character_tone": -0.5}, "materialproperties": {}, "proportions": {"lowerleg_calf_girth": 0.171, "chest_width_X": 0.1435, "upperarm_length": 0.1795, "head_width_X": 0.082, "feet_height_Z": 0.0428, "feet_width": 0.0543, "upperleg_bottom_girth": 0.1795, "buttock_height_Z": 0.1341, "forearm_length": 0.1454, "buttock_girth": 0.4762, "upperleg_top_girth": 0.2528, "body_height_Z": 1.0, "lowerleg_bottom_girth": 0.1149, "upperleg_length": 0.2076, "shoulders_width": 0.1735, "feet_heel_width": 0.0409, "buttock_width_X": 0.1806, "head_length": 0.1154, "wrist_girth": 0.0835, "upperarm_axillary_girth": 0.1612, "chest_girth": 0.4725, "neck_height_Z": 0.0371, "head_height_Z": 0.1283, "hands_width": 0.0459, "chest_depth_Y": 0.1092, "feet_length": 0.1414, "elbow_girth": 0.1363, "lowerleg_length": 0.2433, "hands_length": 0.1095, "waist_girth": 0.2955, "torso_height_Z": 0.2179, "neck_girth": 0.1396, "buttock_depth_Y": 0.0996}, "structural": {"Torso_Tone": 0.0, "Arms_UpperarmMass": 0.0, "Arms_ForearmTone": 0.0, "Wrists_Size": 0.45, "Pelvis_GluteusMass": 0.0, "Legs_LowerlegsMass": 0.0, "Shoulders_Tone": 0.0, "Legs_LowerlegsTone": 0.0, "Legs_UpperlegsTone": 0.0, "Arms_UpperarmTone": 0.0, "Neck_Tone": 0.0, "Stomach_LocalFat": 0.475, "Torso_BreastTone": 0.6, "Torso_Mass": 0.0, "Torso_BreastMass": 0.25, "Feet_Mass": 0.0, "Neck_Mass": 0.0, "Pelvis_GluteusTone": 0.0, "Legs_UpperlegsMass": 0.0, "Cheeks_Mass": 0.0, "Hands_Mass": 0.0, "Arms_ForearmMass": 0.0, "Cheeks_Tone": 0.0, "Stomach_Volume": 0.49, "Waist_Size": 0.49, "Shoulders_Mass": 0.0}}