{"metaproperties": {"character_tone": 0.0, "character_age": 0.0, "character_mass": 0.0, "last_character_age": 0.0, "last_character_mass": 0.0, "last_character_tone": 0.0}, "materialproperties": {}, "manuellab_vers": [1, 4, 0], "proportions": {"upperarm_axillary_girth": 0.1854, "feet_heel_width": 0.041, "upperleg_top_girth": 0.2946, "lowerleg_bottom_girth": 0.1176, "head_width_X": 0.0845, "waist_girth": 0.449, "feet_length": 0.1381, "upperarm_length": 0.1952, "chest_width_X": 0.1573, "chest_depth_Y": 0.1345, "elbow_girth": 0.1421, "hands_width": 0.0489, "torso_height_Z": 0.2242, "feet_height_Z": 0.0418, "shoulders_width": 0.175, "head_height_Z": 0.1333, "head_length": 0.1188, "hands_length": 0.1026, "upperleg_length": 0.1868, "neck_girth": 0.1916, "buttock_girth": 0.6061, "wrist_girth": 0.0854, "forearm_length": 0.1608, "upperleg_bottom_girth": 0.1979, "chest_girth": 0.5533, "lowerleg_calf_girth": 0.2114, "buttock_depth_Y": 0.1425, "feet_width": 0.0538, "buttock_height_Z": 0.1429, "buttock_width_X": 0.2142, "lowerleg_length": 0.2551, "neck_height_Z": 0.0303, "body_height_Z": 1.0}, "structural": {"Neck_Length": 0.35, "Pelvis_SizeX": 0.86, "Pelvis_GluteusMass": 0.35, "Head_Size": 0.47, "Feet_Mass": 0.74, "Neck_Mass": 0.62, "Feet_Size": 0.29, "Legs_UpperlegsMass": 0.23, "Neck_Tone": 0.47, "Legs_UpperlegsTone": 0.35, "Torso_Mass": 0.59, "Hands_FingersLength": 0.11, "Legs_UpperlegLength": 0.05, "Hands_Size": 0.32, "Legs_LowerlegsMass": 0.53, "Arms_UpperarmLength": 0.59, "Hands_Mass": 1.0, "Pelvis_SizeY": 0.8, "Arms_ForearmLength": 0.65, "Torso_Tone": 0.41, "Torso_Vshape": 0.41}}