{"manuellab_vers": [1, 4, 0], "metaproperties": {"character_tone": -1.0, "character_age": 0.0, "character_mass": 0.0, "last_character_age": 0.0, "last_character_mass": 0.0, "last_character_tone": -1.0}, "materialproperties": {}, "proportions": {"lowerleg_calf_girth": 0.1636, "chest_width_X": 0.1541, "upperarm_length": 0.1823, "head_width_X": 0.081, "feet_height_Z": 0.0426, "feet_width": 0.0541, "upperleg_bottom_girth": 0.1741, "buttock_height_Z": 0.1469, "forearm_length": 0.1461, "buttock_girth": 0.5839, "upperleg_top_girth": 0.2558, "body_height_Z": 1.0, "lowerleg_bottom_girth": 0.1126, "upperleg_length": 0.189, "shoulders_width": 0.1595, "feet_heel_width": 0.0404, "buttock_width_X": 0.2003, "head_length": 0.114, "wrist_girth": 0.0791, "upperarm_axillary_girth": 0.1751, "chest_girth": 0.5384, "neck_height_Z": 0.0429, "head_height_Z": 0.1308, "hands_width": 0.0437, "chest_depth_Y": 0.1313, "feet_length": 0.141, "elbow_girth": 0.1337, "lowerleg_length": 0.2391, "hands_length": 0.1141, "waist_girth": 0.4703, "torso_height_Z": 0.219, "neck_girth": 0.1311, "buttock_depth_Y": 0.1318}, "structural": {"Shoulders_PosZ": 0.14, "Legs_UpperlegSize": 0.44, "Torso_Vshape": 0.38, "Legs_LowerlegsMass": 0.17, "Legs_UpperlegsMass": 0.23, "Arms_UpperarmTone": -0.65, "Arms_ForearmSize": 0.2, "Arms_ForearmLength": 0.65, "Hands_FingersInterDist": 0.38, "Torso_BreastTone": 0.7, "Neck_Size": 0.35, "Hands_Mass": 0.14, "Feet_Mass": 0.23, "Torso_ToracicCurve": 1.0, "Pelvis_GluteusTone": -0.5, "Legs_LowerlegsTone": -0.68, "Pelvis_SizeY": 0.02, "Head_Size": 0.59, "Legs_UpperlegLength": 0.65, "Waist_Size": 0.49, "Forehead_SizeZ": 0.62, "Torso_Tone": -0.62, "Arms_UpperarmMass": 0.38, "Arms_ForearmTone": -0.5, "Neck_Length": 0.56, "Wrists_Size": 0.45, "Arms_UpperarmSize": 0.17, "Shoulders_Tone": -0.76, "Shoulders_Mass": 0.08, "Hands_FingersLength": 1.0, "Legs_UpperlegsTone": -0.77, "Neck_Tone": -0.65, "Neck_Angle": 0.29, "Torso_Mass": 0.44, "Torso_SizeY": 0.29, "Neck_Mass": 0.23, "Torso_Length": 0.71, "Cheeks_Tone": -0.5, "Legs_LowerlegLength": 0.54, "Feet_Size": 0.62, "Arms_UpperarmLength": 0.59, "Stomach_Volume": 0.59, "Chin_Tone": 0.29, "Legs_UpperlegInCurve": 0.74}}