{"metaproperties": {"character_tone": 0.0, "character_age": 0.0, "character_mass": 0.0, "last_character_age": 0.0, "last_character_mass": 0.0, "last_character_tone": 0.0}, "materialproperties": {}, "manuellab_vers": [1, 4, 0], "proportions": {"upperarm_axillary_girth": 0.158, "feet_heel_width": 0.0404, "upperleg_top_girth": 0.2585, "lowerleg_bottom_girth": 0.1126, "head_width_X": 0.081, "waist_girth": 0.3304, "feet_length": 0.141, "upperarm_length": 0.1797, "chest_width_X": 0.1359, "chest_depth_Y": 0.1057, "elbow_girth": 0.1191, "hands_width": 0.0437, "torso_height_Z": 0.2027, "feet_height_Z": 0.0426, "shoulders_width": 0.1582, "head_height_Z": 0.1308, "head_length": 0.114, "hands_length": 0.1141, "upperleg_length": 0.2125, "neck_girth": 0.1413, "buttock_girth": 0.4975, "wrist_girth": 0.0802, "forearm_length": 0.1476, "upperleg_bottom_girth": 0.1848, "chest_girth": 0.4635, "lowerleg_calf_girth": 0.1732, "buttock_depth_Y": 0.0995, "feet_width": 0.0541, "buttock_height_Z": 0.1366, "buttock_width_X": 0.1837, "lowerleg_length": 0.2393, "neck_height_Z": 0.045, "body_height_Z": 1.0}, "structural": {"Neck_Size": 0.35, "Feet_Size": 0.62, "Legs_UpperlegSize": 0.44, "Torso_SizeY": 0.29, "Arms_ForearmSize": 0.2, "Hands_FingersInterDist": 0.38, "Arms_UpperarmSize": 0.17, "Legs_UpperlegsMass": 0.23, "Torso_ToracicCurve": 1.0, "Hands_Mass": 0.14, "Shoulders_Tone": 0.24, "Neck_Length": 0.56, "Legs_UpperlegsTone": 0.23, "Arms_UpperarmMass": 0.38, "Shoulders_PosZ": 0.14, "Torso_Length": 0.71, "Stomach_Volume": 0.59, "Arms_UpperarmLength": 0.59, "Chin_Tone": 0.29, "Legs_UpperlegInCurve": 0.74, "Arms_ForearmLength": 0.65, "Torso_Vshape": 0.38, "Shoulders_Mass": 0.08, "Legs_LowerlegLength": 0.54, "Neck_Angle": 0.29, "Head_Size": 0.59, "Feet_Mass": 0.23, "Pelvis_SizeY": 0.02, "Neck_Tone": 0.35, "Hands_FingersLength": 1.0, "Legs_UpperlegLength": 0.65, "Arms_UpperarmTone": 0.35, "Legs_LowerlegsMass": 0.17, "Legs_LowerlegsTone": 0.32, "Neck_Mass": 0.23, "Forehead_SizeZ": 0.62, "Torso_Mass": 0.44, "Torso_Tone": 0.38}}