{"manuellab_vers": [1, 4, 0], "metaproperties": {"character_tone": -0.5, "character_age": 0.0, "character_mass": 0.5, "last_character_age": 0.0, "last_character_mass": 0.5, "last_character_tone": -0.5}, "materialproperties": {}, "proportions": {"lowerleg_calf_girth": 0.2572, "chest_width_X": 0.1836, "upperarm_length": 0.191, "head_width_X": 0.0786, "feet_height_Z": 0.0409, "feet_width": 0.055, "upperleg_bottom_girth": 0.3055, "buttock_height_Z": 0.1627, "forearm_length": 0.1458, "buttock_girth": 0.8485, "upperleg_top_girth": 0.4513, "body_height_Z": 1.0, "lowerleg_bottom_girth": 0.158, "upperleg_length": 0.1798, "shoulders_width": 0.174, "feet_heel_width": 0.0417, "buttock_width_X": 0.2946, "head_length": 0.1106, "wrist_girth": 0.0843, "upperarm_axillary_girth": 0.2847, "chest_girth": 0.7496, "neck_height_Z": 0.013, "head_height_Z": 0.1329, "hands_width": 0.0456, "chest_depth_Y": 0.1961, "feet_length": 0.1417, "elbow_girth": 0.1767, "lowerleg_length": 0.2262, "hands_length": 0.1149, "waist_girth": 0.7659, "torso_height_Z": 0.2573, "neck_girth": 0.2492, "buttock_depth_Y": 0.1959}, "structural": {"Shoulders_PosZ": 0.56, "Legs_KneeSize": 0.6, "Legs_UpperlegsMass": 1.09, "Arms_UpperarmTone": -0.12, "Arms_ForearmSize": 0.59, "Torso_SizeX": 0.56, "Arms_ForearmLength": 0.65, "Hands_FingersInterDist": 0.38, "Torso_BreastTone": 0.6, "Hands_Mass": 0.64, "Torso_BreastMass": 0.75, "Pelvis_SizeY": 0.02, "Feet_Mass": 0.73, "Torso_ToracicCurve": 1.0, "Pelvis_GluteusTone": 0.0, "Legs_LowerlegsTone": -0.18, "Cheeks_Mass": 1.0, "Legs_UpperlegSize": 0.44, "Hands_FingersLength": 1.0, "Legs_UpperlegLength": 0.65, "Waist_Size": 0.385, "Torso_Length": 0.71, "Forehead_SizeZ": 0.62, "Torso_Tone": 0.03, "Arms_UpperarmMass": 1.03, "Arms_ForearmTone": 0.0, "Wrists_Size": 0.525, "Pelvis_GluteusMass": 1.15, "Legs_LowerlegLength": 0.54, "Arms_UpperarmSize": 0.56, "Shoulders_Tone": -0.26, "Shoulders_Mass": 0.7, "Legs_UpperlegsTone": -0.27, "Neck_Tone": 0.0, "Legs_LowerlegsMass": 1.0, "Stomach_LocalFat": 0.51, "Torso_Mass": 1.3, "Neck_Mass": 1.0, "Arms_ForearmMass": 1.0, "Cheeks_Tone": 0.0, "Legs_UpperlegInCurve": 0.65, "Feet_Size": 0.62, "Arms_UpperarmLength": 0.59, "Chin_Tone": 0.29, "Stomach_Volume": 0.51}}