{"manuellab_vers": [1, 4, 0], "metaproperties": {"character_tone": 0.0, "character_age": 0.0, "character_mass": 0.5, "last_character_age": 0.0, "last_character_mass": 0.5, "last_character_tone": 0.0}, "materialproperties": {}, "proportions": {"lowerleg_calf_girth": 0.2527, "chest_width_X": 0.1744, "upperarm_length": 0.1794, "head_width_X": 0.082, "feet_height_Z": 0.0418, "feet_width": 0.0558, "upperleg_bottom_girth": 0.317, "buttock_height_Z": 0.1609, "forearm_length": 0.1476, "buttock_girth": 0.7887, "upperleg_top_girth": 0.4594, "body_height_Z": 1.0, "lowerleg_bottom_girth": 0.1415, "upperleg_length": 0.1934, "shoulders_width": 0.1685, "feet_heel_width": 0.0423, "buttock_width_X": 0.291, "head_length": 0.1154, "wrist_girth": 0.0904, "upperarm_axillary_girth": 0.2786, "chest_girth": 0.7549, "neck_height_Z": 0.0336, "head_height_Z": 0.1314, "hands_width": 0.0499, "chest_depth_Y": 0.2012, "feet_length": 0.1414, "elbow_girth": 0.1814, "lowerleg_length": 0.2322, "hands_length": 0.1097, "waist_girth": 0.7385, "torso_height_Z": 0.221, "neck_girth": 0.2277, "buttock_depth_Y": 0.1758}, "structural": {"Shoulders_PosZ": 0.17, "Legs_KneeSize": 0.6, "Pelvis_SizeX": 0.8, "Torso_Vshape": 0.38, "Wrists_Size": 0.55, "Arms_ForearmMass": 1.0, "Pelvis_GluteusMass": 1.0, "Legs_LowerlegsMass": 1.0, "Shoulders_Mass": 1.0, "Legs_UpperlegsTone": 0.26, "Stomach_LocalFat": 0.93, "Arms_UpperarmMass": 1.18, "Torso_Mass": 1.0, "Torso_BreastMass": 0.75, "Feet_Mass": 1.0, "Hands_Mass": 1.0, "Legs_UpperlegsMass": 1.21, "Cheeks_Mass": 1.0, "Pelvis_GluteusSize": 0.59, "Neck_Mass": 1.0, "Legs_UpperlegInCurve": 0.23, "Stomach_Volume": 0.51, "Waist_Size": 0.96, "Shoulders_Length": 0.32}}