{"metaproperties": {"character_tone": 0.45, "character_age": 0.0, "character_mass": -0.06, "last_character_age": 0.0, "last_character_mass": -0.06, "last_character_tone": 0.45}, "materialproperties": {}, "manuellab_vers": [1, 4, 0], "proportions": {"upperarm_axillary_girth": 0.2009, "feet_heel_width": 0.0409, "upperleg_top_girth": 0.3279, "lowerleg_bottom_girth": 0.1149, "head_width_X": 0.082, "waist_girth": 0.3634, "feet_length": 0.1414, "upperarm_length": 0.1782, "chest_width_X": 0.1475, "chest_depth_Y": 0.1298, "elbow_girth": 0.1528, "hands_width": 0.0471, "torso_height_Z": 0.211, "feet_height_Z": 0.0428, "shoulders_width": 0.1732, "head_height_Z": 0.1283, "head_length": 0.1154, "hands_length": 0.1097, "upperleg_length": 0.2088, "neck_girth": 0.1787, "buttock_girth": 0.5391, "wrist_girth": 0.0884, "forearm_length": 0.1478, "upperleg_bottom_girth": 0.2235, "chest_girth": 0.5391, "lowerleg_calf_girth": 0.216, "buttock_depth_Y": 0.1159, "feet_width": 0.0543, "buttock_height_Z": 0.141, "buttock_width_X": 0.1937, "lowerleg_length": 0.2431, "neck_height_Z": 0.0363, "body_height_Z": 1.0}, "structural": {"Cheeks_Mass": 0.44, "Waist_Size": 0.5894, "Cheeks_Tone": 0.95, "Neck_Tone": 0.95, "Legs_UpperlegsMass": 0.44, "Legs_LowerlegsTone": 0.95, "Pelvis_GluteusTone": 0.95, "Shoulders_Tone": 0.95, "Shoulders_Mass": 0.44, "Legs_UpperlegsTone": 0.95, "Arms_UpperarmMass": 0.44, "Stomach_Volume": 0.4988, "Arms_UpperarmTone": 0.95, "Feet_Mass": 0.44, "Arms_ForearmMass": 0.44, "Pelvis_GluteusMass": 0.44, "Arms_ForearmTone": 0.95, "Wrists_Size": 0.542, "Neck_Mass": 0.44, "Stomach_LocalFat": 0.497, "Torso_Tone": 0.95, "Hands_Mass": 0.44, "Legs_KneeSize": 0.59, "Torso_Mass": 0.44, "Legs_LowerlegsMass": 0.44}}