{"manuellab_vers": [1, 4, 0], "metaproperties": {"character_tone": 0.0, "character_age": 0.0, "character_mass": 0.0, "last_character_age": 0.0, "last_character_mass": 0.0, "last_character_tone": 0.0}, "materialproperties": {}, "proportions": {"lowerleg_calf_girth": 0.243, "chest_width_X": 0.1681, "upperarm_length": 0.1849, "head_width_X": 0.0865, "feet_height_Z": 0.0435, "feet_width": 0.0553, "upperleg_bottom_girth": 0.2451, "buttock_height_Z": 0.15, "forearm_length": 0.1478, "buttock_girth": 0.643, "upperleg_top_girth": 0.3723, "body_height_Z": 1.0, "lowerleg_bottom_girth": 0.1201, "upperleg_length": 0.1915, "shoulders_width": 0.1848, "feet_heel_width": 0.0416, "buttock_width_X": 0.2364, "head_length": 0.1217, "wrist_girth": 0.0892, "upperarm_axillary_girth": 0.2003, "chest_girth": 0.5951, "neck_height_Z": 0.0275, "head_height_Z": 0.1354, "hands_width": 0.0481, "chest_depth_Y": 0.1404, "feet_length": 0.144, "elbow_girth": 0.1485, "lowerleg_length": 0.2358, "hands_length": 0.1117, "waist_girth": 0.4548, "torso_height_Z": 0.229, "neck_girth": 0.1774, "buttock_depth_Y": 0.1436}, "structural": {"Shoulders_PosZ": 0.74, "Torso_Tone": 0.53, "Torso_SizeX": 0.59, "Torso_Vshape": 0.62, "Torso_Mass": 0.74, "Wrists_Size": 0.5, "Arms_ForearmSize": 0.71, "Legs_LowerlegLength": 0.39, "Legs_LowerlegsTone": 0.95, "Pelvis_GluteusMass": 0.71, "Arms_UpperarmSize": 0.71, "Shoulders_Tone": 0.62, "Shoulders_Mass": 0.62, "Head_Size": 0.59, "Legs_UpperlegsTone": 0.35, "Shoulders_Size": 0.56, "Legs_UpperlegLength": 0.32, "Legs_UpperlegsMass": 0.68, "Legs_LowerlegsMass": 0.89}}