{"manuellab_vers": [1, 4, 0], "metaproperties": {"character_tone": 0.0, "character_age": 0.0, "character_mass": 0.0, "last_character_age": 0.0, "last_character_mass": 0.0, "last_character_tone": 0.0}, "materialproperties": {}, "proportions": {"lowerleg_calf_girth": 0.1985, "chest_width_X": 0.1536, "upperarm_length": 0.1808, "head_width_X": 0.0786, "feet_height_Z": 0.0425, "feet_width": 0.0544, "upperleg_bottom_girth": 0.2389, "buttock_height_Z": 0.1403, "forearm_length": 0.1484, "buttock_girth": 0.5818, "upperleg_top_girth": 0.3407, "body_height_Z": 1.0, "lowerleg_bottom_girth": 0.1209, "upperleg_length": 0.21, "shoulders_width": 0.1693, "feet_heel_width": 0.0407, "buttock_width_X": 0.2215, "head_length": 0.1106, "wrist_girth": 0.0821, "upperarm_axillary_girth": 0.1806, "chest_girth": 0.5636, "neck_height_Z": 0.0323, "head_height_Z": 0.1269, "hands_width": 0.0439, "chest_depth_Y": 0.1379, "feet_length": 0.1418, "elbow_girth": 0.1377, "lowerleg_length": 0.236, "hands_length": 0.1148, "waist_girth": 0.4331, "torso_height_Z": 0.2224, "neck_girth": 0.1644, "buttock_depth_Y": 0.1182}, "structural": {"Shoulders_PosZ": 0.56, "Forehead_SizeZ": 0.62, "Torso_Tone": 0.53, "Arms_UpperarmMass": 0.53, "Wrists_Size": 0.5, "Arms_ForearmSize": 0.59, "Pelvis_GluteusMass": 0.65, "Arms_UpperarmLength": 0.59, "Arms_UpperarmSize": 0.56, "Shoulders_Tone": 0.24, "Shoulders_Mass": 0.2, "Arms_UpperarmTone": 0.38, "Legs_UpperlegsTone": 0.23, "Hands_FingersInterDist": 0.38, "Torso_SizeX": 0.56, "Arms_ForearmLength": 0.65, "Legs_LowerlegsTone": 0.32, "Hands_FingersLength": 1.0, "Torso_Mass": 0.8, "Feet_Mass": 0.23, "Hands_Mass": 0.14, "Torso_ToracicCurve": 1.0, "Legs_LowerlegLength": 0.54, "Legs_UpperlegsMass": 0.59, "Pelvis_SizeY": 0.02, "Torso_Length": 0.71, "Legs_UpperlegInCurve": 0.65, "Feet_Size": 0.62, "Legs_UpperlegSize": 0.44, "Legs_UpperlegLength": 0.65, "Waist_Size": 0.29, "Chin_Tone": 0.29}}