{"manuellab_vers": [1, 4, 0], "metaproperties": {"character_tone": -0.5, "character_age": 0.0, "character_mass": 0.5, "last_character_age": 0.0, "last_character_mass": 0.5, "last_character_tone": -0.5}, "materialproperties": {}, "proportions": {"lowerleg_calf_girth": 0.238, "chest_width_X": 0.1804, "upperarm_length": 0.19, "head_width_X": 0.0784, "feet_height_Z": 0.0412, "feet_width": 0.0549, "upperleg_bottom_girth": 0.2973, "buttock_height_Z": 0.1622, "forearm_length": 0.1453, "buttock_girth": 0.8428, "upperleg_top_girth": 0.4389, "body_height_Z": 1.0, "lowerleg_bottom_girth": 0.149, "upperleg_length": 0.1775, "shoulders_width": 0.1708, "feet_heel_width": 0.0415, "buttock_width_X": 0.2907, "head_length": 0.1103, "wrist_girth": 0.0827, "upperarm_axillary_girth": 0.2638, "chest_girth": 0.7378, "neck_height_Z": 0.0289, "head_height_Z": 0.1324, "hands_width": 0.0455, "chest_depth_Y": 0.1914, "feet_length": 0.1414, "elbow_girth": 0.1619, "lowerleg_length": 0.2273, "hands_length": 0.1146, "waist_girth": 0.7504, "torso_height_Z": 0.2432, "neck_girth": 0.2349, "buttock_depth_Y": 0.1953}, "structural": {"Shoulders_PosZ": 0.14, "Legs_KneeSize": 0.6, "Legs_UpperlegsMass": 0.73, "Arms_UpperarmTone": -0.15, "Arms_ForearmSize": 0.2, "Arms_ForearmLength": 0.65, "Hands_FingersInterDist": 0.38, "Torso_BreastTone": 0.6, "Neck_Size": 0.35, "Hands_Mass": 0.64, "Torso_BreastMass": 0.75, "Pelvis_SizeY": 0.02, "Feet_Mass": 0.73, "Torso_ToracicCurve": 1.0, "Pelvis_GluteusTone": 0.0, "Legs_LowerlegsTone": -0.18, "Cheeks_Mass": 1.0, "Legs_UpperlegSize": 0.44, "Hands_FingersLength": 1.0, "Legs_UpperlegLength": 0.65, "Waist_Size": 0.385, "Torso_Length": 0.71, "Forehead_SizeZ": 0.62, "Torso_Tone": 0.18, "Arms_UpperarmMass": 0.88, "Arms_ForearmTone": 0.0, "Neck_Length": 0.56, "Wrists_Size": 0.525, "Pelvis_GluteusMass": 1.0, "Legs_LowerlegLength": 0.54, "Arms_UpperarmSize": 0.17, "Shoulders_Tone": -0.26, "Shoulders_Mass": 0.58, "Legs_UpperlegsTone": -0.27, "Neck_Tone": -0.15, "Legs_LowerlegsMass": 0.67, "Stomach_LocalFat": 0.51, "Neck_Angle": 0.29, "Torso_Mass": 1.03, "Torso_SizeY": 0.29, "Neck_Mass": 0.73, "Arms_ForearmMass": 1.0, "Cheeks_Tone": 0.0, "Legs_UpperlegInCurve": 0.74, "Feet_Size": 0.62, "Arms_UpperarmLength": 0.59, "Chin_Tone": 0.29, "Stomach_Volume": 0.51}}