{"manuellab_vers": [1, 4, 0], "metaproperties": {"character_tone": 0.0, "character_age": 0.0, "character_mass": 0.5, "last_character_age": 0.0, "last_character_mass": 0.5, "last_character_tone": 0.0}, "materialproperties": {}, "proportions": {"lowerleg_calf_girth": 0.2559, "chest_width_X": 0.181, "upperarm_length": 0.1886, "head_width_X": 0.0854, "feet_height_Z": 0.0422, "feet_width": 0.0552, "upperleg_bottom_girth": 0.2979, "buttock_height_Z": 0.1602, "forearm_length": 0.1372, "buttock_girth": 0.8088, "upperleg_top_girth": 0.4416, "body_height_Z": 1.0, "lowerleg_bottom_girth": 0.1234, "upperleg_length": 0.1663, "shoulders_width": 0.1693, "feet_heel_width": 0.0421, "buttock_width_X": 0.2795, "head_length": 0.1202, "wrist_girth": 0.0898, "upperarm_axillary_girth": 0.2941, "chest_girth": 0.7918, "neck_height_Z": 0.0122, "head_height_Z": 0.1372, "hands_width": 0.0495, "chest_depth_Y": 0.2097, "feet_length": 0.1397, "elbow_girth": 0.1894, "lowerleg_length": 0.2544, "hands_length": 0.1038, "waist_girth": 0.6564, "torso_height_Z": 0.2446, "neck_girth": 0.2391, "buttock_depth_Y": 0.1962}, "structural": {"Shoulders_PosZ": 0.35, "Head_Size": 0.47, "Torso_Tone": 0.44, "Pelvis_SizeX": 0.86, "Arms_ForearmTone": 0.59, "Neck_Length": 0.08, "Wrists_Size": 0.55, "Arms_UpperarmMass": 1.15, "Pelvis_GluteusMass": 1.21, "Legs_KneeSize": 0.6, "Shoulders_Mass": 1.0, "Hands_Size": 0.32, "Arms_UpperarmTone": 0.44, "Legs_UpperlegsTone": 0.53, "Neck_Tone": 0.47, "Legs_LowerlegsMass": 1.3, "Stomach_LocalFat": 0.51, "Arms_ForearmLength": 0.2, "Legs_LowerlegsTone": 0.74, "Hands_FingersLength": 0.11, "Torso_Mass": 1.3, "Torso_BreastMass": 0.75, "Feet_Mass": 1.24, "Neck_Mass": 1.24, "Legs_UpperlegsMass": 1.12, "Cheeks_Mass": 1.0, "Hands_Mass": 1.5, "Pelvis_SizeY": 0.8, "Arms_ForearmMass": 1.12, "Torso_Vshape": 0.26, "Feet_Size": 0.29, "Arms_UpperarmLength": 0.44, "Legs_UpperlegLength": 0.05, "Waist_Size": 0.6, "Stomach_Volume": 0.51}}