{"manuellab_vers": [1, 4, 0], "metaproperties": {"character_tone": -0.5, "character_age": 0.0, "character_mass": 1.0, "last_character_age": 0.0, "last_character_mass": 1.0, "last_character_tone": -0.5}, "materialproperties": {}, "proportions": {"lowerleg_calf_girth": 0.2808, "chest_width_X": 0.195, "upperarm_length": 0.1973, "head_width_X": 0.0854, "feet_height_Z": 0.0402, "feet_width": 0.0552, "upperleg_bottom_girth": 0.3326, "buttock_height_Z": 0.1764, "forearm_length": 0.1314, "buttock_girth": 0.9901, "upperleg_top_girth": 0.5032, "body_height_Z": 1.0, "lowerleg_bottom_girth": 0.1666, "upperleg_length": 0.152, "shoulders_width": 0.1728, "feet_heel_width": 0.0427, "buttock_width_X": 0.3355, "head_length": 0.1202, "wrist_girth": 0.0891, "upperarm_axillary_girth": 0.3165, "chest_girth": 0.8597, "neck_height_Z": 0.002, "head_height_Z": 0.1402, "hands_width": 0.0495, "chest_depth_Y": 0.232, "feet_length": 0.1396, "elbow_girth": 0.1906, "lowerleg_length": 0.2434, "hands_length": 0.1039, "waist_girth": 0.8675, "torso_height_Z": 0.2645, "neck_girth": 0.2687, "buttock_depth_Y": 0.2459}, "structural": {"Shoulders_PosZ": 0.35, "Head_Size": 0.47, "Torso_Tone": -0.06, "Pelvis_SizeX": 0.86, "Arms_ForearmTone": 0.09, "Neck_Length": 0.08, "Wrists_Size": 0.575, "Arms_UpperarmMass": 1.65, "Pelvis_GluteusMass": 1.71, "Legs_KneeSize": 0.7, "Shoulders_Tone": 0.0, "Shoulders_Mass": 1.5, "Hands_Size": 0.32, "Arms_UpperarmTone": -0.06, "Legs_UpperlegsTone": 0.03, "Arms_UpperarmLength": 0.44, "Neck_Tone": -0.03, "Legs_LowerlegsMass": 1.8, "Stomach_LocalFat": 0.52, "Arms_ForearmLength": 0.2, "Legs_LowerlegsTone": 0.24, "Torso_BreastTone": 0.6, "Torso_Mass": 1.8, "Torso_BreastMass": 1.0, "Feet_Mass": 1.74, "Neck_Mass": 1.74, "Pelvis_GluteusTone": 0.0, "Legs_UpperlegsMass": 1.62, "Cheeks_Mass": 1.5, "Hands_Mass": 2.0, "Pelvis_SizeY": 0.8, "Arms_ForearmMass": 1.62, "Cheeks_Tone": 0.0, "Torso_Vshape": 0.26, "Feet_Size": 0.29, "Hands_FingersLength": 0.11, "Legs_UpperlegLength": 0.05, "Waist_Size": 0.695, "Stomach_Volume": 0.52}}