{"manuellab_vers": [1, 4, 0], "metaproperties": {"character_tone": -1.0, "character_age": 0.0, "character_mass": 0.0, "last_character_age": 0.0, "last_character_mass": 0.0, "last_character_tone": -1.0}, "materialproperties": {}, "proportions": {"lowerleg_calf_girth": 0.2211, "chest_width_X": 0.1843, "upperarm_length": 0.1944, "head_width_X": 0.0833, "feet_height_Z": 0.0424, "feet_width": 0.0552, "upperleg_bottom_girth": 0.2474, "buttock_height_Z": 0.1569, "forearm_length": 0.1464, "buttock_girth": 0.6774, "upperleg_top_girth": 0.3688, "body_height_Z": 1.0, "lowerleg_bottom_girth": 0.1398, "upperleg_length": 0.1649, "shoulders_width": 0.1793, "feet_heel_width": 0.0419, "buttock_width_X": 0.2354, "head_length": 0.1173, "wrist_girth": 0.0865, "upperarm_axillary_girth": 0.2395, "chest_girth": 0.6451, "neck_height_Z": 0.0251, "head_height_Z": 0.1336, "hands_width": 0.048, "chest_depth_Y": 0.1575, "feet_length": 0.1438, "elbow_girth": 0.1605, "lowerleg_length": 0.2393, "hands_length": 0.1114, "waist_girth": 0.6246, "torso_height_Z": 0.2505, "neck_girth": 0.2002, "buttock_depth_Y": 0.1659}, "structural": {"Torso_Vshape": 0.29, "Shoulders_Length": 0.65, "Torso_Tone": -0.5, "Pelvis_SizeX": 0.32, "Arms_ForearmTone": -0.5, "Neck_Tone": -0.5, "Wrists_Size": 0.45, "Pelvis_GluteusTone": -0.5, "Legs_LowerlegsTone": -0.5, "Torso_SizeX": 0.83, "Stomach_Volume": 0.56, "Shoulders_Tone": -0.5, "Torso_Length": 0.68, "Cheeks_Tone": -0.5, "Legs_UpperlegsTone": -0.5, "Arms_UpperarmTone": -0.5, "Shoulders_Mass": 0.56, "Legs_UpperlegLength": 0.08, "Waist_Size": 0.85, "Torso_BreastTone": 0.7}}