{"manuellab_vers": [1, 4, 0], "metaproperties": {"character_tone": 0.0, "character_age": 0.0, "character_mass": 0.0, "last_character_age": 0.0, "last_character_mass": 0.0, "last_character_tone": 0.0}, "materialproperties": {}, "proportions": {"lowerleg_calf_girth": 0.1732, "chest_width_X": 0.1359, "upperarm_length": 0.1797, "head_width_X": 0.081, "feet_height_Z": 0.0426, "feet_width": 0.0541, "upperleg_bottom_girth": 0.1848, "buttock_height_Z": 0.1366, "forearm_length": 0.1476, "buttock_girth": 0.4975, "upperleg_top_girth": 0.2585, "body_height_Z": 1.0, "lowerleg_bottom_girth": 0.1126, "upperleg_length": 0.2125, "shoulders_width": 0.1582, "feet_heel_width": 0.0404, "buttock_width_X": 0.1837, "head_length": 0.114, "wrist_girth": 0.0802, "upperarm_axillary_girth": 0.158, "chest_girth": 0.4635, "neck_height_Z": 0.045, "head_height_Z": 0.1308, "hands_width": 0.0437, "chest_depth_Y": 0.1057, "feet_length": 0.141, "elbow_girth": 0.1191, "lowerleg_length": 0.2393, "hands_length": 0.1142, "waist_girth": 0.3304, "torso_height_Z": 0.2027, "neck_girth": 0.1413, "buttock_depth_Y": 0.0995}, "structural": {"Shoulders_PosZ": 0.14, "Head_Size": 0.59, "Forehead_SizeZ": 0.62, "Torso_Tone": 0.38, "Arms_UpperarmMass": 0.38, "Torso_Vshape": 0.38, "Neck_Length": 0.56, "Wrists_Size": 0.5, "Neck_Size": 0.35, "Arms_ForearmSize": 0.2, "Arms_UpperarmLength": 0.59, "Arms_UpperarmSize": 0.17, "Shoulders_Tone": 0.24, "Shoulders_Mass": 0.08, "Arms_UpperarmTone": 0.35, "Legs_UpperlegsTone": 0.23, "Hands_FingersInterDist": 0.38, "Neck_Tone": 0.35, "Legs_LowerlegsMass": 0.17, "Neck_Angle": 0.29, "Arms_ForearmLength": 0.65, "Legs_LowerlegsTone": 0.32, "Hands_FingersLength": 1.0, "Torso_Mass": 0.44, "Torso_SizeY": 0.29, "Feet_Mass": 0.23, "Neck_Mass": 0.23, "Torso_ToracicCurve": 1.0, "Legs_LowerlegLength": 0.54, "Legs_UpperlegsMass": 0.23, "Hands_Mass": 0.14, "Pelvis_SizeY": 0.02, "Torso_Length": 0.71, "Legs_UpperlegInCurve": 0.74, "Feet_Size": 0.62, "Legs_UpperlegSize": 0.44, "Legs_UpperlegLength": 0.65, "Chin_Tone": 0.29, "Stomach_Volume": 0.59}}