{"manuellab_vers": [1, 4, 0], "metaproperties": {"character_tone": 0.0, "character_age": 0.0, "character_mass": 0.5, "last_character_age": 0.0, "last_character_mass": 0.5, "last_character_tone": 0.0}, "materialproperties": {}, "proportions": {"lowerleg_calf_girth": 0.2533, "chest_width_X": 0.1884, "upperarm_length": 0.1857, "head_width_X": 0.0818, "feet_height_Z": 0.0395, "feet_width": 0.0529, "upperleg_bottom_girth": 0.2878, "buttock_height_Z": 0.1432, "forearm_length": 0.1483, "buttock_girth": 0.8326, "upperleg_top_girth": 0.4293, "body_height_Z": 1.0, "lowerleg_bottom_girth": 0.1381, "upperleg_length": 0.1906, "shoulders_width": 0.1636, "feet_heel_width": 0.0406, "buttock_width_X": 0.276, "head_length": 0.1151, "wrist_girth": 0.0857, "upperarm_axillary_girth": 0.2883, "chest_girth": 0.7916, "neck_height_Z": 0.0101, "head_height_Z": 0.1312, "hands_width": 0.0474, "chest_depth_Y": 0.2111, "feet_length": 0.1338, "elbow_girth": 0.1824, "lowerleg_length": 0.24, "hands_length": 0.0995, "waist_girth": 0.8134, "torso_height_Z": 0.2602, "neck_girth": 0.2306, "buttock_depth_Y": 0.2118}, "structural": {"Shoulders_PosZ": 0.77, "Torso_Tone": 0.23, "Pelvis_SizeX": 0.86, "Torso_Vshape": 0.26, "Neck_Length": 0.38, "Wrists_Size": 0.55, "Arms_UpperarmMass": 1.0, "Pelvis_GluteusMass": 1.21, "Legs_KneeSize": 0.6, "Shoulders_Mass": 1.0, "Hands_Size": 0.32, "Head_Size": 0.47, "Legs_LowerlegsMass": 1.0, "Stomach_LocalFat": 0.51, "Torso_Mass": 1.15, "Torso_BreastMass": 0.75, "Feet_Mass": 1.24, "Neck_Mass": 1.33, "Legs_UpperlegsMass": 1.0, "Cheeks_Mass": 1.0, "Hands_Mass": 1.5, "Pelvis_SizeY": 0.8, "Arms_ForearmMass": 1.0, "Feet_Size": 0.29, "Hands_FingersLength": 0.11, "Waist_Size": 0.6, "Stomach_Volume": 0.51}}