{"manuellab_vers": [1, 4, 0], "metaproperties": {"character_tone": 0.0, "character_age": 0.0, "character_mass": 0.0, "last_character_age": 0.0, "last_character_mass": 0.0, "last_character_tone": 0.0}, "materialproperties": {}, "proportions": {"lowerleg_calf_girth": 0.1958, "chest_width_X": 0.1341, "upperarm_length": 0.1933, "head_width_X": 0.0806, "feet_height_Z": 0.041, "feet_width": 0.0521, "upperleg_bottom_girth": 0.2114, "buttock_height_Z": 0.1354, "forearm_length": 0.1413, "buttock_girth": 0.55, "upperleg_top_girth": 0.332, "body_height_Z": 1.0, "lowerleg_bottom_girth": 0.1102, "upperleg_length": 0.215, "shoulders_width": 0.1665, "feet_heel_width": 0.0394, "buttock_width_X": 0.2019, "head_length": 0.1134, "wrist_girth": 0.0827, "upperarm_axillary_girth": 0.1672, "chest_girth": 0.5327, "neck_height_Z": 0.0319, "head_height_Z": 0.1261, "hands_width": 0.0453, "chest_depth_Y": 0.1309, "feet_length": 0.1356, "elbow_girth": 0.1312, "lowerleg_length": 0.2565, "hands_length": 0.1051, "waist_girth": 0.3258, "torso_height_Z": 0.2044, "neck_girth": 0.1648, "buttock_depth_Y": 0.1169}, "structural": {"Shoulders_PosZ": 0.59, "Pelvis_GluteusSize": 0.57, "Arms_ForearmLength": 0.53, "Body_Size": 0.46, "Pelvis_SizeX": 0.55, "Legs_LowerlegLength": 0.62, "Torso_Dorsi": 0.8, "Wrists_Size": 0.5, "Pelvis_GluteusTone": 0.65, "Torso_BreastMass": 0.77, "Legs_UpperlegSize": 0.65, "Pelvis_GluteusMass": 0.59, "Shoulders_Tone": 0.59, "Shoulders_Mass": 0.38, "Head_Size": 0.56, "Arms_UpperarmLength": 0.737, "Legs_UpperlegLength": 0.65, "Waist_Size": 0.26, "Torso_BreastTone": 0.74}}