{"metaproperties": {"character_tone": 0.0, "character_age": 0.0, "character_mass": 0.0, "last_character_age": 0.0, "last_character_mass": 0.0, "last_character_tone": 0.0}, "materialproperties": {}, "manuellab_vers": [1, 4, 0], "proportions": {"upperarm_axillary_girth": 0.2003, "feet_heel_width": 0.0416, "upperleg_top_girth": 0.3723, "lowerleg_bottom_girth": 0.1201, "head_width_X": 0.0865, "waist_girth": 0.4548, "feet_length": 0.144, "upperarm_length": 0.1849, "chest_width_X": 0.1681, "chest_depth_Y": 0.1404, "elbow_girth": 0.1485, "hands_width": 0.0481, "torso_height_Z": 0.229, "feet_height_Z": 0.0435, "shoulders_width": 0.1848, "head_height_Z": 0.1354, "head_length": 0.1217, "hands_length": 0.1117, "upperleg_length": 0.1915, "neck_girth": 0.1774, "buttock_girth": 0.643, "wrist_girth": 0.0892, "forearm_length": 0.1478, "upperleg_bottom_girth": 0.2451, "chest_girth": 0.5951, "lowerleg_calf_girth": 0.243, "buttock_depth_Y": 0.1436, "feet_width": 0.0553, "buttock_height_Z": 0.15, "buttock_width_X": 0.2364, "lowerleg_length": 0.2358, "neck_height_Z": 0.0275, "body_height_Z": 1.0}, "structural": {"Torso_SizeX": 0.59, "Legs_LowerlegLength": 0.39, "Arms_ForearmSize": 0.71, "Head_Size": 0.59, "Legs_UpperlegsTone": 0.35, "Legs_UpperlegsMass": 0.68, "Arms_UpperarmSize": 0.71, "Legs_LowerlegsTone": 0.95, "Shoulders_Tone": 0.62, "Shoulders_Mass": 0.62, "Legs_UpperlegLength": 0.32, "Shoulders_Size": 0.56, "Torso_Tone": 0.53, "Pelvis_GluteusMass": 0.71, "Shoulders_PosZ": 0.74, "Torso_Mass": 0.74, "Legs_LowerlegsMass": 0.89, "Torso_Vshape": 0.62}}