{"manuellab_vers": [1, 4, 0], "metaproperties": {"character_tone": 0.0, "character_age": 0.0, "character_mass": 0.0, "last_character_age": 0.0, "last_character_mass": 0.0, "last_character_tone": 0.0}, "materialproperties": {}, "proportions": {"lowerleg_calf_girth": 0.1772, "chest_width_X": 0.1403, "upperarm_length": 0.1834, "head_width_X": 0.0758, "feet_height_Z": 0.0436, "feet_width": 0.0553, "upperleg_bottom_girth": 0.1891, "buttock_height_Z": 0.1379, "forearm_length": 0.1511, "buttock_girth": 0.5094, "upperleg_top_girth": 0.2645, "body_height_Z": 1.0, "lowerleg_bottom_girth": 0.1152, "upperleg_length": 0.2174, "shoulders_width": 0.1545, "feet_heel_width": 0.0414, "buttock_width_X": 0.188, "head_length": 0.1067, "wrist_girth": 0.0828, "upperarm_axillary_girth": 0.1648, "chest_girth": 0.4917, "neck_height_Z": 0.0403, "head_height_Z": 0.1227, "hands_width": 0.0447, "chest_depth_Y": 0.1128, "feet_length": 0.1443, "elbow_girth": 0.1323, "lowerleg_length": 0.2448, "hands_length": 0.1168, "waist_girth": 0.3492, "torso_height_Z": 0.203, "neck_girth": 0.1591, "buttock_depth_Y": 0.1018}, "structural": {"Shoulders_PosZ": 0.41, "Head_Size": 0.29, "Forehead_SizeZ": 0.62, "Torso_Tone": 0.62, "Arms_UpperarmMass": 0.38, "Torso_Vshape": 0.26, "Wrists_Size": 0.5, "Arms_ForearmSize": 0.44, "Arms_UpperarmLength": 0.59, "Arms_UpperarmSize": 0.47, "Shoulders_Tone": 0.24, "Shoulders_Mass": 0.08, "Arms_UpperarmTone": 0.35, "Legs_UpperlegsTone": 0.23, "Hands_FingersInterDist": 0.38, "Legs_LowerlegsMass": 0.17, "Arms_ForearmLength": 0.65, "Legs_LowerlegsTone": 0.32, "Hands_FingersLength": 1.0, "Torso_Mass": 0.62, "Torso_SizeY": 0.29, "Feet_Mass": 0.23, "Hands_Mass": 0.14, "Torso_ToracicCurve": 1.0, "Legs_LowerlegLength": 0.54, "Legs_UpperlegsMass": 0.23, "Pelvis_SizeY": 0.02, "Legs_UpperlegInCurve": 0.74, "Feet_Size": 0.62, "Legs_UpperlegSize": 0.44, "Legs_UpperlegLength": 0.65, "Chin_Tone": 0.29, "Stomach_Volume": 0.59}}