{"manuellab_vers": [1, 4, 0], "metaproperties": {"character_tone": -1.0, "character_age": 0.0, "character_mass": 0.5, "last_character_age": 0.0, "last_character_mass": 0.5, "last_character_tone": -1.0}, "materialproperties": {}, "proportions": {"lowerleg_calf_girth": 0.2778, "chest_width_X": 0.1962, "upperarm_length": 0.2073, "head_width_X": 0.0845, "feet_height_Z": 0.0397, "feet_width": 0.0546, "upperleg_bottom_girth": 0.3194, "buttock_height_Z": 0.1739, "forearm_length": 0.158, "buttock_girth": 0.9743, "upperleg_top_girth": 0.4884, "body_height_Z": 1.0, "lowerleg_bottom_girth": 0.1647, "upperleg_length": 0.1501, "shoulders_width": 0.1807, "feet_heel_width": 0.0422, "buttock_width_X": 0.3283, "head_length": 0.1188, "wrist_girth": 0.0854, "upperarm_axillary_girth": 0.3114, "chest_girth": 0.8063, "neck_height_Z": 0.0088, "head_height_Z": 0.1387, "hands_width": 0.0489, "chest_depth_Y": 0.2119, "feet_length": 0.1381, "elbow_girth": 0.1885, "lowerleg_length": 0.2407, "hands_length": 0.1026, "waist_girth": 0.8423, "torso_height_Z": 0.2661, "neck_girth": 0.2682, "buttock_depth_Y": 0.2426}, "structural": {"Head_Size": 0.47, "Torso_Tone": -0.59, "Pelvis_SizeX": 0.86, "Arms_ForearmTone": -0.5, "Neck_Length": 0.35, "Wrists_Size": 0.5, "Arms_UpperarmMass": 1.0, "Pelvis_GluteusMass": 0.85, "Legs_KneeSize": 0.6, "Shoulders_Tone": -0.5, "Shoulders_Mass": 1.0, "Hands_Size": 0.32, "Arms_UpperarmTone": -0.5, "Legs_UpperlegsTone": -0.65, "Arms_UpperarmLength": 0.59, "Neck_Tone": -0.53, "Legs_LowerlegsMass": 1.03, "Stomach_LocalFat": 0.51, "Arms_ForearmLength": 0.65, "Legs_LowerlegsTone": -0.5, "Torso_BreastTone": 0.7, "Torso_Mass": 1.09, "Torso_BreastMass": 0.75, "Feet_Mass": 1.24, "Neck_Mass": 1.12, "Pelvis_GluteusTone": -0.5, "Legs_UpperlegsMass": 0.73, "Cheeks_Mass": 1.0, "Hands_Mass": 1.5, "Pelvis_SizeY": 0.8, "Arms_ForearmMass": 1.0, "Cheeks_Tone": -0.5, "Torso_Vshape": 0.41, "Feet_Size": 0.29, "Hands_FingersLength": 0.11, "Legs_UpperlegLength": 0.05, "Waist_Size": 0.59, "Stomach_Volume": 0.51}}