{"manuellab_vers": [1, 4, 0], "metaproperties": {"character_tone": 0.0, "character_age": 0.0, "character_mass": -0.5, "last_character_age": 0.0, "last_character_mass": -0.5, "last_character_tone": 0.0}, "materialproperties": {}, "proportions": {"lowerleg_calf_girth": 0.1816, "chest_width_X": 0.1355, "upperarm_length": 0.1933, "head_width_X": 0.0806, "feet_height_Z": 0.041, "feet_width": 0.0521, "upperleg_bottom_girth": 0.1948, "buttock_height_Z": 0.1317, "forearm_length": 0.1413, "buttock_girth": 0.5085, "upperleg_top_girth": 0.2909, "body_height_Z": 1.0, "lowerleg_bottom_girth": 0.1091, "upperleg_length": 0.2157, "shoulders_width": 0.1664, "feet_heel_width": 0.0394, "buttock_width_X": 0.1812, "head_length": 0.1134, "wrist_girth": 0.0805, "upperarm_axillary_girth": 0.16, "chest_girth": 0.4839, "neck_height_Z": 0.0319, "head_height_Z": 0.1261, "hands_width": 0.044, "chest_depth_Y": 0.1159, "feet_length": 0.1356, "elbow_girth": 0.131, "lowerleg_length": 0.256, "hands_length": 0.105, "waist_girth": 0.2921, "torso_height_Z": 0.208, "neck_girth": 0.1484, "buttock_depth_Y": 0.1101}, "structural": {"Shoulders_PosZ": 0.59, "Legs_LowerlegsMass": 0.0, "Body_Size": 0.46, "Pelvis_SizeX": 0.55, "Torso_Dorsi": 0.8, "Wrists_Size": 0.475, "Arms_UpperarmMass": 0.0, "Pelvis_GluteusMass": 0.09, "Shoulders_Tone": 0.59, "Shoulders_Mass": -0.12, "Head_Size": 0.56, "Stomach_LocalFat": 0.475, "Arms_ForearmLength": 0.53, "Torso_BreastTone": 0.74, "Torso_Mass": 0.0, "Torso_BreastMass": 0.52, "Feet_Mass": 0.0, "Neck_Mass": 0.0, "Pelvis_GluteusTone": 0.65, "Legs_UpperlegsMass": 0.0, "Cheeks_Mass": 0.0, "Hands_Mass": 0.0, "Legs_UpperlegSize": 0.65, "Pelvis_GluteusSize": 0.57, "Arms_ForearmMass": 0.0, "Legs_LowerlegLength": 0.62, "Arms_UpperarmLength": 0.737, "Legs_UpperlegLength": 0.65, "Waist_Size": 0.255, "Stomach_Volume": 0.49}}