{"metaproperties": {"character_tone": 0.0, "character_age": 0.0, "character_mass": 0.0, "last_character_age": 0.0, "last_character_mass": 0.0, "last_character_tone": 0.0}, "materialproperties": {}, "manuellab_vers": [1, 4, 0], "proportions": {"upperarm_axillary_girth": 0.1884, "feet_heel_width": 0.0397, "upperleg_top_girth": 0.3337, "lowerleg_bottom_girth": 0.1124, "head_width_X": 0.0818, "waist_girth": 0.591, "feet_length": 0.1338, "upperarm_length": 0.1817, "chest_width_X": 0.1679, "chest_depth_Y": 0.1571, "elbow_girth": 0.1376, "hands_width": 0.0474, "torso_height_Z": 0.2376, "feet_height_Z": 0.0405, "shoulders_width": 0.1613, "head_height_Z": 0.1301, "head_length": 0.1151, "hands_length": 0.0994, "upperleg_length": 0.1991, "neck_girth": 0.2075, "buttock_girth": 0.6859, "wrist_girth": 0.0827, "forearm_length": 0.1461, "upperleg_bottom_girth": 0.2058, "chest_girth": 0.6165, "lowerleg_calf_girth": 0.2019, "buttock_depth_Y": 0.1717, "feet_width": 0.0521, "buttock_height_Z": 0.1388, "buttock_width_X": 0.2351, "lowerleg_length": 0.2476, "neck_height_Z": 0.02, "body_height_Z": 1.0}, "structural": {"Neck_Length": 0.38, "Pelvis_SizeX": 0.86, "Shoulders_PosZ": 0.77, "Head_Size": 0.47, "Pelvis_GluteusMass": 0.71, "Feet_Size": 0.29, "Neck_Mass": 0.83, "Hands_FingersLength": 0.11, "Feet_Mass": 0.74, "Hands_Size": 0.32, "Hands_Mass": 1.0, "Pelvis_SizeY": 0.8, "Torso_Mass": 0.65, "Torso_Tone": 0.23, "Torso_Vshape": 0.26}}