{"manuellab_vers": [1, 4, 0], "metaproperties": {"character_tone": -0.5, "character_age": 0.0, "character_mass": -1.0, "last_character_age": 0.0, "last_character_mass": -1.0, "last_character_tone": -0.5}, "materialproperties": {}, "proportions": {"lowerleg_calf_girth": 0.171, "chest_width_X": 0.1411, "upperarm_length": 0.1795, "head_width_X": 0.082, "feet_height_Z": 0.0428, "feet_width": 0.0543, "upperleg_bottom_girth": 0.1795, "buttock_height_Z": 0.135, "forearm_length": 0.1454, "buttock_girth": 0.4579, "upperleg_top_girth": 0.2527, "body_height_Z": 1.0, "lowerleg_bottom_girth": 0.1149, "upperleg_length": 0.2071, "shoulders_width": 0.1603, "feet_heel_width": 0.0409, "buttock_width_X": 0.1681, "head_length": 0.1154, "wrist_girth": 0.0828, "upperarm_axillary_girth": 0.1612, "chest_girth": 0.4403, "neck_height_Z": 0.0371, "head_height_Z": 0.1283, "hands_width": 0.0459, "chest_depth_Y": 0.1015, "feet_length": 0.1414, "elbow_girth": 0.1363, "lowerleg_length": 0.2433, "hands_length": 0.1095, "waist_girth": 0.3338, "torso_height_Z": 0.2171, "neck_girth": 0.1383, "buttock_depth_Y": 0.0995}, "structural": {"Torso_Tone": 0.0, "Pelvis_SizeX": 0.32, "Arms_ForearmTone": 0.0, "Wrists_Size": 0.425, "Arms_UpperarmMass": -0.5, "Pelvis_GluteusMass": -0.5, "Legs_LowerlegsMass": -0.5, "Shoulders_Tone": 0.0, "Legs_LowerlegsTone": 0.0, "Legs_UpperlegsTone": 0.0, "Arms_UpperarmTone": 0.0, "Neck_Tone": 0.0, "Stomach_LocalFat": 0.45, "Torso_BreastTone": 0.6, "Torso_Mass": -0.5, "Torso_BreastMass": 0.0, "Feet_Mass": -0.5, "Neck_Mass": -0.5, "Pelvis_GluteusTone": 0.0, "Legs_UpperlegsMass": -0.5, "Cheeks_Mass": -0.5, "Hands_Mass": -0.5, "Arms_ForearmMass": -0.5, "Cheeks_Tone": 0.0, "Torso_Vshape": 0.29, "Stomach_Volume": 0.48, "Waist_Size": 0.845, "Shoulders_Mass": -0.5}}