{"manuellab_vers": [1, 4, 0], "metaproperties": {"character_tone": 0.0, "character_age": 0.0, "character_mass": 1.0, "last_character_age": 0.0, "last_character_mass": 1.0, "last_character_tone": 0.0}, "materialproperties": {}, "proportions": {"lowerleg_calf_girth": 0.2516, "chest_width_X": 0.1756, "upperarm_length": 0.1956, "head_width_X": 0.0847, "feet_height_Z": 0.0435, "feet_width": 0.0581, "upperleg_bottom_girth": 0.3006, "buttock_height_Z": 0.1501, "forearm_length": 0.1557, "buttock_girth": 0.7772, "upperleg_top_girth": 0.4367, "body_height_Z": 1.0, "lowerleg_bottom_girth": 0.1442, "upperleg_length": 0.1903, "shoulders_width": 0.1706, "feet_heel_width": 0.0437, "buttock_width_X": 0.2731, "head_length": 0.1192, "wrist_girth": 0.0916, "upperarm_axillary_girth": 0.2933, "chest_girth": 0.7714, "neck_height_Z": 0.0214, "head_height_Z": 0.1415, "hands_width": 0.0493, "chest_depth_Y": 0.2031, "feet_length": 0.1474, "elbow_girth": 0.1782, "lowerleg_length": 0.2311, "hands_length": 0.1196, "waist_girth": 0.6901, "torso_height_Z": 0.2355, "neck_girth": 0.2384, "buttock_depth_Y": 0.1864}, "structural": {"Shoulders_PosZ": 0.14, "Head_Size": 0.59, "Forehead_SizeZ": 0.62, "Torso_Tone": 0.38, "Pelvis_SizeX": 0.62, "Torso_Vshape": 0.38, "Neck_Length": 0.41, "Wrists_Size": 0.6, "Neck_Size": 0.35, "Arms_UpperarmMass": 1.38, "Pelvis_GluteusMass": 1.5, "Legs_KneeSize": 0.7, "Shoulders_Tone": 0.24, "Shoulders_Mass": 1.08, "Arms_UpperarmTone": 0.35, "Legs_UpperlegsTone": 0.35, "Hands_FingersInterDist": 0.38, "Neck_Tone": 0.35, "Legs_LowerlegsMass": 1.5, "Stomach_LocalFat": 0.52, "Neck_Angle": 0.29, "Arms_ForearmLength": 0.65, "Arms_ForearmSize": 0.44, "Hands_FingersLength": 1.0, "Torso_Mass": 1.44, "Torso_BreastMass": 1.0, "Torso_SizeY": 0.29, "Feet_Mass": 1.23, "Neck_Mass": 1.32, "Torso_ToracicCurve": 1.0, "Legs_UpperlegsMass": 1.5, "Cheeks_Mass": 1.5, "Hands_Mass": 1.14, "Arms_UpperarmSize": 0.47, "Arms_ForearmMass": 1.5, "Feet_Size": 0.62, "Arms_UpperarmLength": 0.59, "Waist_Size": 0.7, "Chin_Tone": 0.29, "Stomach_Volume": 0.61}}