{"manuellab_vers": [1, 4, 0], "metaproperties": {"character_tone": -0.5, "character_age": 0.0, "character_mass": 0.0, "last_character_age": 0.0, "last_character_mass": 0.0, "last_character_tone": -0.5}, "materialproperties": {}, "proportions": {"lowerleg_calf_girth": 0.1636, "chest_width_X": 0.1541, "upperarm_length": 0.1824, "head_width_X": 0.081, "feet_height_Z": 0.0426, "feet_width": 0.0541, "upperleg_bottom_girth": 0.1775, "buttock_height_Z": 0.1589, "forearm_length": 0.1465, "buttock_girth": 0.638, "upperleg_top_girth": 0.2808, "body_height_Z": 1.0, "lowerleg_bottom_girth": 0.1126, "upperleg_length": 0.1775, "shoulders_width": 0.1595, "feet_heel_width": 0.0404, "buttock_width_X": 0.2083, "head_length": 0.114, "wrist_girth": 0.0806, "upperarm_axillary_girth": 0.1789, "chest_girth": 0.5442, "neck_height_Z": 0.0429, "head_height_Z": 0.1308, "hands_width": 0.0437, "chest_depth_Y": 0.1338, "feet_length": 0.141, "elbow_girth": 0.1646, "lowerleg_length": 0.2391, "hands_length": 0.1141, "waist_girth": 0.4606, "torso_height_Z": 0.219, "neck_girth": 0.1311, "buttock_depth_Y": 0.1447}, "structural": {"Shoulders_PosZ": 0.14, "Pelvis_SizeX": 0.44, "Torso_Vshape": 0.38, "Elbows_Size": 0.86, "Legs_UpperlegsMass": 0.23, "Arms_UpperarmTone": -0.15, "Hands_FingersInterDist": 0.38, "Arms_ForearmLength": 0.65, "Torso_BreastTone": 0.6, "Neck_Size": 0.35, "Hands_Mass": 0.14, "Pelvis_SizeY": 0.02, "Feet_Mass": 0.23, "Torso_ToracicCurve": 1.0, "Pelvis_GluteusTone": 0.0, "Legs_LowerlegsTone": -0.18, "Legs_UpperlegSize": 0.44, "Head_Size": 0.59, "Legs_UpperlegLength": 0.65, "Waist_Size": 0.495, "Forehead_SizeZ": 0.62, "Torso_Tone": -0.15, "Arms_UpperarmMass": 0.38, "Arms_ForearmTone": 0.0, "Neck_Length": 0.56, "Wrists_Size": 0.475, "Pelvis_GluteusMass": 0.65, "Legs_LowerlegLength": 0.54, "Arms_UpperarmSize": 0.41, "Shoulders_Tone": -0.26, "Shoulders_Mass": 0.08, "Hands_FingersLength": 1.0, "Legs_UpperlegsTone": -0.27, "Neck_Tone": -0.15, "Legs_LowerlegsMass": 0.17, "Neck_Angle": 0.29, "Torso_Mass": 0.44, "Torso_SizeY": 0.29, "Neck_Mass": 0.23, "Torso_Length": 0.71, "Cheeks_Tone": 0.0, "Legs_UpperlegInCurve": 0.29, "Feet_Size": 0.62, "Arms_UpperarmLength": 0.59, "Chin_Tone": 0.29}}