{"manuellab_vers": [1, 4, 0], "metaproperties": {"character_tone": 0.0, "character_age": 0.0, "character_mass": -1.0, "last_character_age": 0.0, "last_character_mass": -1.0, "last_character_tone": 0.0}, "materialproperties": {}, "proportions": {"lowerleg_calf_girth": 0.1864, "chest_width_X": 0.1434, "upperarm_length": 0.1752, "head_width_X": 0.082, "feet_height_Z": 0.0428, "feet_width": 0.0543, "upperleg_bottom_girth": 0.1878, "buttock_height_Z": 0.1406, "forearm_length": 0.1454, "buttock_girth": 0.5276, "upperleg_top_girth": 0.2835, "body_height_Z": 1.0, "lowerleg_bottom_girth": 0.1138, "upperleg_length": 0.2098, "shoulders_width": 0.166, "feet_heel_width": 0.0409, "buttock_width_X": 0.198, "head_length": 0.1154, "wrist_girth": 0.0835, "upperarm_axillary_girth": 0.1691, "chest_girth": 0.4395, "neck_height_Z": 0.046, "head_height_Z": 0.1283, "hands_width": 0.0459, "chest_depth_Y": 0.1007, "feet_length": 0.1414, "elbow_girth": 0.1366, "lowerleg_length": 0.243, "hands_length": 0.1095, "waist_girth": 0.4031, "torso_height_Z": 0.2018, "neck_girth": 0.1527, "buttock_depth_Y": 0.109}, "structural": {"Shoulders_PosZ": 0.17, "Shoulders_Length": 0.32, "Neck_Mass": -0.5, "Pelvis_SizeX": 0.8, "Torso_Vshape": 0.38, "Torso_Mass": -0.5, "Torso_BreastMass": 0.0, "Feet_Mass": -0.5, "Wrists_Size": 0.45, "Pelvis_GluteusSize": 0.59, "Arms_UpperarmMass": -0.5, "Cheeks_Mass": -0.5, "Hands_Mass": -0.5, "Pelvis_GluteusMass": -0.5, "Stomach_Volume": 0.48, "Arms_ForearmMass": -0.5, "Shoulders_Mass": -0.5, "Legs_UpperlegsMass": -0.5, "Waist_Size": 0.85, "Legs_LowerlegsMass": -0.5, "Stomach_LocalFat": 0.63}}