{"manuellab_vers": [1, 4, 0], "metaproperties": {"character_tone": 0.0, "character_age": 0.0, "character_mass": 1.0, "last_character_age": 0.0, "last_character_mass": 1.0, "last_character_tone": 0.0}, "materialproperties": {}, "proportions": {"lowerleg_calf_girth": 0.2502, "chest_width_X": 0.17, "upperarm_length": 0.1872, "head_width_X": 0.081, "feet_height_Z": 0.041, "feet_width": 0.0555, "upperleg_bottom_girth": 0.3089, "buttock_height_Z": 0.1462, "forearm_length": 0.1492, "buttock_girth": 0.7275, "upperleg_top_girth": 0.4307, "body_height_Z": 1.0, "lowerleg_bottom_girth": 0.1512, "upperleg_length": 0.2, "shoulders_width": 0.1634, "feet_heel_width": 0.0419, "buttock_width_X": 0.2645, "head_length": 0.114, "wrist_girth": 0.0878, "upperarm_axillary_girth": 0.2809, "chest_girth": 0.7449, "neck_height_Z": 0.0258, "head_height_Z": 0.1353, "hands_width": 0.0471, "chest_depth_Y": 0.1966, "feet_length": 0.141, "elbow_girth": 0.1909, "lowerleg_length": 0.2265, "hands_length": 0.1144, "waist_girth": 0.6757, "torso_height_Z": 0.2373, "neck_girth": 0.229, "buttock_depth_Y": 0.1612}, "structural": {"Shoulders_PosZ": 0.14, "Pelvis_SizeX": 0.44, "Torso_Vshape": 0.38, "Legs_KneeSize": 0.7, "Legs_UpperlegsMass": 1.23, "Arms_UpperarmTone": 0.35, "Hands_FingersInterDist": 0.38, "Arms_ForearmLength": 0.65, "Neck_Size": 0.35, "Hands_Mass": 1.14, "Torso_BreastMass": 1.0, "Pelvis_SizeY": 0.02, "Feet_Mass": 1.23, "Torso_ToracicCurve": 1.0, "Legs_LowerlegLength": 0.54, "Legs_LowerlegsTone": 0.32, "Cheeks_Mass": 1.5, "Legs_UpperlegSize": 0.44, "Head_Size": 0.59, "Legs_UpperlegLength": 0.65, "Waist_Size": 0.7, "Torso_Length": 0.71, "Forehead_SizeZ": 0.62, "Torso_Tone": 0.35, "Arms_UpperarmMass": 1.38, "Neck_Length": 0.56, "Wrists_Size": 0.6, "Pelvis_GluteusMass": 1.65, "Arms_UpperarmSize": 0.41, "Shoulders_Tone": 0.24, "Shoulders_Mass": 1.08, "Hands_FingersLength": 1.0, "Legs_UpperlegsTone": 0.23, "Neck_Tone": 0.35, "Legs_LowerlegsMass": 1.17, "Stomach_LocalFat": 0.52, "Neck_Angle": 0.29, "Torso_Mass": 1.44, "Torso_SizeY": 0.29, "Neck_Mass": 1.23, "Elbows_Size": 0.86, "Arms_ForearmMass": 1.5, "Legs_UpperlegInCurve": 0.29, "Feet_Size": 0.62, "Arms_UpperarmLength": 0.59, "Chin_Tone": 0.29, "Stomach_Volume": 0.52}}