{"metaproperties": {"character_tone": 0.0, "character_age": 0.0, "character_mass": 0.0, "last_character_age": 0.0, "last_character_mass": 0.0, "last_character_tone": 0.0}, "materialproperties": {}, "manuellab_vers": [1, 4, 0], "proportions": {"upperarm_axillary_girth": 0.1777, "feet_heel_width": 0.0409, "upperleg_top_girth": 0.3252, "lowerleg_bottom_girth": 0.1149, "head_width_X": 0.082, "waist_girth": 0.4517, "feet_length": 0.1414, "upperarm_length": 0.1752, "chest_width_X": 0.1445, "chest_depth_Y": 0.1199, "elbow_girth": 0.1369, "hands_width": 0.0473, "torso_height_Z": 0.198, "feet_height_Z": 0.0428, "shoulders_width": 0.1661, "head_height_Z": 0.1283, "head_length": 0.1154, "hands_length": 0.1096, "upperleg_length": 0.2091, "neck_girth": 0.1693, "buttock_girth": 0.5875, "wrist_girth": 0.0863, "forearm_length": 0.1454, "upperleg_bottom_girth": 0.2047, "chest_girth": 0.4999, "lowerleg_calf_girth": 0.2009, "buttock_depth_Y": 0.1231, "feet_width": 0.0543, "buttock_height_Z": 0.1446, "buttock_width_X": 0.2187, "lowerleg_length": 0.2435, "neck_height_Z": 0.0459, "body_height_Z": 1.0}, "structural": {"Pelvis_SizeX": 0.8, "Waist_Size": 0.86, "Pelvis_GluteusSize": 0.59, "Torso_Vshape": 0.38, "Stomach_LocalFat": 0.68, "Shoulders_PosZ": 0.17, "Shoulders_Length": 0.32}}