{"manuellab_vers": [1, 4, 0], "metaproperties": {"character_tone": 0.0, "character_age": 0.0, "character_mass": -0.5, "last_character_age": 0.0, "last_character_mass": -0.5, "last_character_tone": 0.0}, "materialproperties": {}, "proportions": {"lowerleg_calf_girth": 0.1869, "chest_width_X": 0.146, "upperarm_length": 0.1752, "head_width_X": 0.082, "feet_height_Z": 0.0428, "feet_width": 0.0543, "upperleg_bottom_girth": 0.1932, "buttock_height_Z": 0.1426, "forearm_length": 0.1454, "buttock_girth": 0.5325, "upperleg_top_girth": 0.2911, "body_height_Z": 1.0, "lowerleg_bottom_girth": 0.1138, "upperleg_length": 0.2089, "shoulders_width": 0.166, "feet_heel_width": 0.0409, "buttock_width_X": 0.2022, "head_length": 0.1154, "wrist_girth": 0.0841, "upperarm_axillary_girth": 0.1705, "chest_girth": 0.4367, "neck_height_Z": 0.046, "head_height_Z": 0.1283, "hands_width": 0.0459, "chest_depth_Y": 0.0995, "feet_length": 0.1414, "elbow_girth": 0.1367, "lowerleg_length": 0.2435, "hands_length": 0.1095, "waist_girth": 0.4793, "torso_height_Z": 0.2003, "neck_girth": 0.1527, "buttock_depth_Y": 0.1099}, "structural": {"Shoulders_PosZ": 0.17, "Legs_LowerlegsMass": 0.0, "Pelvis_SizeX": 0.8, "Torso_Vshape": 0.38, "Wrists_Size": 0.475, "Arms_ForearmMass": 0.0, "Pelvis_GluteusMass": 0.0, "Shoulders_Mass": 0.0, "Legs_UpperlegsTone": 0.26, "Stomach_LocalFat": 0.895, "Arms_UpperarmMass": 0.18, "Torso_Mass": 0.0, "Torso_BreastMass": 0.25, "Feet_Mass": 0.0, "Neck_Mass": 0.0, "Legs_UpperlegsMass": 0.21, "Cheeks_Mass": 0.0, "Pelvis_GluteusSize": 0.59, "Hands_Mass": 0.0, "Legs_UpperlegInCurve": 0.23, "Stomach_Volume": 0.49, "Waist_Size": 0.855, "Shoulders_Length": 0.32}}