{"metaproperties": {"character_tone": 0.0, "character_age": 0.0, "character_mass": 0.0, "last_character_age": 0.0, "last_character_mass": 0.0, "last_character_tone": 0.0}, "materialproperties": {}, "manuellab_vers": [1, 4, 0], "proportions": {"upperarm_axillary_girth": 0.1587, "feet_heel_width": 0.0405, "upperleg_top_girth": 0.2593, "lowerleg_bottom_girth": 0.113, "head_width_X": 0.0784, "waist_girth": 0.3173, "feet_length": 0.1414, "upperarm_length": 0.1803, "chest_width_X": 0.1377, "chest_depth_Y": 0.1112, "elbow_girth": 0.1194, "hands_width": 0.0438, "torso_height_Z": 0.2022, "feet_height_Z": 0.0427, "shoulders_width": 0.1659, "head_height_Z": 0.1267, "head_length": 0.1103, "hands_length": 0.1145, "upperleg_length": 0.2132, "neck_girth": 0.1396, "buttock_girth": 0.4973, "wrist_girth": 0.0804, "forearm_length": 0.148, "upperleg_bottom_girth": 0.1854, "chest_girth": 0.4829, "lowerleg_calf_girth": 0.1737, "buttock_depth_Y": 0.097, "feet_width": 0.0543, "buttock_height_Z": 0.1381, "buttock_width_X": 0.1843, "lowerleg_length": 0.24, "neck_height_Z": 0.0467, "body_height_Z": 1.0}, "structural": {"Neck_Size": 0.35, "Feet_Size": 0.62, "Waist_Size": 0.29, "Legs_UpperlegSize": 0.44, "Torso_SizeY": 0.29, "Arms_ForearmSize": 0.2, "Hands_FingersInterDist": 0.38, "Arms_UpperarmSize": 0.17, "Legs_UpperlegsMass": 0.23, "Torso_ToracicCurve": 1.0, "Hands_Mass": 0.14, "Shoulders_Tone": 0.24, "Neck_Length": 0.56, "Legs_UpperlegsTone": 0.23, "Arms_UpperarmMass": 0.38, "Torso_Length": 0.71, "Arms_UpperarmLength": 0.59, "Chin_Tone": 0.29, "Legs_UpperlegInCurve": 0.74, "Arms_ForearmLength": 0.65, "Shoulders_Mass": 0.08, "Legs_LowerlegLength": 0.54, "Neck_Angle": 0.29, "Shoulders_PosZ": 0.14, "Legs_UpperlegLength": 0.65, "Pelvis_SizeY": 0.02, "Neck_Tone": 0.35, "Hands_FingersLength": 1.0, "Feet_Mass": 0.23, "Arms_UpperarmTone": 0.35, "Legs_LowerlegsMass": 0.17, "Legs_LowerlegsTone": 0.32, "Neck_Mass": 0.23, "Forehead_SizeZ": 0.62, "Torso_Mass": 0.53, "Torso_Tone": 0.68}}