{"manuellab_vers": [1, 4, 0], "metaproperties": {"character_tone": -1.0, "character_age": 0.0, "character_mass": -0.5, "last_character_age": 0.0, "last_character_mass": -0.5, "last_character_tone": -1.0}, "materialproperties": {}, "proportions": {"lowerleg_calf_girth": 0.1704, "chest_width_X": 0.1416, "upperarm_length": 0.1879, "head_width_X": 0.0847, "feet_height_Z": 0.0445, "feet_width": 0.0566, "upperleg_bottom_girth": 0.1789, "buttock_height_Z": 0.1341, "forearm_length": 0.1544, "buttock_girth": 0.4836, "upperleg_top_girth": 0.252, "body_height_Z": 1.0, "lowerleg_bottom_girth": 0.1178, "upperleg_length": 0.2073, "shoulders_width": 0.1654, "feet_heel_width": 0.0423, "buttock_width_X": 0.184, "head_length": 0.1192, "wrist_girth": 0.0824, "upperarm_axillary_girth": 0.1651, "chest_girth": 0.4504, "neck_height_Z": 0.0411, "head_height_Z": 0.1367, "hands_width": 0.0453, "chest_depth_Y": 0.1006, "feet_length": 0.1475, "elbow_girth": 0.1348, "lowerleg_length": 0.2403, "hands_length": 0.1193, "waist_girth": 0.2943, "torso_height_Z": 0.2071, "neck_girth": 0.134, "buttock_depth_Y": 0.1018}, "structural": {"Shoulders_PosZ": 0.14, "Pelvis_SizeX": 0.62, "Torso_Vshape": 0.38, "Legs_LowerlegsMass": 0.0, "Legs_UpperlegsMass": 0.0, "Arms_UpperarmTone": -0.65, "Arms_ForearmSize": 0.44, "Arms_ForearmLength": 0.65, "Hands_FingersInterDist": 0.38, "Torso_BreastTone": 0.7, "Neck_Size": 0.35, "Hands_Mass": -0.36, "Torso_BreastMass": 0.25, "Feet_Mass": -0.27, "Torso_ToracicCurve": 1.0, "Pelvis_GluteusTone": -0.5, "Legs_LowerlegsTone": -0.5, "Cheeks_Mass": 0.0, "Head_Size": 0.59, "Waist_Size": 0.485, "Forehead_SizeZ": 0.62, "Torso_Tone": -0.62, "Arms_UpperarmMass": -0.12, "Arms_ForearmTone": -0.5, "Neck_Length": 0.41, "Wrists_Size": 0.425, "Pelvis_GluteusMass": 0.0, "Arms_UpperarmSize": 0.47, "Shoulders_Tone": -0.76, "Shoulders_Mass": -0.42, "Hands_FingersLength": 1.0, "Legs_UpperlegsTone": -0.65, "Neck_Tone": -0.65, "Stomach_LocalFat": 0.475, "Neck_Angle": 0.29, "Torso_Mass": -0.06, "Torso_SizeY": 0.29, "Neck_Mass": -0.18, "Arms_ForearmMass": 0.0, "Cheeks_Tone": -0.5, "Feet_Size": 0.62, "Arms_UpperarmLength": 0.59, "Chin_Tone": 0.29, "Stomach_Volume": 0.58}}