{"manuellab_vers": [1, 4, 0], "metaproperties": {"character_tone": 0.0, "character_age": 0.0, "character_mass": 0.5, "last_character_age": 0.0, "last_character_mass": 0.5, "last_character_tone": 0.0}, "materialproperties": {}, "proportions": {"lowerleg_calf_girth": 0.2561, "chest_width_X": 0.1882, "upperarm_length": 0.1921, "head_width_X": 0.0833, "feet_height_Z": 0.0424, "feet_width": 0.0567, "upperleg_bottom_girth": 0.2908, "buttock_height_Z": 0.1609, "forearm_length": 0.15, "buttock_girth": 0.7227, "upperleg_top_girth": 0.429, "body_height_Z": 1.0, "lowerleg_bottom_girth": 0.1438, "upperleg_length": 0.1648, "shoulders_width": 0.1785, "feet_heel_width": 0.043, "buttock_width_X": 0.2463, "head_length": 0.1173, "wrist_girth": 0.0918, "upperarm_axillary_girth": 0.2797, "chest_girth": 0.7976, "neck_height_Z": 0.0252, "head_height_Z": 0.1336, "hands_width": 0.0507, "chest_depth_Y": 0.2046, "feet_length": 0.1438, "elbow_girth": 0.1844, "lowerleg_length": 0.2398, "hands_length": 0.1115, "waist_girth": 0.6689, "torso_height_Z": 0.2464, "neck_girth": 0.2308, "buttock_depth_Y": 0.1758}, "structural": {"Legs_KneeSize": 0.6, "Pelvis_SizeX": 0.32, "Torso_Vshape": 0.29, "Wrists_Size": 0.55, "Arms_ForearmMass": 1.0, "Pelvis_GluteusMass": 1.0, "Legs_LowerlegsMass": 1.0, "Shoulders_Mass": 1.06, "Stomach_LocalFat": 0.51, "Arms_UpperarmMass": 1.0, "Legs_UpperlegLength": 0.08, "Torso_Mass": 1.0, "Torso_BreastMass": 0.75, "Feet_Mass": 1.0, "Hands_Mass": 1.0, "Legs_UpperlegsMass": 1.0, "Cheeks_Mass": 1.0, "Neck_Mass": 1.0, "Torso_Length": 0.68, "Torso_SizeX": 0.83, "Stomach_Volume": 0.57, "Waist_Size": 0.96, "Shoulders_Length": 0.65}}