{"manuellab_vers": [1, 4, 0], "metaproperties": {"character_tone": -1.0, "character_age": 0.0, "character_mass": 1.0, "last_character_age": 0.0, "last_character_mass": 1.0, "last_character_tone": -1.0}, "materialproperties": {}, "proportions": {"lowerleg_calf_girth": 0.2777, "chest_width_X": 0.1945, "upperarm_length": 0.2073, "head_width_X": 0.0845, "feet_height_Z": 0.0397, "feet_width": 0.0546, "upperleg_bottom_girth": 0.3289, "buttock_height_Z": 0.1745, "forearm_length": 0.158, "buttock_girth": 0.9791, "upperleg_top_girth": 0.4976, "body_height_Z": 1.0, "lowerleg_bottom_girth": 0.1647, "upperleg_length": 0.1503, "shoulders_width": 0.1807, "feet_heel_width": 0.0422, "buttock_width_X": 0.3318, "head_length": 0.1188, "wrist_girth": 0.0873, "upperarm_axillary_girth": 0.3114, "chest_girth": 0.8434, "neck_height_Z": 0.0088, "head_height_Z": 0.1387, "hands_width": 0.0489, "chest_depth_Y": 0.2255, "feet_length": 0.1381, "elbow_girth": 0.1885, "lowerleg_length": 0.2407, "hands_length": 0.1027, "waist_girth": 0.8573, "torso_height_Z": 0.2658, "neck_girth": 0.2682, "buttock_depth_Y": 0.2431}, "structural": {"Head_Size": 0.47, "Torso_Tone": -0.59, "Pelvis_SizeX": 0.86, "Arms_ForearmTone": -0.5, "Neck_Length": 0.35, "Wrists_Size": 0.55, "Arms_UpperarmMass": 1.5, "Pelvis_GluteusMass": 1.35, "Legs_KneeSize": 0.7, "Shoulders_Tone": -0.5, "Shoulders_Mass": 1.5, "Hands_Size": 0.32, "Arms_UpperarmTone": -0.5, "Legs_UpperlegsTone": -0.65, "Arms_UpperarmLength": 0.59, "Neck_Tone": -0.53, "Legs_LowerlegsMass": 1.53, "Stomach_LocalFat": 0.52, "Arms_ForearmLength": 0.65, "Legs_LowerlegsTone": -0.5, "Torso_BreastTone": 0.7, "Torso_Mass": 1.59, "Torso_BreastMass": 1.0, "Feet_Mass": 1.74, "Neck_Mass": 1.62, "Pelvis_GluteusTone": -0.5, "Legs_UpperlegsMass": 1.23, "Cheeks_Mass": 1.5, "Hands_Mass": 2.0, "Pelvis_SizeY": 0.8, "Arms_ForearmMass": 1.5, "Cheeks_Tone": -0.5, "Torso_Vshape": 0.41, "Feet_Size": 0.29, "Hands_FingersLength": 0.11, "Legs_UpperlegLength": 0.05, "Waist_Size": 0.69, "Stomach_Volume": 0.52}}