{"metaproperties": {"character_tone": 0.0, "character_age": 0.0, "character_mass": 0.0, "last_character_age": 0.0, "last_character_mass": 0.0, "last_character_tone": 0.0}, "materialproperties": {}, "manuellab_vers": [1, 4, 0], "proportions": {"upperarm_axillary_girth": 0.1774, "feet_heel_width": 0.0409, "upperleg_top_girth": 0.3383, "lowerleg_bottom_girth": 0.1149, "head_width_X": 0.082, "waist_girth": 0.4349, "feet_length": 0.1414, "upperarm_length": 0.1875, "chest_width_X": 0.1466, "chest_depth_Y": 0.1423, "elbow_girth": 0.1369, "hands_width": 0.0473, "torso_height_Z": 0.2124, "feet_height_Z": 0.0428, "shoulders_width": 0.1752, "head_height_Z": 0.1283, "head_length": 0.1154, "hands_length": 0.1096, "upperleg_length": 0.208, "neck_girth": 0.1706, "buttock_girth": 0.6097, "wrist_girth": 0.0863, "forearm_length": 0.1454, "upperleg_bottom_girth": 0.2047, "chest_girth": 0.5599, "lowerleg_calf_girth": 0.2009, "buttock_depth_Y": 0.1335, "feet_width": 0.0543, "buttock_height_Z": 0.14, "buttock_width_X": 0.2208, "lowerleg_length": 0.2435, "neck_height_Z": 0.0366, "body_height_Z": 1.0}, "structural": {"Pelvis_SizeX": 0.59, "Waist_Size": 0.0, "Pelvis_GluteusSize": 0.74, "Stomach_LocalFat": 0.74, "Torso_BreastMass": 0.68, "Shoulders_Length": 0.8, "Torso_Mass": 0.62}}