{"metaproperties": {"character_tone": 0.0, "character_age": 0.0, "character_mass": 0.0, "last_character_age": 0.0, "last_character_mass": 0.0, "last_character_tone": 0.0}, "materialproperties": {}, "manuellab_vers": [1, 4, 0], "proportions": {"upperarm_axillary_girth": 0.1672, "feet_heel_width": 0.0394, "upperleg_top_girth": 0.332, "lowerleg_bottom_girth": 0.1102, "head_width_X": 0.0806, "waist_girth": 0.3258, "feet_length": 0.1356, "upperarm_length": 0.1933, "chest_width_X": 0.1341, "chest_depth_Y": 0.1309, "elbow_girth": 0.1312, "hands_width": 0.0453, "torso_height_Z": 0.2044, "feet_height_Z": 0.041, "shoulders_width": 0.1665, "head_height_Z": 0.1261, "head_length": 0.1134, "hands_length": 0.1051, "upperleg_length": 0.215, "neck_girth": 0.1648, "buttock_girth": 0.55, "wrist_girth": 0.0827, "forearm_length": 0.1413, "upperleg_bottom_girth": 0.2114, "chest_girth": 0.5327, "lowerleg_calf_girth": 0.1958, "buttock_depth_Y": 0.1169, "feet_width": 0.0521, "buttock_height_Z": 0.1354, "buttock_width_X": 0.2019, "lowerleg_length": 0.2565, "neck_height_Z": 0.0319, "body_height_Z": 1.0}, "structural": {"Torso_Dorsi": 0.8, "Pelvis_SizeX": 0.55, "Legs_LowerlegLength": 0.62, "Arms_UpperarmLength": 0.737, "Legs_UpperlegSize": 0.65, "Pelvis_GluteusMass": 0.59, "Head_Size": 0.56, "Shoulders_PosZ": 0.59, "Torso_BreastTone": 0.74, "Shoulders_Tone": 0.59, "Shoulders_Mass": 0.38, "Legs_UpperlegLength": 0.65, "Waist_Size": 0.26, "Pelvis_GluteusTone": 0.65, "Torso_BreastMass": 0.77, "Pelvis_GluteusSize": 0.57, "Arms_ForearmLength": 0.53, "Body_Size": 0.46}}