{"manuellab_vers": [1, 4, 0], "metaproperties": {"character_tone": -1.0, "character_age": 0.0, "character_mass": 0.0, "last_character_age": 0.0, "last_character_mass": 0.0, "last_character_tone": -1.0}, "materialproperties": {}, "proportions": {"lowerleg_calf_girth": 0.2168, "chest_width_X": 0.1612, "upperarm_length": 0.1907, "head_width_X": 0.0847, "feet_height_Z": 0.0435, "feet_width": 0.0566, "upperleg_bottom_girth": 0.2428, "buttock_height_Z": 0.152, "forearm_length": 0.1529, "buttock_girth": 0.6787, "upperleg_top_girth": 0.361, "body_height_Z": 1.0, "lowerleg_bottom_girth": 0.1403, "upperleg_length": 0.1897, "shoulders_width": 0.1668, "feet_heel_width": 0.0426, "buttock_width_X": 0.2458, "head_length": 0.1192, "wrist_girth": 0.0834, "upperarm_axillary_girth": 0.188, "chest_girth": 0.5629, "neck_height_Z": 0.0378, "head_height_Z": 0.1378, "hands_width": 0.0457, "chest_depth_Y": 0.1372, "feet_length": 0.1474, "elbow_girth": 0.1507, "lowerleg_length": 0.2326, "hands_length": 0.1193, "waist_girth": 0.4931, "torso_height_Z": 0.2187, "neck_girth": 0.1544, "buttock_depth_Y": 0.1581}, "structural": {"Shoulders_PosZ": 0.14, "Head_Size": 0.59, "Forehead_SizeZ": 0.62, "Torso_Tone": -0.62, "Pelvis_SizeX": 0.62, "Arms_ForearmTone": -0.5, "Neck_Length": 0.41, "Wrists_Size": 0.45, "Neck_Size": 0.35, "Arms_UpperarmSize": 0.47, "Shoulders_Tone": -0.76, "Shoulders_Mass": 0.08, "Arms_UpperarmTone": -0.65, "Legs_UpperlegsTone": -0.65, "Hands_FingersInterDist": 0.38, "Neck_Tone": -0.65, "Arms_UpperarmMass": 0.38, "Neck_Angle": 0.29, "Arms_ForearmLength": 0.65, "Arms_ForearmSize": 0.44, "Torso_BreastTone": 0.7, "Torso_Mass": 0.44, "Torso_SizeY": 0.29, "Feet_Mass": 0.23, "Neck_Mass": 0.32, "Torso_ToracicCurve": 1.0, "Pelvis_GluteusTone": -0.5, "Legs_LowerlegsTone": -0.5, "Hands_FingersLength": 1.0, "Hands_Mass": 0.14, "Cheeks_Tone": -0.5, "Torso_Vshape": 0.38, "Feet_Size": 0.62, "Arms_UpperarmLength": 0.59, "Waist_Size": 0.49, "Chin_Tone": 0.29, "Stomach_Volume": 0.59}}