{"manuellab_vers": [1, 4, 0], "metaproperties": {"character_tone": 0.0, "character_age": 0.0, "character_mass": 1.0, "last_character_age": 0.0, "last_character_mass": 1.0, "last_character_tone": 0.0}, "materialproperties": {}, "proportions": {"lowerleg_calf_girth": 0.252, "chest_width_X": 0.1676, "upperarm_length": 0.1837, "head_width_X": 0.082, "feet_height_Z": 0.0418, "feet_width": 0.0558, "upperleg_bottom_girth": 0.288, "buttock_height_Z": 0.1553, "forearm_length": 0.1476, "buttock_girth": 0.7081, "upperleg_top_girth": 0.4222, "body_height_Z": 1.0, "lowerleg_bottom_girth": 0.1415, "upperleg_length": 0.1891, "shoulders_width": 0.1629, "feet_heel_width": 0.0423, "buttock_width_X": 0.2423, "head_length": 0.1154, "wrist_girth": 0.0921, "upperarm_axillary_girth": 0.2752, "chest_girth": 0.7623, "neck_height_Z": 0.0246, "head_height_Z": 0.1314, "hands_width": 0.0499, "chest_depth_Y": 0.2052, "feet_length": 0.1414, "elbow_girth": 0.1814, "lowerleg_length": 0.2362, "hands_length": 0.1098, "waist_girth": 0.6283, "torso_height_Z": 0.2337, "neck_girth": 0.2271, "buttock_depth_Y": 0.1713}, "structural": {"Legs_KneeSize": 0.7, "Pelvis_SizeX": 0.32, "Torso_Vshape": 0.29, "Torso_Mass": 1.5, "Torso_BreastMass": 1.0, "Feet_Mass": 1.5, "Wrists_Size": 0.6, "Arms_UpperarmMass": 1.5, "Cheeks_Mass": 1.5, "Hands_Mass": 1.5, "Pelvis_GluteusMass": 1.5, "Stomach_Volume": 0.52, "Neck_Mass": 1.5, "Arms_ForearmMass": 1.5, "Shoulders_Mass": 1.5, "Legs_UpperlegsMass": 1.5, "Waist_Size": 1.06, "Legs_LowerlegsMass": 1.5, "Stomach_LocalFat": 0.52}}