{"metaproperties": {"character_tone": 0.0, "character_age": 0.0, "character_mass": 0.0, "last_character_age": 0.0, "last_character_mass": 0.0, "last_character_tone": 0.0}, "materialproperties": {}, "manuellab_vers": [1, 4, 0], "proportions": {"upperarm_axillary_girth": 0.1871, "feet_heel_width": 0.0409, "upperleg_top_girth": 0.2953, "lowerleg_bottom_girth": 0.1149, "head_width_X": 0.082, "waist_girth": 0.3564, "feet_length": 0.1414, "upperarm_length": 0.1821, "chest_width_X": 0.1591, "chest_depth_Y": 0.1164, "elbow_girth": 0.1455, "hands_width": 0.0473, "torso_height_Z": 0.2219, "feet_height_Z": 0.0428, "shoulders_width": 0.187, "head_height_Z": 0.1283, "head_length": 0.1154, "hands_length": 0.1096, "upperleg_length": 0.2075, "neck_girth": 0.1698, "buttock_girth": 0.5086, "wrist_girth": 0.0863, "forearm_length": 0.146, "upperleg_bottom_girth": 0.1956, "chest_girth": 0.5317, "lowerleg_calf_girth": 0.2006, "buttock_depth_Y": 0.1203, "feet_width": 0.0543, "buttock_height_Z": 0.1408, "buttock_width_X": 0.1683, "lowerleg_length": 0.243, "neck_height_Z": 0.0258, "body_height_Z": 1.0}, "structural": {"Torso_Dorsi": 0.71, "Pelvis_SizeX": 0.11, "Shoulders_Mass": 0.53, "Shoulders_PosZ": 0.89, "Arms_UpperarmMass": 0.65, "Legs_UpperlegsMass": 0.23, "Torso_Vshape": 0.89}}