{"manuellab_vers": [1, 4, 0], "metaproperties": {"character_tone": 0.0, "character_age": 0.0, "character_mass": -0.5, "last_character_age": 0.0, "last_character_mass": -0.5, "last_character_tone": 0.0}, "materialproperties": {}, "proportions": {"lowerleg_calf_girth": 0.2113, "chest_width_X": 0.148, "upperarm_length": 0.1844, "head_width_X": 0.0854, "feet_height_Z": 0.0423, "feet_width": 0.0536, "upperleg_bottom_girth": 0.2019, "buttock_height_Z": 0.1465, "forearm_length": 0.1339, "buttock_girth": 0.5842, "upperleg_top_girth": 0.3028, "body_height_Z": 1.0, "lowerleg_bottom_girth": 0.1152, "upperleg_length": 0.1901, "shoulders_width": 0.1663, "feet_heel_width": 0.0409, "buttock_width_X": 0.2118, "head_length": 0.1202, "wrist_girth": 0.0845, "upperarm_axillary_girth": 0.1765, "chest_girth": 0.483, "neck_height_Z": 0.0261, "head_height_Z": 0.1336, "hands_width": 0.0467, "chest_depth_Y": 0.1118, "feet_length": 0.1397, "elbow_girth": 0.1434, "lowerleg_length": 0.258, "hands_length": 0.1037, "waist_girth": 0.3545, "torso_height_Z": 0.218, "neck_girth": 0.1648, "buttock_depth_Y": 0.1289}, "structural": {"Shoulders_PosZ": 0.35, "Head_Size": 0.47, "Torso_Tone": 0.44, "Pelvis_SizeX": 0.86, "Arms_ForearmTone": 0.59, "Neck_Length": 0.08, "Wrists_Size": 0.475, "Arms_UpperarmMass": 0.15, "Pelvis_GluteusMass": 0.21, "Legs_LowerlegsMass": 0.3, "Shoulders_Mass": 0.0, "Hands_Size": 0.32, "Arms_UpperarmTone": 0.44, "Legs_UpperlegsTone": 0.53, "Neck_Tone": 0.47, "Stomach_LocalFat": 0.475, "Arms_ForearmLength": 0.2, "Legs_LowerlegsTone": 0.74, "Hands_FingersLength": 0.11, "Torso_Mass": 0.3, "Torso_BreastMass": 0.25, "Feet_Mass": 0.24, "Neck_Mass": 0.24, "Legs_UpperlegsMass": 0.12, "Cheeks_Mass": 0.0, "Pelvis_SizeY": 0.8, "Arms_ForearmMass": 0.12, "Torso_Vshape": 0.26, "Feet_Size": 0.29, "Arms_UpperarmLength": 0.44, "Legs_UpperlegLength": 0.05, "Waist_Size": 0.495, "Stomach_Volume": 0.49}}