{"manuellab_vers": [1, 4, 0], "metaproperties": {"character_tone": 0.0, "character_age": 0.0, "character_mass": 0.5, "last_character_age": 0.0, "last_character_mass": 0.5, "last_character_tone": 0.0}, "materialproperties": {}, "proportions": {"lowerleg_calf_girth": 0.2515, "chest_width_X": 0.1738, "upperarm_length": 0.1925, "head_width_X": 0.0847, "feet_height_Z": 0.0435, "feet_width": 0.0573, "upperleg_bottom_girth": 0.2989, "buttock_height_Z": 0.1513, "forearm_length": 0.1551, "buttock_girth": 0.7691, "upperleg_top_girth": 0.4361, "body_height_Z": 1.0, "lowerleg_bottom_girth": 0.1431, "upperleg_length": 0.1906, "shoulders_width": 0.1688, "feet_heel_width": 0.0431, "buttock_width_X": 0.2723, "head_length": 0.1192, "wrist_girth": 0.089, "upperarm_axillary_girth": 0.2475, "chest_girth": 0.7249, "neck_height_Z": 0.0291, "head_height_Z": 0.1406, "hands_width": 0.0474, "chest_depth_Y": 0.1879, "feet_length": 0.1474, "elbow_girth": 0.1708, "lowerleg_length": 0.2308, "hands_length": 0.1195, "waist_girth": 0.6516, "torso_height_Z": 0.2273, "neck_girth": 0.218, "buttock_depth_Y": 0.1828}, "structural": {"Shoulders_PosZ": 0.14, "Head_Size": 0.59, "Forehead_SizeZ": 0.62, "Torso_Tone": 0.38, "Pelvis_SizeX": 0.62, "Torso_Vshape": 0.38, "Neck_Length": 0.41, "Wrists_Size": 0.55, "Neck_Size": 0.35, "Arms_UpperarmMass": 0.88, "Pelvis_GluteusMass": 1.0, "Legs_KneeSize": 0.6, "Shoulders_Tone": 0.24, "Shoulders_Mass": 0.58, "Arms_UpperarmTone": 0.35, "Legs_UpperlegsTone": 0.35, "Hands_FingersInterDist": 0.38, "Neck_Tone": 0.35, "Legs_LowerlegsMass": 1.0, "Stomach_LocalFat": 0.51, "Neck_Angle": 0.29, "Arms_ForearmLength": 0.65, "Arms_ForearmSize": 0.44, "Hands_FingersLength": 1.0, "Torso_Mass": 0.94, "Torso_BreastMass": 0.75, "Torso_SizeY": 0.29, "Feet_Mass": 0.73, "Neck_Mass": 0.82, "Torso_ToracicCurve": 1.0, "Legs_UpperlegsMass": 1.0, "Cheeks_Mass": 1.0, "Hands_Mass": 0.64, "Arms_UpperarmSize": 0.47, "Arms_ForearmMass": 1.0, "Feet_Size": 0.62, "Arms_UpperarmLength": 0.59, "Waist_Size": 0.6, "Chin_Tone": 0.29, "Stomach_Volume": 0.6}}