{"manuellab_vers": [1, 4, 0], "metaproperties": {"character_tone": -0.5, "character_age": 0.0, "character_mass": 0.0, "last_character_age": 0.0, "last_character_mass": 0.0, "last_character_tone": -0.5}, "materialproperties": {}, "proportions": {"lowerleg_calf_girth": 0.2093, "chest_width_X": 0.1814, "upperarm_length": 0.1842, "head_width_X": 0.0786, "feet_height_Z": 0.0419, "feet_width": 0.0544, "upperleg_bottom_girth": 0.2562, "buttock_height_Z": 0.152, "forearm_length": 0.147, "buttock_girth": 0.7604, "upperleg_top_girth": 0.3812, "body_height_Z": 1.0, "lowerleg_bottom_girth": 0.1349, "upperleg_length": 0.1844, "shoulders_width": 0.1715, "feet_heel_width": 0.0409, "buttock_width_X": 0.2613, "head_length": 0.1106, "wrist_girth": 0.0815, "upperarm_axillary_girth": 0.2071, "chest_girth": 0.6897, "neck_height_Z": 0.0256, "head_height_Z": 0.1299, "hands_width": 0.0439, "chest_depth_Y": 0.1767, "feet_length": 0.1417, "elbow_girth": 0.1551, "lowerleg_length": 0.2319, "hands_length": 0.1148, "waist_girth": 0.7272, "torso_height_Z": 0.2461, "neck_girth": 0.1919, "buttock_depth_Y": 0.1773}, "structural": {"Shoulders_PosZ": 0.56, "Forehead_SizeZ": 0.62, "Torso_Tone": 0.03, "Arms_UpperarmMass": 0.53, "Arms_ForearmTone": 0.0, "Wrists_Size": 0.475, "Arms_ForearmSize": 0.59, "Pelvis_GluteusMass": 0.65, "Arms_UpperarmLength": 0.59, "Arms_UpperarmSize": 0.56, "Shoulders_Tone": -0.26, "Shoulders_Mass": 0.2, "Arms_UpperarmTone": -0.12, "Legs_UpperlegsTone": -0.27, "Hands_FingersInterDist": 0.38, "Neck_Tone": 0.0, "Torso_SizeX": 0.56, "Arms_ForearmLength": 0.65, "Legs_LowerlegsTone": -0.18, "Torso_BreastTone": 0.6, "Torso_Mass": 0.8, "Feet_Mass": 0.23, "Hands_Mass": 0.14, "Torso_ToracicCurve": 1.0, "Pelvis_GluteusTone": 0.0, "Legs_UpperlegsMass": 0.59, "Hands_FingersLength": 1.0, "Pelvis_SizeY": 0.02, "Legs_LowerlegLength": 0.54, "Torso_Length": 0.71, "Cheeks_Tone": 0.0, "Legs_UpperlegInCurve": 0.65, "Feet_Size": 0.62, "Legs_UpperlegSize": 0.44, "Legs_UpperlegLength": 0.65, "Waist_Size": 0.285, "Chin_Tone": 0.29}}