{"proportion_index": [0.5611, 0.5008, 0.3818, 0.2071, 0.3301], "structural": {"Torso_BreastTone": 0.56, "Torso_BreastMass": 0.0, "Cheeks_Tone": 0.8, "Shoulders_Tone": 0.8, "Legs_LowerlegsTone": 0.8, "Abdomen_Tone": 0.8, "Arms_UpperarmTone": 0.8, "Legs_UpperlegsTone": 0.8, "Pelvis_GluteusTone": 0.8, "Legs_KneeSize": 0.56, "Arms_ForearmTone": 0.8, "Waist_Size": 0.56, "Wrists_Size": 0.53, "Torso_Tone": 0.8, "Neck_Tone": 0.8}, "manuellab_vers": [1, 6, 0], "metaproperties": {"last_character_age": 0.0, "character_tone": 0.3, "last_character_mass": 0.0, "character_mass": 0.0, "character_age": 0.0, "last_character_tone": 0.3}, "materialproperties": {}}