{"proportion_index": [0.6215, 0.5596, 0.4525, 0.2188, 0.3637], "structural": {"Torso_BreastTone": 0.506, "Cheeks_Tone": 0.53, "Shoulders_Tone": 0.53, "Legs_UpperlegsMass": 0.71, "Feet_Mass": 0.71, "Abdomen_Tone": 0.26, "Legs_UpperlegsTone": 0.53, "Neck_Mass": 0.71, "Legs_LowerlegsTone": 0.53, "Waist_Size": 0.548, "Shoulders_Mass": 0.71, "Torso_Tone": 0.53, "Cheeks_Mass": 0.71, "Torso_BreastMass": 0.25, "Arms_UpperarmMass": 0.71, "Pelvis_GluteusMass": 0.71, "Abdomen_Mass": 0.71, "Arms_UpperarmTone": 0.53, "Stomach_LocalFat": 0.5042, "Pelvis_GluteusTone": 0.53, "Stomach_Volume": 0.5042, "Legs_KneeSize": 0.548, "Arms_ForearmTone": 0.53, "Torso_Mass": 0.71, "Wrists_Size": 0.524, "Arms_ForearmMass": 0.71, "Hands_Mass": 0.71, "Neck_Tone": 0.53, "Legs_LowerlegsMass": 0.71}, "manuellab_vers": [1, 6, 0], "metaproperties": {"last_character_age": 0.0, "character_tone": 0.03, "last_character_mass": 0.21, "character_mass": 0.21, "character_age": 0.0, "last_character_tone": 0.03}, "materialproperties": {}}