{"proportion_index": [0.5185, 0.5064, 0.3691, 0.1656, 0.2661], "structural": {"Torso_BreastTone": 0.542, "Legs_UpperlegLength": 0.65, "Abdomen_Tone": 0.71, "Cheeks_Tone": 0.71, "Chin_Tone": 0.29, "Arms_UpperarmLength": 0.59, "Legs_UpperlegsMass": 0.23, "Feet_Mass": 0.23, "Legs_UpperlegSize": 0.44, "Arms_ForearmSize": 0.44, "Torso_Mass": 0.62, "Legs_UpperlegsTone": 0.44, "Shoulders_Tone": 0.45, "Head_Size": 0.29, "Hands_FingersLength": 1.0, "Shoulders_PosZ": 0.41, "Forehead_SizeZ": 0.62, "Waist_Size": 0.542, "Shoulders_Mass": 0.08, "Torso_Tone": 0.83, "Pelvis_SizeY": 0.02, "Torso_BreastMass": 0.25, "Arms_UpperarmMass": 0.38, "Torso_SizeY": 0.29, "Arms_ForearmLength": 0.65, "Legs_LowerlegsTone": 0.53, "Arms_UpperarmTone": 0.56, "Torso_Vshape": 0.26, "Pelvis_GluteusTone": 0.71, "Legs_LowerlegLength": 0.54, "Stomach_Volume": 0.59, "Arms_UpperarmSize": 0.47, "Legs_KneeSize": 0.542, "Arms_ForearmTone": 0.71, "Feet_Size": 0.62, "Hands_FingersInterDist": 0.38, "Torso_ToracicCurve": 1.0, "Wrists_Size": 0.521, "Legs_UpperlegInCurve": 0.74, "Hands_Mass": 0.14, "Neck_Tone": 0.71, "Legs_LowerlegsMass": 0.17}, "manuellab_vers": [1, 6, 0], "metaproperties": {"last_character_age": 0.0, "character_tone": 0.21, "last_character_mass": 0.0, "character_mass": 0.0, "character_age": 0.0, "last_character_tone": 0.21}, "materialproperties": {}}