{"proportion_index": [0.6032, 0.6452, 0.409, 0.1923, 0.3177], "structural": {"Torso_BreastTone": 0.65, "Legs_UpperlegLength": 0.05, "Hands_Size": 0.32, "Neck_Length": 0.35, "Shoulders_Tone": 1.25, "Legs_UpperlegsMass": -0.16, "Feet_Mass": 0.35, "Abdomen_Tone": 1.25, "Legs_UpperlegsTone": 1.1, "Stomach_LocalFat": 0.4805, "Neck_Mass": 0.23, "Hands_FingersLength": 0.11, "Legs_KneeSize": 0.65, "Waist_Size": 0.6461, "Head_Size": 0.47, "Cheeks_Tone": 1.25, "Torso_Tone": 1.16, "Cheeks_Mass": 0.11, "Pelvis_SizeY": 0.8, "Pelvis_SizeX": 0.86, "Torso_BreastMass": 1.0, "Arms_UpperarmMass": 0.11, "Arms_ForearmLength": 0.65, "Pelvis_GluteusMass": -0.04, "Abdomen_Mass": 0.11, "Arms_UpperarmLength": 0.59, "Arms_UpperarmTone": 1.25, "Torso_Vshape": 0.41, "Pelvis_GluteusTone": 1.25, "Stomach_Volume": 0.4922, "Wrists_Size": 0.5555, "Legs_LowerlegsTone": 1.25, "Arms_ForearmTone": 1.25, "Feet_Size": 0.29, "Torso_Mass": 0.2, "Shoulders_Mass": 0.11, "Arms_ForearmMass": 0.11, "Hands_Mass": 0.61, "Neck_Tone": 1.22, "Legs_LowerlegsMass": 0.14}, "manuellab_vers": [1, 6, 0], "metaproperties": {"last_character_age": 0.0, "character_tone": 0.75, "last_character_mass": -0.39, "character_mass": -0.39, "character_age": 0.0, "last_character_tone": 0.75}, "materialproperties": {}}