{"proportion_index": [0.5746, 0.6309, 0.3962, 0.1832, 0.3349], "structural": {"Torso_BreastTone": 0.62, "Cheeks_Tone": 1.1, "Neck_Length": 0.41, "Neck_Size": 0.35, "Feet_Mass": 0.23, "Abdomen_Tone": 1.1, "Arms_ForearmSize": 0.44, "Torso_Mass": 0.44, "Legs_UpperlegsTone": 0.95, "Shoulders_Tone": 0.84, "Neck_Mass": 0.32, "Hands_FingersLength": 1.0, "Shoulders_PosZ": 0.14, "Forehead_SizeZ": 0.62, "Waist_Size": 0.62, "Head_Size": 0.59, "Torso_Tone": 0.98, "Wrists_Size": 0.56, "Pelvis_SizeX": 0.62, "Torso_BreastMass": 1.0, "Arms_UpperarmMass": 0.38, "Chin_Tone": 0.29, "Arms_ForearmLength": 0.65, "Torso_ToracicCurve": 1.0, "Legs_LowerlegsTone": 1.1, "Arms_UpperarmTone": 0.95, "Torso_Vshape": 0.38, "Pelvis_GluteusTone": 1.1, "Stomach_Volume": 0.59, "Arms_UpperarmLength": 0.59, "Arms_UpperarmSize": 0.47, "Legs_KneeSize": 0.62, "Torso_SizeY": 0.29, "Feet_Size": 0.62, "Hands_FingersInterDist": 0.38, "Arms_ForearmTone": 1.1, "Shoulders_Mass": 0.08, "Neck_Angle": 0.29, "Hands_Mass": 0.14, "Neck_Tone": 0.95}, "manuellab_vers": [1, 6, 0], "metaproperties": {"last_character_age": 0.0, "character_tone": 0.6, "last_character_mass": 0.0, "character_mass": 0.0, "character_age": 0.0, "last_character_tone": 0.6}, "materialproperties": {}}