{"proportion_index": [0.585, 0.5717, 0.4222, 0.1581, 0.308], "structural": {"Legs_UpperlegLength": 0.65, "Feet_Mass": 0.23, "Waist_Size": 0.4982, "Torso_Length": 0.71, "Shoulders_PosZ": 0.14, "Legs_UpperlegSize": 0.44, "Head_Size": 0.59, "Pelvis_SizeY": 0.02, "Neck_Size": 0.35, "Arms_UpperarmMass": 0.44, "Pelvis_GluteusMass": 0.65, "Arms_UpperarmLength": 0.59, "Arms_UpperarmTone": 0.17, "Torso_Vshape": 0.38, "Pelvis_GluteusTone": 0.32, "Legs_LowerlegLength": 0.54, "Elbows_Size": 0.86, "Arms_UpperarmSize": 0.41, "Torso_Mass": 0.44, "Hands_FingersInterDist": 0.38, "Arms_ForearmTone": 0.32, "Wrists_Size": 0.491, "Hands_Mass": 0.14, "Neck_Tone": 0.17, "Legs_LowerlegsMass": 0.17, "Torso_BreastTone": 0.536, "Cheeks_Tone": 0.32, "Chin_Tone": 0.29, "Torso_BreastMass": 0.75, "Legs_UpperlegsMass": 0.35, "Neck_Angle": 0.29, "Abdomen_Tone": 0.32, "Legs_UpperlegsTone": 0.05, "Neck_Length": 0.56, "Neck_Mass": 0.23, "Torso_Tone": 0.17, "Arms_ForearmLength": 0.65, "Hands_FingersLength": 1.0, "Forehead_SizeZ": 0.62, "Shoulders_Tone": 0.06, "Legs_LowerlegsTone": 0.14, "Torso_SizeY": 0.29, "Torso_ToracicCurve": 1.0, "Shoulders_Mass": 0.08, "Legs_UpperlegInCurve": 0.29, "Pelvis_SizeX": 0.44, "Feet_Size": 0.62, "Legs_UpperThighGirth": 0.68}, "manuellab_vers": [1, 6, 0], "metaproperties": {"last_character_age": 0.0, "character_tone": -0.18, "last_character_mass": 0.0, "character_mass": 0.0, "character_age": 0.0, "last_character_tone": -0.18}, "materialproperties": {}}