{"proportion_index": [0.5738, 0.6152, 0.4402, 0.1643, 0.3304], "structural": {"Legs_UpperlegLength": 0.65, "Feet_Mass": 0.35, "Waist_Size": 0.536, "Torso_Length": 0.71, "Legs_LowerlegsTone": 0.38, "Legs_UpperlegSize": 0.44, "Head_Size": 0.59, "Pelvis_SizeY": 0.02, "Neck_Size": 0.35, "Arms_ForearmMass": 0.62, "Arms_UpperarmMass": 0.56, "Shoulders_Tone": 0.3, "Pelvis_GluteusMass": 0.77, "Arms_UpperarmLength": 0.59, "Arms_UpperarmTone": 0.41, "Torso_Vshape": 0.38, "Pelvis_GluteusTone": 0.56, "Legs_LowerlegLength": 0.54, "Elbows_Size": 0.86, "Arms_UpperarmSize": 0.41, "Torso_Mass": 0.56, "Hands_FingersInterDist": 0.38, "Arms_ForearmTone": 0.56, "Wrists_Size": 0.518, "Hands_Mass": 0.26, "Neck_Tone": 0.41, "Legs_LowerlegsMass": 0.29, "Torso_BreastTone": 0.512, "Cheeks_Tone": 0.56, "Chin_Tone": 0.29, "Torso_BreastMass": 1.0, "Legs_UpperlegsMass": 0.47, "Neck_Angle": 0.29, "Abdomen_Tone": 0.23, "Legs_UpperlegsTone": 0.29, "Abdomen_Mass": 0.95, "Neck_Length": 0.56, "Forehead_SizeZ": 0.62, "Neck_Mass": 0.35, "Torso_Tone": 0.41, "Cheeks_Mass": 0.62, "Arms_ForearmLength": 0.65, "Hands_FingersLength": 1.0, "Stomach_LocalFat": 0.5024, "Legs_KneeSize": 0.536, "Stomach_Volume": 0.5024, "Shoulders_PosZ": 0.14, "Torso_SizeY": 0.29, "Torso_ToracicCurve": 1.0, "Shoulders_Mass": 0.2, "Legs_UpperlegInCurve": 0.29, "Pelvis_SizeX": 0.44, "Feet_Size": 0.62, "Legs_UpperThighGirth": 0.68}, "manuellab_vers": [1, 6, 0], "metaproperties": {"last_character_age": 0.0, "character_tone": 0.06, "last_character_mass": 0.12, "character_mass": 0.12, "character_age": 0.0, "last_character_tone": 0.06}, "materialproperties": {}}