{"proportion_index": [0.5686, 0.5423, 0.3949, 0.2288, 0.3425], "structural": {"Torso_BreastTone": 0.7, "Cheeks_Tone": 1.5, "Shoulders_Tone": 1.5, "Legs_UpperlegsMass": 0.54, "Feet_Mass": 0.54, "Abdomen_Tone": 1.0, "Legs_UpperlegsTone": 1.5, "Neck_Mass": 0.54, "Legs_LowerlegsTone": 1.5, "Waist_Size": 0.708, "Shoulders_Mass": 0.54, "Torso_Tone": 1.5, "Cheeks_Mass": 0.54, "Torso_BreastMass": 0.25, "Arms_UpperarmMass": 0.54, "Pelvis_GluteusMass": 0.54, "Abdomen_Mass": 0.04, "Arms_UpperarmTone": 1.5, "Stomach_LocalFat": 0.5008, "Pelvis_GluteusTone": 1.5, "Stomach_Volume": 0.5008, "Legs_KneeSize": 0.708, "Arms_ForearmTone": 1.5, "Torso_Mass": 0.54, "Wrists_Size": 0.604, "Arms_ForearmMass": 0.54, "Hands_Mass": 0.54, "Neck_Tone": 1.5, "Legs_LowerlegsMass": 0.54}, "manuellab_vers": [1, 6, 0], "metaproperties": {"last_character_age": 0.0, "character_tone": 1.0, "last_character_mass": 0.04, "character_mass": 0.04, "character_age": 0.0, "last_character_tone": 1.0}, "materialproperties": {}}