{"proportion_index": [0.6585, 0.566, 0.3947, 0.2577, 0.3875], "structural": {"Torso_BreastTone": 0.7, "Abdomen_Tone": 1.5, "Cheeks_Tone": 1.5, "Shoulders_Tone": 1.5, "Legs_UpperlegsMass": 0.71, "Feet_Mass": 0.71, "Hands_Mass": 0.71, "Legs_UpperlegsTone": 1.5, "Neck_Mass": 0.71, "Legs_LowerlegsTone": 1.5, "Waist_Size": 0.502, "Shoulders_Mass": 0.71, "Torso_Tone": 1.5, "Cheeks_Mass": 0.71, "Torso_BreastMass": 0.0, "Arms_UpperarmMass": 0.71, "Pelvis_GluteusMass": 0.71, "Abdomen_Mass": 0.71, "Arms_UpperarmTone": 1.5, "Stomach_LocalFat": 0.5042, "Pelvis_GluteusTone": 1.5, "Stomach_Volume": 0.5042, "Legs_KneeSize": 0.742, "Arms_ForearmTone": 1.5, "Pelvis_GluteusSize": 0.74, "Torso_Mass": 0.71, "Wrists_Size": 0.621, "Arms_ForearmMass": 0.71, "Pelvis_SizeX": 0.59, "Neck_Tone": 1.5, "Legs_LowerlegsMass": 0.71}, "manuellab_vers": [1, 6, 0], "metaproperties": {"last_character_age": 0.0, "character_tone": 1.0, "last_character_mass": 0.21, "character_mass": 0.21, "character_age": 0.0, "last_character_tone": 1.0}, "materialproperties": {}}