{"proportion_index": [0.5429, 0.5652, 0.3038, 0.1622, 0.2661], "structural": {"Torso_BreastTone": 0.57, "Abdomen_Tone": 0.15, "Cheeks_Tone": 0.15, "Torso_Mass": 0.05, "Legs_UpperlegsMass": 0.05, "Feet_Mass": 0.05, "Hands_Mass": 0.05, "Legs_UpperlegsTone": 0.15, "Neck_Mass": 0.05, "Legs_LowerlegsTone": 0.15, "Waist_Size": 0.252, "Shoulders_Mass": 0.05, "Torso_Tone": 0.15, "Cheeks_Mass": 0.05, "Torso_BreastMass": 1.0, "Arms_UpperarmMass": 0.05, "Pelvis_GluteusMass": 0.05, "Abdomen_Mass": 0.05, "Arms_UpperarmTone": 0.15, "Stomach_LocalFat": 0.4775, "Pelvis_GluteusTone": 0.15, "Stomach_Volume": 0.491, "Shoulders_Tone": 0.15, "Arms_ForearmTone": 0.15, "Pelvis_GluteusSize": 0.74, "Wrists_Size": 0.46, "Arms_ForearmMass": 0.05, "Pelvis_SizeX": 0.59, "Neck_Tone": 0.15, "Legs_LowerlegsMass": 0.05}, "manuellab_vers": [1, 6, 0], "metaproperties": {"last_character_age": 0.0, "character_tone": -0.35, "last_character_mass": -0.45, "character_mass": -0.45, "character_age": 0.0, "last_character_tone": -0.35}, "materialproperties": {}}