{"proportion_index": [0.6283, 0.5834, 0.3953, 0.1913, 0.3446], "structural": {"Torso_BreastTone": 0.518, "Torso_BreastMass": 0.75, "Cheeks_Tone": 0.59, "Pelvis_GluteusSize": 0.74, "Shoulders_Tone": 0.59, "Legs_LowerlegsTone": 0.59, "Abdomen_Tone": 0.59, "Arms_UpperarmTone": 0.59, "Stomach_LocalFat": 0.74, "Legs_UpperlegsTone": 0.59, "Pelvis_GluteusTone": 0.59, "Legs_KneeSize": 0.518, "Arms_ForearmTone": 0.59, "Shoulders_Length": 0.8, "Waist_Size": 0.018, "Torso_Mass": 0.62, "Wrists_Size": 0.509, "Torso_Tone": 0.59, "Pelvis_SizeX": 0.59, "Neck_Tone": 0.59}, "manuellab_vers": [1, 6, 0], "metaproperties": {"last_character_age": 0.0, "character_tone": 0.09, "last_character_mass": 0.0, "character_mass": 0.0, "character_age": 0.0, "last_character_tone": 0.09}, "materialproperties": {}}