{"proportion_index": [0.6867, 0.6713, 0.4944, 0.1887, 0.3544], "structural": {"Torso_BreastTone": 0.512, "Torso_BreastMass": 1.0, "Cheeks_Tone": 0.44, "Pelvis_GluteusSize": 0.74, "Shoulders_Tone": 0.44, "Abdomen_Tone": 0.44, "Arms_UpperarmTone": 0.44, "Stomach_LocalFat": 0.74, "Legs_UpperlegsTone": 0.44, "Pelvis_GluteusTone": 0.44, "Legs_LowerlegsTone": 0.44, "Arms_ForearmTone": 0.44, "Shoulders_Length": 0.8, "Waist_Size": -0.0006, "Torso_Mass": 0.62, "Wrists_Size": 0.497, "Torso_Tone": 0.44, "Pelvis_SizeX": 0.59, "Neck_Tone": 0.44}, "manuellab_vers": [1, 6, 0], "metaproperties": {"last_character_age": 0.0, "character_tone": -0.06, "last_character_mass": 0.0, "character_mass": 0.0, "character_age": 0.0, "last_character_tone": -0.06}, "materialproperties": {}}