{"proportion_index": [0.6928, 0.5862, 0.4861, 0.2272, 0.3795], "structural": {"Torso_BreastTone": 0.524, "Abdomen_Tone": 0.62, "Cheeks_Tone": 0.62, "Shoulders_Tone": 0.62, "Legs_UpperlegsMass": 0.77, "Feet_Mass": 0.77, "Hands_Mass": 0.77, "Legs_UpperlegsTone": 0.62, "Neck_Mass": 0.77, "Legs_LowerlegsTone": 0.62, "Shoulders_Length": 0.8, "Waist_Size": 0.078, "Shoulders_Mass": 0.77, "Torso_Tone": 0.62, "Cheeks_Mass": 0.77, "Torso_BreastMass": 0.25, "Arms_UpperarmMass": 0.77, "Pelvis_GluteusMass": 0.77, "Abdomen_Mass": 0.77, "Arms_UpperarmTone": 0.62, "Stomach_LocalFat": 0.7454, "Pelvis_GluteusTone": 0.62, "Stomach_Volume": 0.5054, "Legs_KneeSize": 0.578, "Arms_ForearmTone": 0.62, "Pelvis_GluteusSize": 0.74, "Torso_Mass": 0.89, "Wrists_Size": 0.539, "Arms_ForearmMass": 0.77, "Pelvis_SizeX": 0.59, "Neck_Tone": 0.62, "Legs_LowerlegsMass": 0.77}, "manuellab_vers": [1, 6, 0], "metaproperties": {"last_character_age": 0.0, "character_tone": 0.12, "last_character_mass": 0.27, "character_mass": 0.27, "character_age": 0.0, "last_character_tone": 0.12}, "materialproperties": {}}