{"proportion_index": [0.7568, 0.6731, 0.5524, 0.2685, 0.4364], "structural": {"Torso_BreastTone": 0.524, "Cheeks_Tone": 0.62, "Shoulders_Tone": 0.62, "Legs_UpperlegsMass": 1.04, "Feet_Mass": 1.04, "Abdomen_Tone": 0.62, "Legs_UpperlegsTone": 0.62, "Shoulders_Mass": 1.04, "Legs_LowerlegsTone": 0.62, "Shoulders_Length": 0.8, "Waist_Size": 0.132, "Neck_Mass": 1.04, "Torso_Tone": 0.62, "Cheeks_Mass": 1.04, "Hands_Mass": 1.04, "Arms_UpperarmMass": 1.04, "Pelvis_GluteusMass": 1.04, "Abdomen_Mass": 1.04, "Arms_UpperarmTone": 0.62, "Stomach_LocalFat": 0.7508, "Pelvis_GluteusTone": 0.62, "Stomach_Volume": 0.5108, "Legs_KneeSize": 0.632, "Arms_ForearmTone": 0.62, "Pelvis_GluteusSize": 0.74, "Torso_Mass": 1.16, "Wrists_Size": 0.566, "Arms_ForearmMass": 1.04, "Pelvis_SizeX": 0.59, "Neck_Tone": 0.62, "Legs_LowerlegsMass": 1.04}, "manuellab_vers": [1, 6, 0], "metaproperties": {"last_character_age": 0.0, "character_tone": 0.12, "last_character_mass": 0.54, "character_mass": 0.54, "character_age": 0.0, "last_character_tone": 0.12}, "materialproperties": {}}